listing_id,ad_type,title,price_eur,price_raw,price_per_sqm_eur,rent_monthly_eur,size_sqm,rooms_raw,rooms_category,layout_group,floor_raw,floor_numeric,total_floors,building,section,address,municipality,agency_name,is_owner,off_plan,condition,heating,year_built,parking,elevator,terrace,furnished,registered,is_duplicate,duplicate_count,duplicate_group_id,duplicate_agencies,published_date_raw,updated_date_raw,scraped_at,image_count,url,description
5425646532724,prodaja,"Beograd na vodi, BW Thalia, studio, useljiv uskoro",185000.0,185.000 €,5781.25,,32.0,0.5,,,,,,,,Ulica Sarajevska 40,Savski venac,,False,,,,,,,,,,True,36,dup-5425645010751-5425645471986-5425645612262-5425645612266-5425645612267-5425646062792-5425646162219-5425646175462-5425646237909-5425646237913-5425646339825-5425646432161-5425646532724-5425646642705-5425646775490-5425646855919-5425646978498-5425647007414-5425647055330-5425647103978-5425647104390-5425647138120-5425647146364-5425647163954-5425647193711-5425647230316-5425647230320-5425647243499-5425647243504-5425647258583-5425647327030-5425647352536-5425647394584-5425647409091-5425647430694-5425647455036,"[""Owner"", ""Unknown""]",,,2026-07-27T08:24:48.778539+00:00,2,https://www.halooglasi.com/nekretnine/prodaja-stanova/beograd-na-vodi-bw-thalia-studio-useljiv-usko/5425646532724?kid=3&sid=1785140695375,U pretrazi sajta možete željene oglase označiti kao izabrane i tako ih kasnije lakše pronaći. Želim da saznam više.
5425646175462,prodaja,BW Scala 54 | Beograd na vodi | Studio,185000.0,185.000 €,5285.71,,35.0,0.5,,,,,,,,,Savski venac,,False,,,,,,,,,,True,36,dup-5425645010751-5425645471986-5425645612262-5425645612266-5425645612267-5425646062792-5425646162219-5425646175462-5425646237909-5425646237913-5425646339825-5425646432161-5425646532724-5425646642705-5425646775490-5425646855919-5425646978498-5425647007414-5425647055330-5425647103978-5425647104390-5425647138120-5425647146364-5425647163954-5425647193711-5425647230316-5425647230320-5425647243499-5425647243504-5425647258583-5425647327030-5425647352536-5425647394584-5425647409091-5425647430694-5425647455036,"[""Owner"", ""Unknown""]",,,2026-07-27T08:24:48.778539+00:00,2,https://www.halooglasi.com/nekretnine/prodaja-stanova/bw-scala-54-beograd-na-vodi-studio/5425646175462?kid=1&sid=1785140695375,U pretrazi sajta možete željene oglase označiti kao izabrane i tako ih kasnije lakše pronaći. Želim da saznam više.
5425647230316,prodaja,"Beograd na vodi, BW Nika, studio, Useljiv uskoro",190000.0,190.000 €,5926.39,,32.06,0.5,,,,,,,,Ulica Sarajevska 40,Savski venac,,False,,,,,,,,,,True,36,dup-5425645010751-5425645471986-5425645612262-5425645612266-5425645612267-5425646062792-5425646162219-5425646175462-5425646237909-5425646237913-5425646339825-5425646432161-5425646532724-5425646642705-5425646775490-5425646855919-5425646978498-5425647007414-5425647055330-5425647103978-5425647104390-5425647138120-5425647146364-5425647163954-5425647193711-5425647230316-5425647230320-5425647243499-5425647243504-5425647258583-5425647327030-5425647352536-5425647394584-5425647409091-5425647430694-5425647455036,"[""Owner"", ""Unknown""]",,,2026-07-27T08:24:48.778539+00:00,2,https://www.halooglasi.com/nekretnine/prodaja-stanova/beograd-na-vodi-bw-nika-studio-useljiv-uskoro/5425647230316?kid=4&sid=1785140695375,U pretrazi sajta možete željene oglase označiti kao izabrane i tako ih kasnije lakše pronaći. Želim da saznam više.
5425646339825,prodaja,"BW Iris, studio, useljiv, odlična prilika ID#4221",185000.0,185.000 €,5781.25,,32.0,0.5,,,,,,,,"Ulica Hercegovačka 23/209, Savski Venac",Savski venac,,False,,,,,,,,,,True,36,dup-5425645010751-5425645471986-5425645612262-5425645612266-5425645612267-5425646062792-5425646162219-5425646175462-5425646237909-5425646237913-5425646339825-5425646432161-5425646532724-5425646642705-5425646775490-5425646855919-5425646978498-5425647007414-5425647055330-5425647103978-5425647104390-5425647138120-5425647146364-5425647163954-5425647193711-5425647230316-5425647230320-5425647243499-5425647243504-5425647258583-5425647327030-5425647352536-5425647394584-5425647409091-5425647430694-5425647455036,"[""Owner"", ""Unknown""]",,,2026-07-27T08:24:48.778539+00:00,2,https://www.halooglasi.com/nekretnine/prodaja-stanova/bw-iris-studio-useljiv-odlicna-prilika-id4221/5425646339825?kid=1&sid=1785140695375,U pretrazi sajta možete željene oglase označiti kao izabrane i tako ih kasnije lakše pronaći. Želim da saznam više.
5425647193711,prodaja,Zgrada BW Iris studio spa centar lux,185000.0,185.000 €,5781.25,,32.0,0.5,,,,,,,,,Savski venac,,True,,,,,,,,,,True,36,dup-5425645010751-5425645471986-5425645612262-5425645612266-5425645612267-5425646062792-5425646162219-5425646175462-5425646237909-5425646237913-5425646339825-5425646432161-5425646532724-5425646642705-5425646775490-5425646855919-5425646978498-5425647007414-5425647055330-5425647103978-5425647104390-5425647138120-5425647146364-5425647163954-5425647193711-5425647230316-5425647230320-5425647243499-5425647243504-5425647258583-5425647327030-5425647352536-5425647394584-5425647409091-5425647430694-5425647455036,"[""Owner"", ""Unknown""]",,,2026-07-27T08:24:48.778539+00:00,2,https://www.halooglasi.com/nekretnine/prodaja-stanova/zgrada-bw-iris-studio-spa-centar-lux/5425647193711?kid=1&sid=1785140695375,U pretrazi sajta možete željene oglase označiti kao izabrane i tako ih kasnije lakše pronaći. Želim da saznam više.
5425647051237,prodaja,"BW Metropolitan, LUX Studio, Useljiv",169900.0,169.900 €,5663.33,,30.0,0.5,,,,,,,,Ulica Sarajevska 40,Savski venac,,False,,,,,,,,,,True,11,dup-5425642734409-5425645233974-5425645798790-5425645988406-5425646143764-5425646839141-5425647051237-5425647176778-5425647296862-5425647403704-5425647409821,"[""Owner"", ""Unknown""]",,,2026-07-27T08:24:48.778539+00:00,2,https://www.halooglasi.com/nekretnine/prodaja-stanova/bw-metropolitan-lux-studio-useljiv/5425647051237?kid=4&sid=1785140695375,U pretrazi sajta možete željene oglase označiti kao izabrane i tako ih kasnije lakše pronaći. Želim da saznam više.
5425647230320,prodaja,"Beograd na vodi, BW Nika, Studio, Useljiv uskoro",185000.0,185.000 €,5702.84,,32.44,0.5,,,,,,,,Ulica Sarajevska 40,Savski venac,,False,,,,,,,,,,True,36,dup-5425645010751-5425645471986-5425645612262-5425645612266-5425645612267-5425646062792-5425646162219-5425646175462-5425646237909-5425646237913-5425646339825-5425646432161-5425646532724-5425646642705-5425646775490-5425646855919-5425646978498-5425647007414-5425647055330-5425647103978-5425647104390-5425647138120-5425647146364-5425647163954-5425647193711-5425647230316-5425647230320-5425647243499-5425647243504-5425647258583-5425647327030-5425647352536-5425647394584-5425647409091-5425647430694-5425647455036,"[""Owner"", ""Unknown""]",,,2026-07-27T08:24:48.778539+00:00,2,https://www.halooglasi.com/nekretnine/prodaja-stanova/beograd-na-vodi-bw-nika-studio-useljiv-uskoro/5425647230320?kid=4&sid=1785140695375,U pretrazi sajta možete željene oglase označiti kao izabrane i tako ih kasnije lakše pronaći. Želim da saznam više.
5425645798790,prodaja,"BW- Simfonija 1, 28m2, III, namešten",169900.0,169.900 €,6067.86,,28.0,0.5,,,,,,,,"Ulica Krunska 38, Beograd",Savski venac,,False,False,,,,,,,,,True,11,dup-5425642734409-5425645233974-5425645798790-5425645988406-5425646143764-5425646839141-5425647051237-5425647176778-5425647296862-5425647403704-5425647409821,"[""Owner"", ""Unknown""]",,,2026-07-27T08:24:48.778539+00:00,2,https://www.halooglasi.com/nekretnine/prodaja-stanova/bw--simfonija-1-28m2-iii-namesten/5425645798790?kid=1&sid=1785140695375,U pretrazi sajta možete željene oglase označiti kao izabrane i tako ih kasnije lakše pronaći. Želim da saznam više.
5425647146364,prodaja,BW Iris 01 | Beograd na vodi | 14. sprat | Panoram,185000.0,185.000 €,5702.84,,32.44,0.5,,,,,,,,,Savski venac,,False,,,,,,,,,,True,36,dup-5425645010751-5425645471986-5425645612262-5425645612266-5425645612267-5425646062792-5425646162219-5425646175462-5425646237909-5425646237913-5425646339825-5425646432161-5425646532724-5425646642705-5425646775490-5425646855919-5425646978498-5425647007414-5425647055330-5425647103978-5425647104390-5425647138120-5425647146364-5425647163954-5425647193711-5425647230316-5425647230320-5425647243499-5425647243504-5425647258583-5425647327030-5425647352536-5425647394584-5425647409091-5425647430694-5425647455036,"[""Owner"", ""Unknown""]",,,2026-07-27T08:24:48.778539+00:00,2,https://www.halooglasi.com/nekretnine/prodaja-stanova/bw-iris-01-beograd-na-vodi-14-sprat-panoram/5425647146364?kid=1&sid=1785140695375,U pretrazi sajta možete željene oglase označiti kao izabrane i tako ih kasnije lakše pronaći. Želim da saznam više.
5425645785412,prodaja,"Savski venac, Beograd na vodi - Hercegovačka",185000.0,185.000 €,6851.85,,27.0,0.5,,,,,,,,Ulica Beogradska br.71,Savski venac,,True,,,,,,,,,,True,4,dup-5425645785412-5425645802183-5425646308648-5425646479423,"[""Owner"", ""Unknown""]",,,2026-07-27T08:24:48.778539+00:00,2,https://www.halooglasi.com/nekretnine/prodaja-stanova/savski-venac-beograd-na-vodi---hercegovacka/5425645785412?kid=1&sid=1785140695375,U pretrazi sajta možete željene oglase označiti kao izabrane i tako ih kasnije lakše pronaći. Želim da saznam više.
5425646162219,prodaja,"Iris, studio, uskoro useljiv ID#1185",185000.0,185.000 €,5786.68,,31.97,0.5,,,,,,,,"Ulica Jedrenska 2, Beograd",Savski venac,,False,,,,,,,,,,True,36,dup-5425645010751-5425645471986-5425645612262-5425645612266-5425645612267-5425646062792-5425646162219-5425646175462-5425646237909-5425646237913-5425646339825-5425646432161-5425646532724-5425646642705-5425646775490-5425646855919-5425646978498-5425647007414-5425647055330-5425647103978-5425647104390-5425647138120-5425647146364-5425647163954-5425647193711-5425647230316-5425647230320-5425647243499-5425647243504-5425647258583-5425647327030-5425647352536-5425647394584-5425647409091-5425647430694-5425647455036,"[""Owner"", ""Unknown""]",,,2026-07-27T08:24:48.778539+00:00,2,https://www.halooglasi.com/nekretnine/prodaja-stanova/iris-studio-uskoro-useljiv-id1185/5425646162219?kid=1&sid=1785140695375,U pretrazi sajta možete željene oglase označiti kao izabrane i tako ih kasnije lakše pronaći. Želim da saznam više.
5425647394584,prodaja,"Alegra, u izgradnji, bez provizije ID#1289",189888.0,189.888 €,5437.8,,34.92,0.5,,,,,,,,"Ulica Jedrenska 2, Beograd",Savski venac,,False,True,,,,,,,,,True,36,dup-5425645010751-5425645471986-5425645612262-5425645612266-5425645612267-5425646062792-5425646162219-5425646175462-5425646237909-5425646237913-5425646339825-5425646432161-5425646532724-5425646642705-5425646775490-5425646855919-5425646978498-5425647007414-5425647055330-5425647103978-5425647104390-5425647138120-5425647146364-5425647163954-5425647193711-5425647230316-5425647230320-5425647243499-5425647243504-5425647258583-5425647327030-5425647352536-5425647394584-5425647409091-5425647430694-5425647455036,"[""Owner"", ""Unknown""]",,,2026-07-27T08:24:48.778539+00:00,2,https://www.halooglasi.com/nekretnine/prodaja-stanova/alegra-u-izgradnji-bez-provizije-id1289/5425647394584?kid=1&sid=1785140695375,U pretrazi sajta možete željene oglase označiti kao izabrane i tako ih kasnije lakše pronaći. Želim da saznam više.
5425647007414,prodaja,"BW Nika, studio, 32.44m2, uskoro useljiv",185000.0,185.000 €,5702.84,,32.44,0.5,,,,,,,,Ulica Makenzijeva 67,Savski venac,,False,True,,,,,,,,,True,36,dup-5425645010751-5425645471986-5425645612262-5425645612266-5425645612267-5425646062792-5425646162219-5425646175462-5425646237909-5425646237913-5425646339825-5425646432161-5425646532724-5425646642705-5425646775490-5425646855919-5425646978498-5425647007414-5425647055330-5425647103978-5425647104390-5425647138120-5425647146364-5425647163954-5425647193711-5425647230316-5425647230320-5425647243499-5425647243504-5425647258583-5425647327030-5425647352536-5425647394584-5425647409091-5425647430694-5425647455036,"[""Owner"", ""Unknown""]",,,2026-07-27T08:24:48.778539+00:00,2,https://www.halooglasi.com/nekretnine/prodaja-stanova/bw-nika-studio-32-44m2-uskoro-useljiv/5425647007414?kid=1&sid=1785140695375,U pretrazi sajta možete željene oglase označiti kao izabrane i tako ih kasnije lakše pronaći. Želim da saznam više.
5425647409091,prodaja,BW Nika 02 | Beograd na vodi | Odlična lokacija |,185000.0,185.000 €,5770.43,,32.06,0.5,,,,,,,,,Savski venac,,False,True,,,,,,,,,True,36,dup-5425645010751-5425645471986-5425645612262-5425645612266-5425645612267-5425646062792-5425646162219-5425646175462-5425646237909-5425646237913-5425646339825-5425646432161-5425646532724-5425646642705-5425646775490-5425646855919-5425646978498-5425647007414-5425647055330-5425647103978-5425647104390-5425647138120-5425647146364-5425647163954-5425647193711-5425647230316-5425647230320-5425647243499-5425647243504-5425647258583-5425647327030-5425647352536-5425647394584-5425647409091-5425647430694-5425647455036,"[""Owner"", ""Unknown""]",,,2026-07-27T08:24:48.778539+00:00,2,https://www.halooglasi.com/nekretnine/prodaja-stanova/bw-nika-02-beograd-na-vodi-odlicna-lokacija/5425647409091?kid=1&sid=1785140695375,U pretrazi sajta možete željene oglase označiti kao izabrane i tako ih kasnije lakše pronaći. Želim da saznam više.
5425645802183,prodaja,"Beograd na vodi,novogradnja namešten i odmah uselj",185000.0,185.000 €,6851.85,,27.0,0.5,,,,,,,,"Ulica Dositejeva 9/3, Beograd",Savski venac,,False,True,,,,,,,,,True,4,dup-5425645785412-5425645802183-5425646308648-5425646479423,"[""Owner"", ""Unknown""]",,,2026-07-27T08:24:48.778539+00:00,2,https://www.halooglasi.com/nekretnine/prodaja-stanova/beograd-na-vodi-novogradnja-namesten-i-odmah/5425645802183?kid=1&sid=1785140695375,U pretrazi sajta možete željene oglase označiti kao izabrane i tako ih kasnije lakše pronaći. Želim da saznam više.
5425647243504,prodaja,"Bw Nika, studio 32m2",176500.0,176.500 €,5515.62,,32.0,0.5,,,,,,,,Ulica Hercegovacka 14a,Savski venac,,False,True,,,,,,,,,True,36,dup-5425645010751-5425645471986-5425645612262-5425645612266-5425645612267-5425646062792-5425646162219-5425646175462-5425646237909-5425646237913-5425646339825-5425646432161-5425646532724-5425646642705-5425646775490-5425646855919-5425646978498-5425647007414-5425647055330-5425647103978-5425647104390-5425647138120-5425647146364-5425647163954-5425647193711-5425647230316-5425647230320-5425647243499-5425647243504-5425647258583-5425647327030-5425647352536-5425647394584-5425647409091-5425647430694-5425647455036,"[""Owner"", ""Unknown""]",,,2026-07-27T08:24:48.778539+00:00,2,https://www.halooglasi.com/nekretnine/prodaja-stanova/bw-nika-studio-32m2/5425647243504?kid=1&sid=1785140695375,U pretrazi sajta možete željene oglase označiti kao izabrane i tako ih kasnije lakše pronaći. Želim da saznam više.
5425647258583,prodaja,"BW Iris, studio, terasa, garaža, ID 25768",185000.0,185.000 €,5606.06,,33.0,0.5,,,,,,,,Ulica Uroša Martinovića 13,Savski venac,,False,True,,,,,,,,,True,36,dup-5425645010751-5425645471986-5425645612262-5425645612266-5425645612267-5425646062792-5425646162219-5425646175462-5425646237909-5425646237913-5425646339825-5425646432161-5425646532724-5425646642705-5425646775490-5425646855919-5425646978498-5425647007414-5425647055330-5425647103978-5425647104390-5425647138120-5425647146364-5425647163954-5425647193711-5425647230316-5425647230320-5425647243499-5425647243504-5425647258583-5425647327030-5425647352536-5425647394584-5425647409091-5425647430694-5425647455036,"[""Owner"", ""Unknown""]",,,2026-07-27T08:24:48.778539+00:00,2,https://www.halooglasi.com/nekretnine/prodaja-stanova/bw-iris-studio-terasa-garaza-id-25768/5425647258583?kid=4&sid=1785140695375,U pretrazi sajta možete željene oglase označiti kao izabrane i tako ih kasnije lakše pronaći. Želim da saznam više.
5425646217210,prodaja,"Belgrade Waterfront, Bella",265000.0,265.000 €,6162.79,,43.0,0.5,,,,,,,,Ulica Vladimira Popovića 38,Savski venac,,False,False,,,,,,,,,False,1,,[],,,2026-07-27T08:24:48.778539+00:00,2,https://www.halooglasi.com/nekretnine/prodaja-stanova/belgrade-waterfront-bella/5425646217210?kid=1&sid=1785140695375,U pretrazi sajta možete željene oglase označiti kao izabrane i tako ih kasnije lakše pronaći. Želim da saznam više.
5425647409821,prodaja,"BW, Simfonija, namešten 0.5 stan ID#15716",169900.0,169.900 €,5858.62,,29.0,0.5,,,,,,,,"Ulica Dositejeva 9/3, Beograd",Savski venac,,False,False,,,,,,,,,True,11,dup-5425642734409-5425645233974-5425645798790-5425645988406-5425646143764-5425646839141-5425647051237-5425647176778-5425647296862-5425647403704-5425647409821,"[""Owner"", ""Unknown""]",,,2026-07-27T08:24:48.778539+00:00,2,https://www.halooglasi.com/nekretnine/prodaja-stanova/bw-simfonija-namesten-0-5-stan-id15716/5425647409821?kid=1&sid=1785140695375,U pretrazi sajta možete željene oglase označiti kao izabrane i tako ih kasnije lakše pronaći. Želim da saznam više.
5425646479423,prodaja,"Moderan studio u BW Simfonija, 28m2, garaža",185000.0,185.000 €,6607.14,,28.0,0.5,,,,,,,,Ulica Bulevar despota Stefana 64a,Savski venac,,False,False,,,,,,,,,True,4,dup-5425645785412-5425645802183-5425646308648-5425646479423,"[""Owner"", ""Unknown""]",,,2026-07-27T08:24:48.778539+00:00,2,https://www.halooglasi.com/nekretnine/prodaja-stanova/moderan-studio-u-bw-simfonija-28m2-garaza/5425646479423?kid=1&sid=1785140695375,U pretrazi sajta možete željene oglase označiti kao izabrane i tako ih kasnije lakše pronaći. Želim da saznam više.
5425647176778,prodaja,bw metropolitan stan sa pogledom na reku,169900.0,169.900 €,5858.62,,29.0,0.5,,,,,,,,,Savski venac,,True,,,,,,,,,,True,11,dup-5425642734409-5425645233974-5425645798790-5425645988406-5425646143764-5425646839141-5425647051237-5425647176778-5425647296862-5425647403704-5425647409821,"[""Owner"", ""Unknown""]",,,2026-07-27T08:24:48.778539+00:00,2,https://www.halooglasi.com/nekretnine/prodaja-stanova/bw-metropolitan-stan-sa-pogledom-na-reku/5425647176778?kid=1&sid=1785140695375,U pretrazi sajta možete željene oglase označiti kao izabrane i tako ih kasnije lakše pronaći. Želim da saznam više.
5425647243499,prodaja,"BW Thalia, useljiv, neverovatan pogled ID#4287",175000.0,175.000 €,5394.57,,32.44,0.5,,,,,,,,"Ulica Hercegovačka 23/209, Savski Venac",Savski venac,,False,,,,,,,,,,True,36,dup-5425645010751-5425645471986-5425645612262-5425645612266-5425645612267-5425646062792-5425646162219-5425646175462-5425646237909-5425646237913-5425646339825-5425646432161-5425646532724-5425646642705-5425646775490-5425646855919-5425646978498-5425647007414-5425647055330-5425647103978-5425647104390-5425647138120-5425647146364-5425647163954-5425647193711-5425647230316-5425647230320-5425647243499-5425647243504-5425647258583-5425647327030-5425647352536-5425647394584-5425647409091-5425647430694-5425647455036,"[""Owner"", ""Unknown""]",,,2026-07-27T08:24:48.778539+00:00,2,https://www.halooglasi.com/nekretnine/prodaja-stanova/bw-thalia-useljiv-neverovatan-pogled-id4287/5425647243499?kid=1&sid=1785140695375,U pretrazi sajta možete željene oglase označiti kao izabrane i tako ih kasnije lakše pronaći. Želim da saznam više.
5425646432161,prodaja,Garsonjera od 32kvm u BW Eden,169900.0,169.900 €,5299.44,,32.06,1.0,0.0,Studio,,,,,,"Ulica Vidovdanska 3, lokal br.2",Savski venac,,False,,,,,,,,,,True,36,dup-5425645010751-5425645471986-5425645612262-5425645612266-5425645612267-5425646062792-5425646162219-5425646175462-5425646237909-5425646237913-5425646339825-5425646432161-5425646532724-5425646642705-5425646775490-5425646855919-5425646978498-5425647007414-5425647055330-5425647103978-5425647104390-5425647138120-5425647146364-5425647163954-5425647193711-5425647230316-5425647230320-5425647243499-5425647243504-5425647258583-5425647327030-5425647352536-5425647394584-5425647409091-5425647430694-5425647455036,"[""Owner"", ""Unknown""]",,,2026-07-27T08:24:48.778539+00:00,2,https://www.halooglasi.com/nekretnine/prodaja-stanova/garsonjera-od-32kvm-u-bw-eden/5425646432161?kid=1&sid=1785140748902,U pretrazi sajta možete željene oglase označiti kao izabrane i tako ih kasnije lakše pronaći. Želim da saznam više.
5425646855919,prodaja,BW Iris 33.15 sa baštom od 31m2 ukupno 64m2,185000.0,185.000 €,5580.69,,33.15,1.0,,,,,,,,Ulica Hercegovačka 15,Savski venac,,False,,,,,,,,,,True,36,dup-5425645010751-5425645471986-5425645612262-5425645612266-5425645612267-5425646062792-5425646162219-5425646175462-5425646237909-5425646237913-5425646339825-5425646432161-5425646532724-5425646642705-5425646775490-5425646855919-5425646978498-5425647007414-5425647055330-5425647103978-5425647104390-5425647138120-5425647146364-5425647163954-5425647193711-5425647230316-5425647230320-5425647243499-5425647243504-5425647258583-5425647327030-5425647352536-5425647394584-5425647409091-5425647430694-5425647455036,"[""Owner"", ""Unknown""]",,,2026-07-27T08:24:48.778539+00:00,2,https://www.halooglasi.com/nekretnine/prodaja-stanova/bw-iris-33-15-sa-bastom-od-31m2-ukupno-64m2/5425646855919?kid=1&sid=1785140748902,U pretrazi sajta možete željene oglase označiti kao izabrane i tako ih kasnije lakše pronaći. Želim da saznam više.
5425646839141,prodaja,Bw Metropolitan Studio,169900.0,169.900 €,5822.48,,29.18,1.0,,,,,,,,Ulica Šumatovačka 36,Savski venac,,False,,,,,,,,,,True,11,dup-5425642734409-5425645233974-5425645798790-5425645988406-5425646143764-5425646839141-5425647051237-5425647176778-5425647296862-5425647403704-5425647409821,"[""Owner"", ""Unknown""]",,,2026-07-27T08:24:48.778539+00:00,2,https://www.halooglasi.com/nekretnine/prodaja-stanova/bw-metropolitan-studio/5425646839141?kid=4&sid=1785140748902,U pretrazi sajta možete željene oglase označiti kao izabrane i tako ih kasnije lakše pronaći. Želim da saznam više.
5425645402852,prodaja,"Bw Libera 35,6 m2 stan 1.0",222000.0,222.000 €,6235.96,,35.6,1.0,,,,,,,,Ulica Bulevar Zorana Đinđića 45V,Savski venac,,False,,,,,,,,,,True,2,dup-5425645402852-5425647334206,"[""Owner"", ""Unknown""]",,,2026-07-27T08:24:48.778539+00:00,2,https://www.halooglasi.com/nekretnine/prodaja-stanova/bw-libera-35-6-m2-stan-1-0/5425645402852?kid=1&sid=1785140748902,U pretrazi sajta možete željene oglase označiti kao izabrane i tako ih kasnije lakše pronaći. Želim da saznam više.
5425646062792,prodaja,"Lux stan,Beograd na vodi",185000.0,185.000 €,6166.67,,30.0,1.0,,,,,,,,,Savski venac,,True,,,,,,,,,,True,36,dup-5425645010751-5425645471986-5425645612262-5425645612266-5425645612267-5425646062792-5425646162219-5425646175462-5425646237909-5425646237913-5425646339825-5425646432161-5425646532724-5425646642705-5425646775490-5425646855919-5425646978498-5425647007414-5425647055330-5425647103978-5425647104390-5425647138120-5425647146364-5425647163954-5425647193711-5425647230316-5425647230320-5425647243499-5425647243504-5425647258583-5425647327030-5425647352536-5425647394584-5425647409091-5425647430694-5425647455036,"[""Owner"", ""Unknown""]",,,2026-07-27T08:24:48.778539+00:00,2,https://www.halooglasi.com/nekretnine/prodaja-stanova/lux-stan-beograd-na-vodi/5425646062792?kid=1&sid=1785140748902,U pretrazi sajta možete željene oglase označiti kao izabrane i tako ih kasnije lakše pronaći. Želim da saznam više.
5425645612267,prodaja,"Bw Iris, studio od 33m2 sa dvorištem",185000.0,185.000 €,5580.69,,33.15,1.0,,,,,,,,,Savski venac,,False,True,,,,,,,,,True,36,dup-5425645010751-5425645471986-5425645612262-5425645612266-5425645612267-5425646062792-5425646162219-5425646175462-5425646237909-5425646237913-5425646339825-5425646432161-5425646532724-5425646642705-5425646775490-5425646855919-5425646978498-5425647007414-5425647055330-5425647103978-5425647104390-5425647138120-5425647146364-5425647163954-5425647193711-5425647230316-5425647230320-5425647243499-5425647243504-5425647258583-5425647327030-5425647352536-5425647394584-5425647409091-5425647430694-5425647455036,"[""Owner"", ""Unknown""]",,,2026-07-27T08:24:48.778539+00:00,2,https://www.halooglasi.com/nekretnine/prodaja-stanova/bw-iris-studio-od-33m2-sa-dvoristem/5425645612267?kid=1&sid=1785140748902,U pretrazi sajta možete željene oglase označiti kao izabrane i tako ih kasnije lakše pronaći. Želim da saznam više.
5425646237909,prodaja,Na prodaju luksuzan stan u zgradi Bw Iris,185000.0,185.000 €,5967.74,,31.0,1.0,,,,,,,,,Savski venac,,False,,,,,,,,,,True,36,dup-5425645010751-5425645471986-5425645612262-5425645612266-5425645612267-5425646062792-5425646162219-5425646175462-5425646237909-5425646237913-5425646339825-5425646432161-5425646532724-5425646642705-5425646775490-5425646855919-5425646978498-5425647007414-5425647055330-5425647103978-5425647104390-5425647138120-5425647146364-5425647163954-5425647193711-5425647230316-5425647230320-5425647243499-5425647243504-5425647258583-5425647327030-5425647352536-5425647394584-5425647409091-5425647430694-5425647455036,"[""Owner"", ""Unknown""]",,,2026-07-27T08:24:48.778539+00:00,2,https://www.halooglasi.com/nekretnine/prodaja-stanova/na-prodaju-luksuzan-stan-u-zgradi-bw-iris/5425646237909?kid=1&sid=1785140748902,U pretrazi sajta možete željene oglase označiti kao izabrane i tako ih kasnije lakše pronaći. Želim da saznam više.
5425647103978,prodaja,BW Thalia - Pogled Savski trg - Studio,175000.0,175.000 €,5468.75,,32.0,1.0,,,,,,,,Ulica Kneza Miloša 9,Savski venac,,False,,,,,,,,,,True,36,dup-5425645010751-5425645471986-5425645612262-5425645612266-5425645612267-5425646062792-5425646162219-5425646175462-5425646237909-5425646237913-5425646339825-5425646432161-5425646532724-5425646642705-5425646775490-5425646855919-5425646978498-5425647007414-5425647055330-5425647103978-5425647104390-5425647138120-5425647146364-5425647163954-5425647193711-5425647230316-5425647230320-5425647243499-5425647243504-5425647258583-5425647327030-5425647352536-5425647394584-5425647409091-5425647430694-5425647455036,"[""Owner"", ""Unknown""]",,,2026-07-27T08:24:48.778539+00:00,2,https://www.halooglasi.com/nekretnine/prodaja-stanova/bw-thalia---pogled-savski-trg---studio/5425647103978?kid=4&sid=1785140748902,U pretrazi sajta možete željene oglase označiti kao izabrane i tako ih kasnije lakše pronaći. Želim da saznam više.
5425647327030,prodaja,"Bw Diva , studio , 34m2",169900.0,169.900 €,5055.04,,33.61,1.0,,,,,,,,Ulica Hercegovacka 14a,Savski venac,,False,True,,,,,,,,,True,36,dup-5425645010751-5425645471986-5425645612262-5425645612266-5425645612267-5425646062792-5425646162219-5425646175462-5425646237909-5425646237913-5425646339825-5425646432161-5425646532724-5425646642705-5425646775490-5425646855919-5425646978498-5425647007414-5425647055330-5425647103978-5425647104390-5425647138120-5425647146364-5425647163954-5425647193711-5425647230316-5425647230320-5425647243499-5425647243504-5425647258583-5425647327030-5425647352536-5425647394584-5425647409091-5425647430694-5425647455036,"[""Owner"", ""Unknown""]",,,2026-07-27T08:24:48.778539+00:00,2,https://www.halooglasi.com/nekretnine/prodaja-stanova/bw-diva-studio-34m2/5425647327030?kid=1&sid=1785140748902,U pretrazi sajta možete željene oglase označiti kao izabrane i tako ih kasnije lakše pronaći. Želim da saznam više.
5425647455036,prodaja,Studio u BW Nika – sada po ceni od 176.500evra,169900.0,169.900 €,5309.38,,32.0,1.0,,,,,,,,Ulica Hercegovačka 15,Savski venac,,False,,,,,,,,,,True,36,dup-5425645010751-5425645471986-5425645612262-5425645612266-5425645612267-5425646062792-5425646162219-5425646175462-5425646237909-5425646237913-5425646339825-5425646432161-5425646532724-5425646642705-5425646775490-5425646855919-5425646978498-5425647007414-5425647055330-5425647103978-5425647104390-5425647138120-5425647146364-5425647163954-5425647193711-5425647230316-5425647230320-5425647243499-5425647243504-5425647258583-5425647327030-5425647352536-5425647394584-5425647409091-5425647430694-5425647455036,"[""Owner"", ""Unknown""]",,,2026-07-27T08:24:48.778539+00:00,2,https://www.halooglasi.com/nekretnine/prodaja-stanova/studio-u-bw-nika-sada-po-ceni-od-176-500evra/5425647455036?kid=4&sid=1785140748902,U pretrazi sajta možete željene oglase označiti kao izabrane i tako ih kasnije lakše pronaći. Želim da saznam više.
5425647138120,prodaja,"BW- Iris, 32.06m2, XIV, lux",169900.0,169.900 €,5309.38,,32.0,1.0,,,,,,,,"Ulica Krunska 38, Beograd",Savski venac,,False,,,,,,,,,,True,36,dup-5425645010751-5425645471986-5425645612262-5425645612266-5425645612267-5425646062792-5425646162219-5425646175462-5425646237909-5425646237913-5425646339825-5425646432161-5425646532724-5425646642705-5425646775490-5425646855919-5425646978498-5425647007414-5425647055330-5425647103978-5425647104390-5425647138120-5425647146364-5425647163954-5425647193711-5425647230316-5425647230320-5425647243499-5425647243504-5425647258583-5425647327030-5425647352536-5425647394584-5425647409091-5425647430694-5425647455036,"[""Owner"", ""Unknown""]",,,2026-07-27T08:24:48.778539+00:00,2,https://www.halooglasi.com/nekretnine/prodaja-stanova/bw--iris-32-06m2-xiv-lux/5425647138120?kid=4&sid=1785140748902,U pretrazi sajta možete željene oglase označiti kao izabrane i tako ih kasnije lakše pronaći. Želim da saznam više.
5425647403704,prodaja,BW Vista 16 | Uknjižen | Opremljen,169900.0,169.900 €,6067.86,,28.0,1.0,,,,,,,,,Savski venac,,False,,,,,,,,,,True,11,dup-5425642734409-5425645233974-5425645798790-5425645988406-5425646143764-5425646839141-5425647051237-5425647176778-5425647296862-5425647403704-5425647409821,"[""Owner"", ""Unknown""]",,,2026-07-27T08:24:48.778539+00:00,2,https://www.halooglasi.com/nekretnine/prodaja-stanova/bw-vista-16-uknjizen-opremljen/5425647403704?kid=1&sid=1785140748902,U pretrazi sajta možete željene oglase označiti kao izabrane i tako ih kasnije lakše pronaći. Želim da saznam više.
5425646143764,prodaja,Namešten i izdat stan u Arcadiji BW,169900.0,169.900 €,5663.33,,30.0,1.0,,,,,,,,,Savski venac,,True,,,,,,,,,,True,11,dup-5425642734409-5425645233974-5425645798790-5425645988406-5425646143764-5425646839141-5425647051237-5425647176778-5425647296862-5425647403704-5425647409821,"[""Owner"", ""Unknown""]",,,2026-07-27T08:24:48.778539+00:00,2,https://www.halooglasi.com/nekretnine/prodaja-stanova/namesten-i-izdat-stan-u-arcadiji-bw/5425646143764?kid=1&sid=1785140748902,U pretrazi sajta možete željene oglase označiti kao izabrane i tako ih kasnije lakše pronaći. Želim da saznam više.
5425642734409,prodaja,"BW- Metropolitan, 29m2, 1.0",169900.0,169.900 €,5858.62,,29.0,1.0,,,,,,,,"Ulica Krunska 38, Beograd",Savski venac,,False,,,,,,,,,,True,11,dup-5425642734409-5425645233974-5425645798790-5425645988406-5425646143764-5425646839141-5425647051237-5425647176778-5425647296862-5425647403704-5425647409821,"[""Owner"", ""Unknown""]",,,2026-07-27T08:24:48.778539+00:00,2,https://www.halooglasi.com/nekretnine/prodaja-stanova/bw--metropolitan-29m2-1-0/5425642734409?kid=4&sid=1785140748902,U pretrazi sajta možete željene oglase označiti kao izabrane i tako ih kasnije lakše pronaći. Želim da saznam više.
5425646642705,prodaja,"Prodaja 1.0 stana, Beograd na vodi, Aria",180000.0,180.000 €,5142.86,,35.0,1.0,,,,,,,,Ulica Beogradska 8,Savski venac,,False,,,,,,,,,,True,36,dup-5425645010751-5425645471986-5425645612262-5425645612266-5425645612267-5425646062792-5425646162219-5425646175462-5425646237909-5425646237913-5425646339825-5425646432161-5425646532724-5425646642705-5425646775490-5425646855919-5425646978498-5425647007414-5425647055330-5425647103978-5425647104390-5425647138120-5425647146364-5425647163954-5425647193711-5425647230316-5425647230320-5425647243499-5425647243504-5425647258583-5425647327030-5425647352536-5425647394584-5425647409091-5425647430694-5425647455036,"[""Owner"", ""Unknown""]",,,2026-07-27T08:24:48.778539+00:00,2,https://www.halooglasi.com/nekretnine/prodaja-stanova/prodaja-1-0-stana-beograd-na-vodi-aria/5425646642705?kid=1&sid=1785140748902,U pretrazi sajta možete željene oglase označiti kao izabrane i tako ih kasnije lakše pronaći. Želim da saznam više.
5425645988406,prodaja,"BW- Metropolitan, 29m2,",169900.0,169.900 €,5858.62,,29.0,1.0,,,,,,,,"Ulica Krunska 38, Beograd",Savski venac,,False,,,,,,,,,,True,11,dup-5425642734409-5425645233974-5425645798790-5425645988406-5425646143764-5425646839141-5425647051237-5425647176778-5425647296862-5425647403704-5425647409821,"[""Owner"", ""Unknown""]",,,2026-07-27T08:24:48.778539+00:00,2,https://www.halooglasi.com/nekretnine/prodaja-stanova/bw--metropolitan-29m2/5425645988406?kid=1&sid=1785140748902,U pretrazi sajta možete željene oglase označiti kao izabrane i tako ih kasnije lakše pronaći. Želim da saznam više.
5425646775490,prodaja,Bw Eden Studio,169900.0,169.900 €,5309.38,,32.0,1.0,,,,,,,,Ulica Šumatovačka 36,Savski venac,,False,,,,,,,,,,True,36,dup-5425645010751-5425645471986-5425645612262-5425645612266-5425645612267-5425646062792-5425646162219-5425646175462-5425646237909-5425646237913-5425646339825-5425646432161-5425646532724-5425646642705-5425646775490-5425646855919-5425646978498-5425647007414-5425647055330-5425647103978-5425647104390-5425647138120-5425647146364-5425647163954-5425647193711-5425647230316-5425647230320-5425647243499-5425647243504-5425647258583-5425647327030-5425647352536-5425647394584-5425647409091-5425647430694-5425647455036,"[""Owner"", ""Unknown""]",,,2026-07-27T08:24:48.778539+00:00,2,https://www.halooglasi.com/nekretnine/prodaja-stanova/bw-eden-studio/5425646775490?kid=1&sid=1785140748902,U pretrazi sajta možete željene oglase označiti kao izabrane i tako ih kasnije lakše pronaći. Želim da saznam više.
5425645612266,prodaja,"Bw Iris, studio sa prelepim pogledom od 32m2",185000.0,185.000 €,5786.68,,31.97,1.0,,,,,,,,"Ulica Omladinskih brigada 86v, Novi Beograd",Savski venac,,False,True,,,,,,,,,True,36,dup-5425645010751-5425645471986-5425645612262-5425645612266-5425645612267-5425646062792-5425646162219-5425646175462-5425646237909-5425646237913-5425646339825-5425646432161-5425646532724-5425646642705-5425646775490-5425646855919-5425646978498-5425647007414-5425647055330-5425647103978-5425647104390-5425647138120-5425647146364-5425647163954-5425647193711-5425647230316-5425647230320-5425647243499-5425647243504-5425647258583-5425647327030-5425647352536-5425647394584-5425647409091-5425647430694-5425647455036,"[""Owner"", ""Unknown""]",,,2026-07-27T08:24:48.778539+00:00,2,https://www.halooglasi.com/nekretnine/prodaja-stanova/bw-iris-studio-sa-prelepim-pogledom-od-32m2/5425645612266?kid=1&sid=1785140748902,U pretrazi sajta možete željene oglase označiti kao izabrane i tako ih kasnije lakše pronaći. Želim da saznam više.
5425645963482,prodaja,"St Regis, 57m2",399000.0,399.000 €,7000.0,,57.0,1.0,,,,,,,,Ulica Hercegovacka 14a,Savski venac,,False,,,,,,,,,,True,3,dup-5425645963482-5425646789349-5425646824170,"[""Owner"", ""Unknown""]",,,2026-07-27T08:24:48.778539+00:00,2,https://www.halooglasi.com/nekretnine/prodaja-stanova/st-regis-57m2/5425645963482?kid=1&sid=1785140748902,U pretrazi sajta možete željene oglase označiti kao izabrane i tako ih kasnije lakše pronaći. Želim da saznam više.
5425647430694,prodaja,Garsonjera u BW Eden sa garažnim mestom,169900.0,169.900 €,5309.38,,32.0,1.0,0.0,Studio,,,,,,,Savski venac,,False,,,,,,,,,,True,36,dup-5425645010751-5425645471986-5425645612262-5425645612266-5425645612267-5425646062792-5425646162219-5425646175462-5425646237909-5425646237913-5425646339825-5425646432161-5425646532724-5425646642705-5425646775490-5425646855919-5425646978498-5425647007414-5425647055330-5425647103978-5425647104390-5425647138120-5425647146364-5425647163954-5425647193711-5425647230316-5425647230320-5425647243499-5425647243504-5425647258583-5425647327030-5425647352536-5425647394584-5425647409091-5425647430694-5425647455036,"[""Owner"", ""Unknown""]",,,2026-07-27T08:24:48.778539+00:00,2,https://www.halooglasi.com/nekretnine/prodaja-stanova/garsonjera-u-bw-eden-sa-garaznim-mestom/5425647430694?kid=3&sid=1785140748902,U pretrazi sajta možete željene oglase označiti kao izabrane i tako ih kasnije lakše pronaći. Želim da saznam više.
5425645233974,prodaja,"Beograd na vodi, Bw Simfonija 1, 27 m2",169900.0,169.900 €,6198.47,,27.41,1.0,,,,,,,,Ulica Hercegovacka 14a,Savski venac,,False,,,,,,,,,,True,11,dup-5425642734409-5425645233974-5425645798790-5425645988406-5425646143764-5425646839141-5425647051237-5425647176778-5425647296862-5425647403704-5425647409821,"[""Owner"", ""Unknown""]",,,2026-07-27T08:24:48.778539+00:00,2,https://www.halooglasi.com/nekretnine/prodaja-stanova/beograd-na-vodi-bw-simfonija-1-27-m2/5425645233974?kid=1&sid=1785140748902,U pretrazi sajta možete željene oglase označiti kao izabrane i tako ih kasnije lakše pronaći. Želim da saznam više.
5425646308648,prodaja,BW sa pogledom na park! ID#134678,185000.0,185.000 €,6851.85,,27.0,1.0,,,,,,,,Ulica Bulevar Arsenija Čarnojevića 108/4,Savski venac,,False,,,,,,,,,,True,4,dup-5425645785412-5425645802183-5425646308648-5425646479423,"[""Owner"", ""Unknown""]",,,2026-07-27T08:24:48.778539+00:00,2,https://www.halooglasi.com/nekretnine/prodaja-stanova/bw-sa-pogledom-na-park-id134678/5425646308648?kid=1&sid=1785140748902,U pretrazi sajta možete željene oglase označiti kao izabrane i tako ih kasnije lakše pronaći. Želim da saznam više.
5425647352536,prodaja,Studio Bw Eden,169900.0,169.900 €,5309.38,,32.0,1.0,,,,,,,,Ulica Zlatiborska 43,Savski venac,,False,,,,,,,,,,True,36,dup-5425645010751-5425645471986-5425645612262-5425645612266-5425645612267-5425646062792-5425646162219-5425646175462-5425646237909-5425646237913-5425646339825-5425646432161-5425646532724-5425646642705-5425646775490-5425646855919-5425646978498-5425647007414-5425647055330-5425647103978-5425647104390-5425647138120-5425647146364-5425647163954-5425647193711-5425647230316-5425647230320-5425647243499-5425647243504-5425647258583-5425647327030-5425647352536-5425647394584-5425647409091-5425647430694-5425647455036,"[""Owner"", ""Unknown""]",,,2026-07-27T08:24:48.778539+00:00,2,https://www.halooglasi.com/nekretnine/prodaja-stanova/studio-bw-eden/5425647352536?kid=1&sid=1785140748902,U pretrazi sajta možete željene oglase označiti kao izabrane i tako ih kasnije lakše pronaći. Želim da saznam više.
5425645471986,prodaja,BW Scala- zvezdano nebo,169900.0,169.900 €,4997.06,,34.0,1.0,,,,,,,,Ulica Luke Ćelovića Trebinjca 11 A,Savski venac,,False,,,,,,,,,,True,36,dup-5425645010751-5425645471986-5425645612262-5425645612266-5425645612267-5425646062792-5425646162219-5425646175462-5425646237909-5425646237913-5425646339825-5425646432161-5425646532724-5425646642705-5425646775490-5425646855919-5425646978498-5425647007414-5425647055330-5425647103978-5425647104390-5425647138120-5425647146364-5425647163954-5425647193711-5425647230316-5425647230320-5425647243499-5425647243504-5425647258583-5425647327030-5425647352536-5425647394584-5425647409091-5425647430694-5425647455036,"[""Owner"", ""Unknown""]",,,2026-07-27T08:24:48.778539+00:00,2,https://www.halooglasi.com/nekretnine/prodaja-stanova/bw-scala--zvezdano-nebo/5425645471986?kid=1&sid=1785140748902,U pretrazi sajta možete željene oglase označiti kao izabrane i tako ih kasnije lakše pronaći. Želim da saznam više.
5425647054240,prodaja,"BW Hudson, prva linija do reke ID#4455",418000.0,418.000 €,6741.94,,62.0,1.0,,,,,,,,"Ulica Hercegovačka 23/209, Savski Venac",Savski venac,,False,False,,,,,,,,,True,17,dup-5425645449861-5425646096448-5425646442394-5425646484077-5425646532426-5425647051001-5425647051002-5425647054238-5425647054240-5425647054242-5425647054578-5425647056812-5425647056828-5425647056838-5425647077181-5425647350299-5425647361939,"[""Owner"", ""Unknown""]",,,2026-07-27T08:24:48.778539+00:00,2,https://www.halooglasi.com/nekretnine/prodaja-stanova/bw-hudson-prva-linija-do-reke-id4455/5425647054240?kid=1&sid=1785140748902,U pretrazi sajta možete željene oglase označiti kao izabrane i tako ih kasnije lakše pronaći. Želim da saznam više.
5425647055330,prodaja,"BW- Iris, 32.06m2, XIV, lux",185000.0,185.000 €,5781.25,,32.0,1.0,,,,,,,,"Ulica Krunska 38, Beograd",Savski venac,,False,,,,,,,,,,True,36,dup-5425645010751-5425645471986-5425645612262-5425645612266-5425645612267-5425646062792-5425646162219-5425646175462-5425646237909-5425646237913-5425646339825-5425646432161-5425646532724-5425646642705-5425646775490-5425646855919-5425646978498-5425647007414-5425647055330-5425647103978-5425647104390-5425647138120-5425647146364-5425647163954-5425647193711-5425647230316-5425647230320-5425647243499-5425647243504-5425647258583-5425647327030-5425647352536-5425647394584-5425647409091-5425647430694-5425647455036,"[""Owner"", ""Unknown""]",,,2026-07-27T08:24:48.778539+00:00,2,https://www.halooglasi.com/nekretnine/prodaja-stanova/bw--iris-32-06m2-xiv-lux/5425647055330?kid=1&sid=1785140748902,U pretrazi sajta možete željene oglase označiti kao izabrane i tako ih kasnije lakše pronaći. Želim da saznam više.
5425647077181,prodaja,"BW Hudson, prva linija do reke, pogled na park ID#",399000.0,399.000 €,6435.48,,62.0,1.0,,,,,,,,"Ulica Hercegovačka 23/209, Savski Venac",Savski venac,,False,False,,,,,,,,,True,17,dup-5425645449861-5425646096448-5425646442394-5425646484077-5425646532426-5425647051001-5425647051002-5425647054238-5425647054240-5425647054242-5425647054578-5425647056812-5425647056828-5425647056838-5425647077181-5425647350299-5425647361939,"[""Owner"", ""Unknown""]",,,2026-07-27T08:24:48.778539+00:00,2,https://www.halooglasi.com/nekretnine/prodaja-stanova/bw-hudson-prva-linija-do-reke-pogled-na-park/5425647077181?kid=1&sid=1785140748902,U pretrazi sajta možete željene oglase označiti kao izabrane i tako ih kasnije lakše pronaći. Želim da saznam više.
5425645612262,prodaja,"Bw Iris, studio sa prelepim pogledom od 32m2",185000.0,185.000 €,5783.06,,31.99,1.0,,,,,,,,"Ulica Omladinskih brigada 86v, Novi Beograd",Savski venac,,False,True,,,,,,,,,True,36,dup-5425645010751-5425645471986-5425645612262-5425645612266-5425645612267-5425646062792-5425646162219-5425646175462-5425646237909-5425646237913-5425646339825-5425646432161-5425646532724-5425646642705-5425646775490-5425646855919-5425646978498-5425647007414-5425647055330-5425647103978-5425647104390-5425647138120-5425647146364-5425647163954-5425647193711-5425647230316-5425647230320-5425647243499-5425647243504-5425647258583-5425647327030-5425647352536-5425647394584-5425647409091-5425647430694-5425647455036,"[""Owner"", ""Unknown""]",,,2026-07-27T08:24:48.778539+00:00,2,https://www.halooglasi.com/nekretnine/prodaja-stanova/bw-iris-studio-sa-prelepim-pogledom-od-32m2/5425645612262?kid=1&sid=1785140748902,U pretrazi sajta možete željene oglase označiti kao izabrane i tako ih kasnije lakše pronaći. Želim da saznam više.
5425647285557,prodaja,BW Libera - Investiciona prilika - Studio stan,195000.0,195.000 €,5316.25,,36.68,1.0,,,,,,,,Ulica Luke Ćelovića Trebinjca 18,Savski venac,,False,True,,,,,,,,,False,1,,[],,,2026-07-27T08:24:48.778539+00:00,2,https://www.halooglasi.com/nekretnine/prodaja-stanova/bw-libera---investiciona-prilika---studio-sta/5425647285557?kid=4&sid=1785140748902,U pretrazi sajta možete željene oglase označiti kao izabrane i tako ih kasnije lakše pronaći. Želim da saznam više.
5425645010751,prodaja,Studio u zgradi BW Alegra - bez provizije,169900.0,169.900 €,4931.79,,34.45,1.0,,,,,,,,Ulica Bulevar Mihajla Pupina 165g,Savski venac,,False,,,,,,,,,,True,36,dup-5425645010751-5425645471986-5425645612262-5425645612266-5425645612267-5425646062792-5425646162219-5425646175462-5425646237909-5425646237913-5425646339825-5425646432161-5425646532724-5425646642705-5425646775490-5425646855919-5425646978498-5425647007414-5425647055330-5425647103978-5425647104390-5425647138120-5425647146364-5425647163954-5425647193711-5425647230316-5425647230320-5425647243499-5425647243504-5425647258583-5425647327030-5425647352536-5425647394584-5425647409091-5425647430694-5425647455036,"[""Owner"", ""Unknown""]",,,2026-07-27T08:24:48.778539+00:00,2,https://www.halooglasi.com/nekretnine/prodaja-stanova/studio-u-zgradi-bw-alegra---bez-provizije/5425645010751?kid=1&sid=1785140748902,U pretrazi sajta možete željene oglase označiti kao izabrane i tako ih kasnije lakše pronaći. Želim da saznam više.
5425647296862,prodaja,"Beograd na vodi, Bw Metropolitan, 29m2",169900.0,169.900 €,5822.48,,29.18,1.0,,,,,,,,Ulica Hercegovacka 14a,Savski venac,,False,,,,,,,,,,True,11,dup-5425642734409-5425645233974-5425645798790-5425645988406-5425646143764-5425646839141-5425647051237-5425647176778-5425647296862-5425647403704-5425647409821,"[""Owner"", ""Unknown""]",,,2026-07-27T08:24:48.778539+00:00,2,https://www.halooglasi.com/nekretnine/prodaja-stanova/beograd-na-vodi-bw-metropolitan-29m2/5425647296862?kid=1&sid=1785140748902,U pretrazi sajta možete željene oglase označiti kao izabrane i tako ih kasnije lakše pronaći. Želim da saznam više.
5425647163954,prodaja,Beograd Na Vodi Studio Nika 3.Sprat Vlasnik,176500.0,176.500 €,5440.81,,32.44,1.0,,,,,,,,,Savski venac,,True,,,,,,,,,,True,36,dup-5425645010751-5425645471986-5425645612262-5425645612266-5425645612267-5425646062792-5425646162219-5425646175462-5425646237909-5425646237913-5425646339825-5425646432161-5425646532724-5425646642705-5425646775490-5425646855919-5425646978498-5425647007414-5425647055330-5425647103978-5425647104390-5425647138120-5425647146364-5425647163954-5425647193711-5425647230316-5425647230320-5425647243499-5425647243504-5425647258583-5425647327030-5425647352536-5425647394584-5425647409091-5425647430694-5425647455036,"[""Owner"", ""Unknown""]",,,2026-07-27T08:24:48.778539+00:00,2,https://www.halooglasi.com/nekretnine/prodaja-stanova/beograd-na-vodi-studio-nika-3-sprat-vlasnik/5425647163954?kid=1&sid=1785140748902,U pretrazi sajta možete željene oglase označiti kao izabrane i tako ih kasnije lakše pronaći. Želim da saznam više.
5425646237913,prodaja,Stan na prodaju u Beogradu na vodi - Bw Iris,185000.0,185.000 €,5781.25,,32.0,1.0,,,,,,,,,Savski venac,,True,,,,,,,,,,True,36,dup-5425645010751-5425645471986-5425645612262-5425645612266-5425645612267-5425646062792-5425646162219-5425646175462-5425646237909-5425646237913-5425646339825-5425646432161-5425646532724-5425646642705-5425646775490-5425646855919-5425646978498-5425647007414-5425647055330-5425647103978-5425647104390-5425647138120-5425647146364-5425647163954-5425647193711-5425647230316-5425647230320-5425647243499-5425647243504-5425647258583-5425647327030-5425647352536-5425647394584-5425647409091-5425647430694-5425647455036,"[""Owner"", ""Unknown""]",,,2026-07-27T08:24:48.778539+00:00,2,https://www.halooglasi.com/nekretnine/prodaja-stanova/stan-na-prodaju-u-beogradu-na-vodi---bw-iris/5425646237913?kid=1&sid=1785140748902,U pretrazi sajta možete željene oglase označiti kao izabrane i tako ih kasnije lakše pronaći. Želim da saznam više.
5425646978498,prodaja,"Bw Thalia , studio 32m2",175000.0,175.000 €,5470.46,,31.99,1.0,,,,,,,,Ulica Hercegovacka 14a,Savski venac,,True,,,,,,,,,,True,36,dup-5425645010751-5425645471986-5425645612262-5425645612266-5425645612267-5425646062792-5425646162219-5425646175462-5425646237909-5425646237913-5425646339825-5425646432161-5425646532724-5425646642705-5425646775490-5425646855919-5425646978498-5425647007414-5425647055330-5425647103978-5425647104390-5425647138120-5425647146364-5425647163954-5425647193711-5425647230316-5425647230320-5425647243499-5425647243504-5425647258583-5425647327030-5425647352536-5425647394584-5425647409091-5425647430694-5425647455036,"[""Owner"", ""Unknown""]",,,2026-07-27T08:24:48.778539+00:00,2,https://www.halooglasi.com/nekretnine/prodaja-stanova/bw-thalia-studio-32m2/5425646978498?kid=1&sid=1785140748902,U pretrazi sajta možete željene oglase označiti kao izabrane i tako ih kasnije lakše pronaći. Želim da saznam više.
5425645747874,prodaja,Prostrana garsonjera u zgradi BW Bella,222000.0,222.000 €,5613.15,,39.55,1.0,0.0,Studio,,,,,,Ulica Bulevar Mihajla Pupina 165g,Savski venac,,True,True,,,,,,,,,False,1,,[],,,2026-07-27T08:24:48.778539+00:00,2,https://www.halooglasi.com/nekretnine/prodaja-stanova/prostrana-garsonjera-u-zgradi-bw-bella/5425645747874?kid=1&sid=1785140748902,U pretrazi sajta možete željene oglase označiti kao izabrane i tako ih kasnije lakše pronaći. Želim da saznam više.
5425647104390,prodaja,BW Thalia - Park i reka - Studio - investicija,175000.0,175.000 €,5468.75,,32.0,1.0,,,,,,,,Ulica Kneza Miloša 9,Savski venac,,True,,,,,,,,,,True,36,dup-5425645010751-5425645471986-5425645612262-5425645612266-5425645612267-5425646062792-5425646162219-5425646175462-5425646237909-5425646237913-5425646339825-5425646432161-5425646532724-5425646642705-5425646775490-5425646855919-5425646978498-5425647007414-5425647055330-5425647103978-5425647104390-5425647138120-5425647146364-5425647163954-5425647193711-5425647230316-5425647230320-5425647243499-5425647243504-5425647258583-5425647327030-5425647352536-5425647394584-5425647409091-5425647430694-5425647455036,"[""Owner"", ""Unknown""]",,,2026-07-27T08:24:48.778539+00:00,2,https://www.halooglasi.com/nekretnine/prodaja-stanova/bw-thalia---park-i-reka---studio---investicij/5425647104390?kid=4&sid=1785140748902,U pretrazi sajta možete željene oglase označiti kao izabrane i tako ih kasnije lakše pronaći. Želim da saznam više.
5425647334206,prodaja,Bw Libera - studio na odličnoj poziciji,222000.0,222.000 €,6237.71,,35.59,1.0,,,,,,,,,Savski venac,,True,,,,,,,,,,True,2,dup-5425645402852-5425647334206,"[""Owner"", ""Unknown""]",,,2026-07-27T08:24:48.778539+00:00,2,https://www.halooglasi.com/nekretnine/prodaja-stanova/bw-libera---studio-na-odlicnoj-poziciji/5425647334206?kid=4&sid=1785140748902,U pretrazi sajta možete željene oglase označiti kao izabrane i tako ih kasnije lakše pronaći. Želim da saznam više.
5425647350299,prodaja,Luksuzan stan sa jednom spavaćom sobom - BW Hudson,399000.0,399.000 €,6666.67,,59.85,1.5,,,,,,,,Ulica Bulevar Mihajla Pupina 165g,Savski venac,,False,,,,,,,,,,True,17,dup-5425645449861-5425646096448-5425646442394-5425646484077-5425646532426-5425647051001-5425647051002-5425647054238-5425647054240-5425647054242-5425647054578-5425647056812-5425647056828-5425647056838-5425647077181-5425647350299-5425647361939,"[""Owner"", ""Unknown""]",,,2026-07-27T08:24:48.778539+00:00,2,https://www.halooglasi.com/nekretnine/prodaja-stanova/luksuzan-stan-sa-jednom-spavacom-sobom---bw-h/5425647350299?kid=1&sid=1785140800741,U pretrazi sajta možete željene oglase označiti kao izabrane i tako ih kasnije lakše pronaći. Želim da saznam više.
5425647431503,prodaja,Dvosoban stan | BW Riviera | Pogled na reku | Lux,768000.0,768.000 €,7148.18,,107.44,1.5,2.0,2-Bedroom,,,,,,Ulica Hercegovačka 16,Savski venac,,False,,,,,,,,,,False,1,,[],,,2026-07-27T08:24:48.778539+00:00,2,https://www.halooglasi.com/nekretnine/prodaja-stanova/dvosoban-stan-bw-riviera-pogled-na-reku-lux/5425647431503?kid=4&sid=1785140800741,U pretrazi sajta možete željene oglase označiti kao izabrane i tako ih kasnije lakše pronaći. Želim da saznam više.
5425645899673,prodaja,Najprestižniji četvorosoban stan u BW Perla ID#813,969000.0,969.000 €,6573.06,,147.42,1.5,4.0,4-Bedroom,,,,,,Ulica Bulevar Mihajla Pupina 165a,Savski venac,,False,,,,,,,,,,True,7,dup-5425645343233-5425645573418-5425645720212-5425645899673-5425646565639-5425647029319-5425647354954,"[""Unknown""]",,,2026-07-27T08:24:48.778539+00:00,2,https://www.halooglasi.com/nekretnine/prodaja-stanova/najprestizniji-cetvorosoban-stan-u-bw-perla-i/5425645899673?kid=1&sid=1785140800741,U pretrazi sajta možete željene oglase označiti kao izabrane i tako ih kasnije lakše pronaći. Želim da saznam više.
5425647329702,prodaja,"BW Riva – Marina Beograd na vodi, premium stan",285000.0,285.000 €,5169.6,,55.13,1.5,,,,,,BW Marina,BW Marina,Ulica Bulevar Mihajla Pupina 165g,Savski venac,,False,True,,,,,,,,,True,51,dup-5425643474436-5425643490356-5425644545135-5425644559045-5425644560367-5425645112262-5425645200409-5425645233975-5425645331743-5425645349970-5425645427918-5425645432042-5425645471051-5425645543966-5425645544752-5425645570699-5425645570699-5425645591054-5425645775713-5425646086599-5425646108605-5425646127095-5425646212633-5425646228616-5425646382454-5425646757830-5425646915507-5425647049316-5425647054582-5425647056819-5425647060886-5425647062990-5425647063470-5425647165452-5425647181870-5425647198460-5425647209895-5425647211991-5425647211992-5425647212382-5425647241347-5425647241368-5425647286575-5425647294452-5425647324824-5425647329702-5425647361940-5425647361963-5425647429570-5425647431198-5425647431441,"[""Unknown""]",,,2026-07-27T08:24:48.778539+00:00,2,https://www.halooglasi.com/nekretnine/prodaja-stanova/bw-riva-marina-beograd-na-vodi-premium-stan/5425647329702?kid=1&sid=1785140800741,U pretrazi sajta možete željene oglase označiti kao izabrane i tako ih kasnije lakše pronaći. Želim da saznam više.
5425646789349,prodaja,Libera BW stan sa baštom TC Galerija gratis garaža,399000.0,399.000 €,6879.31,,58.0,1.5,,,,,,,,,Savski venac,,True,,,,,,,,,,True,3,dup-5425645963482-5425646789349-5425646824170,"[""Owner"", ""Unknown""]",,,2026-07-27T08:24:48.778539+00:00,2,https://www.halooglasi.com/nekretnine/prodaja-stanova/libera-bw-stan-sa-bastom-tc-galerija-gratis-g/5425646789349?kid=1&sid=1785140800741,U pretrazi sajta možete željene oglase označiti kao izabrane i tako ih kasnije lakše pronaći. Želim da saznam više.
5425646824170,prodaja,"BW, stan 58m2 sa baštom 30m2, garaža u ceni ID#129",399000.0,399.000 €,6879.31,,58.0,1.5,,,,,,,,"Ulica Bulevar Arsenija Čarnojevića 78/11, Novi Beograd",Savski venac,,False,,,,,,,,,,True,3,dup-5425645963482-5425646789349-5425646824170,"[""Owner"", ""Unknown""]",,,2026-07-27T08:24:48.778539+00:00,2,https://www.halooglasi.com/nekretnine/prodaja-stanova/bw-stan-58m2-sa-bastom-30m2-garaza-u-ceni-id1/5425646824170?kid=1&sid=1785140800741,U pretrazi sajta možete željene oglase označiti kao izabrane i tako ih kasnije lakše pronaći. Želim da saznam više.
5425646968868,prodaja,"Bw Perla, 69m2",470000.0,470.000 €,6811.59,,69.0,2.0,,,,,,,,Ulica Hercegovacka 14a,Savski venac,,False,False,,,,,,,,,False,1,,[],,,2026-07-27T08:24:48.778539+00:00,2,https://www.halooglasi.com/nekretnine/prodaja-stanova/bw-perla-69m2/5425646968868?kid=1&sid=1785140835454,U pretrazi sajta možete željene oglase označiti kao izabrane i tako ih kasnije lakše pronaći. Želim da saznam više.
5425646881265,prodaja,"BW Topaz, prva linija do reke ID#4424",349500.0,349.500 €,5216.42,,67.0,2.0,,,,,,,,"Ulica Hercegovačka 23/209, Savski Venac",Savski venac,,False,,,,,,,,,,True,15,dup-5425645739672-5425645739672-5425645741358-5425646687135-5425646868783-5425646881265-5425647041770-5425647054204-5425647060887-5425647241366-5425647255093-5425647325470-5425647349233-5425647349264-5425647361950,"[""Owner"", ""Unknown""]",,,2026-07-27T08:24:48.778539+00:00,2,https://www.halooglasi.com/nekretnine/prodaja-stanova/bw-topaz-prva-linija-do-reke-id4424/5425646881265?kid=1&sid=1785140835454,U pretrazi sajta možete željene oglase označiti kao izabrane i tako ih kasnije lakše pronaći. Želim da saznam više.
5425646557454,prodaja,Bw Riviera one bedroom Riverfront view,565000.0,565.000 €,7038.74,,80.27,2.0,,,,,,,,Ulica Šumatovačka 36,Savski venac,,False,,,,,,,,,,True,3,dup-5425646461903-5425646557454-5425647004781,"[""Unknown""]",,,2026-07-27T08:24:48.778539+00:00,2,https://www.halooglasi.com/nekretnine/prodaja-stanova/bw-riviera-one-bedroom-riverfront-view/5425646557454?kid=1&sid=1785140835454,U pretrazi sajta možete željene oglase označiti kao izabrane i tako ih kasnije lakše pronaći. Želim da saznam više.
5425646212633,prodaja,"Belgrade Waterfront, Aurora",300999.0,300.999 €,5679.23,,53.0,2.0,,,,,,,,Ulica Vladimira Popovića 38,Savski venac,,False,True,,,,,,,,,True,51,dup-5425643474436-5425643490356-5425644545135-5425644559045-5425644560367-5425645112262-5425645200409-5425645233975-5425645331743-5425645349970-5425645427918-5425645432042-5425645471051-5425645543966-5425645544752-5425645570699-5425645570699-5425645591054-5425645775713-5425646086599-5425646108605-5425646127095-5425646212633-5425646228616-5425646382454-5425646757830-5425646915507-5425647049316-5425647054582-5425647056819-5425647060886-5425647062990-5425647063470-5425647165452-5425647181870-5425647198460-5425647209895-5425647211991-5425647211992-5425647212382-5425647241347-5425647241368-5425647286575-5425647294452-5425647324824-5425647329702-5425647361940-5425647361963-5425647429570-5425647431198-5425647431441,"[""Unknown""]",,,2026-07-27T08:24:48.778539+00:00,2,https://www.halooglasi.com/nekretnine/prodaja-stanova/belgrade-waterfront-aurora/5425646212633?kid=1&sid=1785140835454,U pretrazi sajta možete željene oglase označiti kao izabrane i tako ih kasnije lakše pronaći. Želim da saznam više.
5425644658848,prodaja,BW Kula - pogled na reku ID#1160,470000.0,470.000 €,7833.33,,60.0,2.0,,,,,,Kula Beograd,Kula Beograd,"Ulica Maršala Birjuzova 1, Beograd",Savski venac,,False,False,,,,,,,,,True,2,dup-5425644658848-5425646839136,"[""Unknown""]",,,2026-07-27T08:24:48.778539+00:00,2,https://www.halooglasi.com/nekretnine/prodaja-stanova/bw-kula---pogled-na-reku-id1160/5425644658848?kid=4&sid=1785140835454,U pretrazi sajta možete željene oglase označiti kao izabrane i tako ih kasnije lakše pronaći. Želim da saznam više.
5425647362339,prodaja,"BW Perla - Dvosoban stan - 117,83m2",754000.0,754.000 €,6399.05,,117.83,2.0,2.0,2-Bedroom,,,,,,Ulica Hercegovačka 15,Savski venac,,False,,,,,,,,,,True,6,dup-5425645728797-5425647097390-5425647131821-5425647174483-5425647298786-5425647362339,"[""Unknown""]",,,2026-07-27T08:24:48.778539+00:00,2,https://www.halooglasi.com/nekretnine/prodaja-stanova/bw-perla---dvosoban-stan---117-83m2/5425647362339?kid=1&sid=1785140835454,U pretrazi sajta možete željene oglase označiti kao izabrane i tako ih kasnije lakše pronaći. Želim da saznam više.
5425647431198,prodaja,Dvosoban stan u Terra Residence sa 2 ostave,310000.0,310.000 €,5849.06,,53.0,2.0,2.0,2-Bedroom,,,,BW Residence,,,Savski venac,,False,True,,,,,,,,,True,51,dup-5425643474436-5425643490356-5425644545135-5425644559045-5425644560367-5425645112262-5425645200409-5425645233975-5425645331743-5425645349970-5425645427918-5425645432042-5425645471051-5425645543966-5425645544752-5425645570699-5425645570699-5425645591054-5425645775713-5425646086599-5425646108605-5425646127095-5425646212633-5425646228616-5425646382454-5425646757830-5425646915507-5425647049316-5425647054582-5425647056819-5425647060886-5425647062990-5425647063470-5425647165452-5425647181870-5425647198460-5425647209895-5425647211991-5425647211992-5425647212382-5425647241347-5425647241368-5425647286575-5425647294452-5425647324824-5425647329702-5425647361940-5425647361963-5425647429570-5425647431198-5425647431441,"[""Unknown""]",,,2026-07-27T08:24:48.778539+00:00,2,https://www.halooglasi.com/nekretnine/prodaja-stanova/dvosoban-stan-u-terra-residence-sa-2-ostave/5425647431198?kid=3&sid=1785140835454,U pretrazi sajta možete željene oglase označiti kao izabrane i tako ih kasnije lakše pronaći. Želim da saznam više.
5425647060887,prodaja,"BW Sava, ugaona pozicija, dve terase ID#4524",345000.0,345.000 €,5227.27,,66.0,2.0,,,,,,,,"Ulica Hercegovačka 23/209, Savski Venac",Savski venac,,False,False,,,,,,,,,True,15,dup-5425645739672-5425645739672-5425645741358-5425646687135-5425646868783-5425646881265-5425647041770-5425647054204-5425647060887-5425647241366-5425647255093-5425647325470-5425647349233-5425647349264-5425647361950,"[""Owner"", ""Unknown""]",,,2026-07-27T08:24:48.778539+00:00,2,https://www.halooglasi.com/nekretnine/prodaja-stanova/bw-sava-ugaona-pozicija-dve-terase-id4524/5425647060887?kid=1&sid=1785140835454,U pretrazi sajta možete željene oglase označiti kao izabrane i tako ih kasnije lakše pronaći. Želim da saznam više.
5425647041770,prodaja,"Beograd na vodi, Bw Dolce, 69m2",352000.0,352.000 €,5068.39,,69.45,2.0,,,,,,,,Ulica Hercegovacka 14a,Savski venac,,False,,,,,,,,,,True,15,dup-5425645739672-5425645739672-5425645741358-5425646687135-5425646868783-5425646881265-5425647041770-5425647054204-5425647060887-5425647241366-5425647255093-5425647325470-5425647349233-5425647349264-5425647361950,"[""Owner"", ""Unknown""]",,,2026-07-27T08:24:48.778539+00:00,2,https://www.halooglasi.com/nekretnine/prodaja-stanova/beograd-na-vodi-bw-dolce-69m2/5425647041770?kid=3&sid=1785140835454,U pretrazi sajta možete željene oglase označiti kao izabrane i tako ih kasnije lakše pronaći. Želim da saznam više.
5425646548597,prodaja,BW Kula 05 | Beograd na vodi | 31. sprat | Pogled,499000.0,499.000 €,8094.08,,61.65,2.0,,,,,,Kula Beograd,Kula Beograd,,Savski venac,,False,,,,,,,,,,True,4,dup-5425645473694-5425646548597-5425647062670-5425647088755,"[""Unknown""]",,,2026-07-27T08:24:48.778539+00:00,2,https://www.halooglasi.com/nekretnine/prodaja-stanova/bw-kula-05-beograd-na-vodi-31-sprat-pogled/5425646548597?kid=1&sid=1785140835454,U pretrazi sajta možete željene oglase označiti kao izabrane i tako ih kasnije lakše pronaći. Želim da saznam više.
5425646968854,prodaja,Dvosoban stan - BW Bristol Residences,470000.0,470.000 €,6337.65,,74.16,2.0,2.0,2-Bedroom,,,,BW Residence,,Ulica Bulevar Mihajla Pupina 165g,Savski venac,,False,,,,,,,,,,False,1,,[],,,2026-07-27T08:24:48.778539+00:00,2,https://www.halooglasi.com/nekretnine/prodaja-stanova/dvosoban-stan---bw-bristol-residences/5425646968854?kid=1&sid=1785140835454,U pretrazi sajta možete željene oglase označiti kao izabrane i tako ih kasnije lakše pronaći. Želim da saznam više.
5425645543966,prodaja,"Beograd na vodi, zgrada Bw Aurora, 54m2",285000.0,285.000 €,5277.78,,54.0,2.0,,,,,,,,Ulica Hercegovacka 14a,Savski venac,,False,,,,,,,,,,True,51,dup-5425643474436-5425643490356-5425644545135-5425644559045-5425644560367-5425645112262-5425645200409-5425645233975-5425645331743-5425645349970-5425645427918-5425645432042-5425645471051-5425645543966-5425645544752-5425645570699-5425645570699-5425645591054-5425645775713-5425646086599-5425646108605-5425646127095-5425646212633-5425646228616-5425646382454-5425646757830-5425646915507-5425647049316-5425647054582-5425647056819-5425647060886-5425647062990-5425647063470-5425647165452-5425647181870-5425647198460-5425647209895-5425647211991-5425647211992-5425647212382-5425647241347-5425647241368-5425647286575-5425647294452-5425647324824-5425647329702-5425647361940-5425647361963-5425647429570-5425647431198-5425647431441,"[""Unknown""]",,,2026-07-27T08:24:48.778539+00:00,2,https://www.halooglasi.com/nekretnine/prodaja-stanova/beograd-na-vodi-zgrada-bw-aurora-54m2/5425645543966?kid=1&sid=1785140835454,U pretrazi sajta možete željene oglase označiti kao izabrane i tako ih kasnije lakše pronaći. Želim da saznam više.
5425647190745,prodaja,"BW Sena, odlična ponuda, pogled na park ID#4605",297000.0,297.000 €,4790.32,,62.0,2.0,,,,,,,,"Ulica Hercegovačka 23/209, Savski Venac",Savski venac,,False,,,,,,,,,,True,8,dup-5425646195462-5425646350536-5425646964286-5425647056813-5425647111552-5425647165407-5425647190745-5425647200860,"[""Unknown""]",,,2026-07-27T08:24:48.778539+00:00,2,https://www.halooglasi.com/nekretnine/prodaja-stanova/bw-sena-odlicna-ponuda-pogled-na-park-id4605/5425647190745?kid=1&sid=1785140835454,U pretrazi sajta možete željene oglase označiti kao izabrane i tako ih kasnije lakše pronaći. Želim da saznam više.
5425647049316,prodaja,BW Kings park 16 | Beograd na vodi | Privatno dvo,285000.0,285.000 €,5089.29,,56.0,2.0,,,,,,,,,Savski venac,,False,False,,,,,,,,,True,51,dup-5425643474436-5425643490356-5425644545135-5425644559045-5425644560367-5425645112262-5425645200409-5425645233975-5425645331743-5425645349970-5425645427918-5425645432042-5425645471051-5425645543966-5425645544752-5425645570699-5425645570699-5425645591054-5425645775713-5425646086599-5425646108605-5425646127095-5425646212633-5425646228616-5425646382454-5425646757830-5425646915507-5425647049316-5425647054582-5425647056819-5425647060886-5425647062990-5425647063470-5425647165452-5425647181870-5425647198460-5425647209895-5425647211991-5425647211992-5425647212382-5425647241347-5425647241368-5425647286575-5425647294452-5425647324824-5425647329702-5425647361940-5425647361963-5425647429570-5425647431198-5425647431441,"[""Unknown""]",,,2026-07-27T08:24:48.778539+00:00,2,https://www.halooglasi.com/nekretnine/prodaja-stanova/bw-kings-park-16-beograd-na-vodi-privatno-dvo/5425647049316?kid=1&sid=1785140835454,U pretrazi sajta možete željene oglase označiti kao izabrane i tako ih kasnije lakše pronaći. Želim da saznam više.
5425647049317,prodaja,Bw Riviera one bedroom Riverfront view,768000.0,768.000 €,9365.85,,82.0,2.0,,,,,,,,Ulica Šumatovačka 36,Savski venac,,False,,,,,,,,,,False,1,,[],,,2026-07-27T08:24:48.778539+00:00,2,https://www.halooglasi.com/nekretnine/prodaja-stanova/bw-riviera-one-bedroom-riverfront-view/5425647049317?kid=1&sid=1785140835454,U pretrazi sajta možete željene oglase označiti kao izabrane i tako ih kasnije lakše pronaći. Želim da saznam više.
5425646590449,prodaja,"The Bristol Residence, bez provizije ID#4340",416871.0,416.871 €,5955.3,,70.0,2.0,,,,,,Sava Residences,,"Ulica Hercegovačka 23/209, Savski Venac",Savski venac,,False,,,,,,,,,,True,6,dup-5425646590449-5425646740665-5425646968866-5425646975531-5425647054203-5425647316462,"[""Unknown""]",,,2026-07-27T08:24:48.778539+00:00,2,https://www.halooglasi.com/nekretnine/prodaja-stanova/the-bristol-residence-bez-provizije-id4340/5425646590449?kid=1&sid=1785140835454,U pretrazi sajta možete željene oglase označiti kao izabrane i tako ih kasnije lakše pronaći. Želim da saznam više.
5425646975531,prodaja,"Bw Victoria, 69m2",418000.0,418.000 €,6057.97,,69.0,2.0,,,,,,,,Ulica Hercegovacka 14a,Savski venac,,False,,,,,,,,,,True,6,dup-5425646590449-5425646740665-5425646968866-5425646975531-5425647054203-5425647316462,"[""Unknown""]",,,2026-07-27T08:24:48.778539+00:00,2,https://www.halooglasi.com/nekretnine/prodaja-stanova/bw-victoria-69m2/5425646975531?kid=1&sid=1785140835454,U pretrazi sajta možete željene oglase označiti kao izabrane i tako ih kasnije lakše pronaći. Želim da saznam više.
5425647165452,prodaja,BW Eden Park District,270000.0,270.000 €,4909.09,,55.0,2.0,,,,,,,,Ulica Džona Kenedija 18,Savski venac,,False,,,,,,,,,,True,51,dup-5425643474436-5425643490356-5425644545135-5425644559045-5425644560367-5425645112262-5425645200409-5425645233975-5425645331743-5425645349970-5425645427918-5425645432042-5425645471051-5425645543966-5425645544752-5425645570699-5425645570699-5425645591054-5425645775713-5425646086599-5425646108605-5425646127095-5425646212633-5425646228616-5425646382454-5425646757830-5425646915507-5425647049316-5425647054582-5425647056819-5425647060886-5425647062990-5425647063470-5425647165452-5425647181870-5425647198460-5425647209895-5425647211991-5425647211992-5425647212382-5425647241347-5425647241368-5425647286575-5425647294452-5425647324824-5425647329702-5425647361940-5425647361963-5425647429570-5425647431198-5425647431441,"[""Unknown""]",,,2026-07-27T08:24:48.778539+00:00,2,https://www.halooglasi.com/nekretnine/prodaja-stanova/bw-eden-park-district/5425647165452?kid=1&sid=1785140835454,U pretrazi sajta možete željene oglase označiti kao izabrane i tako ih kasnije lakše pronaći. Želim da saznam više.
5425644688159,prodaja,"Beograd na vodi, St Regis, 62 m2",599000.0,599.000 €,9716.14,,61.65,2.0,,,,,,,,Ulica Hercegovacka 14a,Savski venac,,False,,,,,,,,,,True,5,dup-5425644688159-5425645482050-5425646449478-5425646730017-5425646986901,"[""Unknown""]",,,2026-07-27T08:24:48.778539+00:00,2,https://www.halooglasi.com/nekretnine/prodaja-stanova/beograd-na-vodi-st-regis-62-m2/5425644688159?kid=1&sid=1785140835454,U pretrazi sajta možete željene oglase označiti kao izabrane i tako ih kasnije lakše pronaći. Želim da saznam više.
5425647211992,prodaja,"Beograd na vodi, Bw Bella, 56m2",285000.0,285.000 €,5130.51,,55.55,2.0,,,,,,,,Ulica Hercegovacka 14a,Savski venac,,False,,,,,,,,,,True,51,dup-5425643474436-5425643490356-5425644545135-5425644559045-5425644560367-5425645112262-5425645200409-5425645233975-5425645331743-5425645349970-5425645427918-5425645432042-5425645471051-5425645543966-5425645544752-5425645570699-5425645570699-5425645591054-5425645775713-5425646086599-5425646108605-5425646127095-5425646212633-5425646228616-5425646382454-5425646757830-5425646915507-5425647049316-5425647054582-5425647056819-5425647060886-5425647062990-5425647063470-5425647165452-5425647181870-5425647198460-5425647209895-5425647211991-5425647211992-5425647212382-5425647241347-5425647241368-5425647286575-5425647294452-5425647324824-5425647329702-5425647361940-5425647361963-5425647429570-5425647431198-5425647431441,"[""Unknown""]",,,2026-07-27T08:24:48.778539+00:00,2,https://www.halooglasi.com/nekretnine/prodaja-stanova/beograd-na-vodi-bw-bella-56m2/5425647211992?kid=1&sid=1785140835454,U pretrazi sajta možete željene oglase označiti kao izabrane i tako ih kasnije lakše pronaći. Želim da saznam više.
5425647361950,prodaja,"Bw Dolce , 2.0 , 66 m2",367000.0,367.000 €,5535.44,,66.3,2.0,,,,,,,,Ulica Hercegovacka 14a,Savski venac,,False,,,,,,,,,,True,15,dup-5425645739672-5425645739672-5425645741358-5425646687135-5425646868783-5425646881265-5425647041770-5425647054204-5425647060887-5425647241366-5425647255093-5425647325470-5425647349233-5425647349264-5425647361950,"[""Owner"", ""Unknown""]",,,2026-07-27T08:24:48.778539+00:00,2,https://www.halooglasi.com/nekretnine/prodaja-stanova/bw-dolce-2-0-66-m2/5425647361950?kid=1&sid=1785140835454,U pretrazi sajta možete željene oglase označiti kao izabrane i tako ih kasnije lakše pronaći. Želim da saznam više.
5425645427918,prodaja,"Beograd na vodi, zgrada Bw Victoria, 57m2",285000.0,285.000 €,4967.75,,57.37,2.0,,,,,,,,Ulica Hercegovacka 14a,Savski venac,,False,,,,,,,,,,True,51,dup-5425643474436-5425643490356-5425644545135-5425644559045-5425644560367-5425645112262-5425645200409-5425645233975-5425645331743-5425645349970-5425645427918-5425645432042-5425645471051-5425645543966-5425645544752-5425645570699-5425645570699-5425645591054-5425645775713-5425646086599-5425646108605-5425646127095-5425646212633-5425646228616-5425646382454-5425646757830-5425646915507-5425647049316-5425647054582-5425647056819-5425647060886-5425647062990-5425647063470-5425647165452-5425647181870-5425647198460-5425647209895-5425647211991-5425647211992-5425647212382-5425647241347-5425647241368-5425647286575-5425647294452-5425647324824-5425647329702-5425647361940-5425647361963-5425647429570-5425647431198-5425647431441,"[""Unknown""]",,,2026-07-27T08:24:48.778539+00:00,2,https://www.halooglasi.com/nekretnine/prodaja-stanova/beograd-na-vodi-zgrada-bw-victoria-57m2/5425645427918?kid=1&sid=1785140835454,U pretrazi sajta možete željene oglase označiti kao izabrane i tako ih kasnije lakše pronaći. Želim da saznam više.
5425645570699,prodaja,"Kings Park Residence, 2.0 Lux",285000.0,285.000 €,5277.78,,54.0,2.0,,,,,,BW Residence,,Ulica Bulevar Zorana Đinđića 83/1,Savski venac,,False,True,,,,,,,,,True,51,dup-5425643474436-5425643490356-5425644545135-5425644559045-5425644560367-5425645112262-5425645200409-5425645233975-5425645331743-5425645349970-5425645427918-5425645432042-5425645471051-5425645543966-5425645544752-5425645570699-5425645570699-5425645591054-5425645775713-5425646086599-5425646108605-5425646127095-5425646212633-5425646228616-5425646382454-5425646757830-5425646915507-5425647049316-5425647054582-5425647056819-5425647060886-5425647062990-5425647063470-5425647165452-5425647181870-5425647198460-5425647209895-5425647211991-5425647211992-5425647212382-5425647241347-5425647241368-5425647286575-5425647294452-5425647324824-5425647329702-5425647361940-5425647361963-5425647429570-5425647431198-5425647431441,"[""Unknown""]",,,2026-07-27T08:24:48.778539+00:00,2,https://www.halooglasi.com/nekretnine/prodaja-stanova/kings-park-residence-2-0-lux/5425645570699?kid=1&sid=1785140835454,U pretrazi sajta možete željene oglase označiti kao izabrane i tako ih kasnije lakše pronaći. Želim da saznam više.
5425645449861,prodaja,"Beograd na vodi, zgrada Bw Victoria, 66m2",418000.0,418.000 €,6322.8,,66.11,2.0,,,,,,,,Ulica Hercegovacka 14a,Savski venac,,False,,,,,,,,,,True,17,dup-5425645449861-5425646096448-5425646442394-5425646484077-5425646532426-5425647051001-5425647051002-5425647054238-5425647054240-5425647054242-5425647054578-5425647056812-5425647056828-5425647056838-5425647077181-5425647350299-5425647361939,"[""Owner"", ""Unknown""]",,,2026-07-27T08:24:48.778539+00:00,2,https://www.halooglasi.com/nekretnine/prodaja-stanova/beograd-na-vodi-zgrada-bw-victoria-66m2/5425645449861?kid=1&sid=1785140835454,U pretrazi sajta možete željene oglase označiti kao izabrane i tako ih kasnije lakše pronaći. Želim da saznam više.
5425646195462,prodaja,"Bw Sole, 60m2",297000.0,297.000 €,4962.41,,59.85,2.0,,,,,,,,Ulica Hercegovacka 14a,Savski venac,,False,,,,,,,,,,True,8,dup-5425646195462-5425646350536-5425646964286-5425647056813-5425647111552-5425647165407-5425647190745-5425647200860,"[""Unknown""]",,,2026-07-27T08:24:48.778539+00:00,2,https://www.halooglasi.com/nekretnine/prodaja-stanova/bw-sole-60m2/5425646195462?kid=1&sid=1785140835454,U pretrazi sajta možete željene oglase označiti kao izabrane i tako ih kasnije lakše pronaći. Želim da saznam više.
5425644545135,prodaja,"BW Kings Park, useljiv, namešten ID#3278",310000.0,310.000 €,5740.74,,54.0,2.0,,,,,,,,"Ulica Hercegovačka 23/209, Savski Venac",Savski venac,,False,False,,,,,,,,,True,51,dup-5425643474436-5425643490356-5425644545135-5425644559045-5425644560367-5425645112262-5425645200409-5425645233975-5425645331743-5425645349970-5425645427918-5425645432042-5425645471051-5425645543966-5425645544752-5425645570699-5425645570699-5425645591054-5425645775713-5425646086599-5425646108605-5425646127095-5425646212633-5425646228616-5425646382454-5425646757830-5425646915507-5425647049316-5425647054582-5425647056819-5425647060886-5425647062990-5425647063470-5425647165452-5425647181870-5425647198460-5425647209895-5425647211991-5425647211992-5425647212382-5425647241347-5425647241368-5425647286575-5425647294452-5425647324824-5425647329702-5425647361940-5425647361963-5425647429570-5425647431198-5425647431441,"[""Unknown""]",,,2026-07-27T08:24:48.778539+00:00,2,https://www.halooglasi.com/nekretnine/prodaja-stanova/bw-kings-park-useljiv-namesten-id3278/5425644545135?kid=1&sid=1785140835454,U pretrazi sajta možete željene oglase označiti kao izabrane i tako ih kasnije lakše pronaći. Želim da saznam više.
5425647431133,prodaja,Dvosoban stan | BW Riviera | Premium lokacija,749000.0,749.000 €,7785.86,,96.2,2.0,2.0,2-Bedroom,,,,,,Ulica Hercegovačka 16,Savski venac,,False,,,,,,,,,,True,2,dup-5425647040065-5425647431133,"[""Unknown""]",,,2026-07-27T08:24:48.778539+00:00,2,https://www.halooglasi.com/nekretnine/prodaja-stanova/dvosoban-stan-bw-riviera-premium-lokacija/5425647431133?kid=4&sid=1785140835454,U pretrazi sajta možete željene oglase označiti kao izabrane i tako ih kasnije lakše pronaći. Želim da saznam više.
5425647062670,prodaja,BW Kula 62 m² | Prelep stan | Pogled na reku,499000.0,499.000 €,8048.39,,62.0,2.0,,,,,,,,,Savski venac,,False,,,,,,,,,,True,4,dup-5425645473694-5425646548597-5425647062670-5425647088755,"[""Unknown""]",,,2026-07-27T08:24:48.778539+00:00,2,https://www.halooglasi.com/nekretnine/prodaja-stanova/bw-kula-62-m-prelep-stan-pogled-na-reku/5425647062670?kid=1&sid=1785140835454,U pretrazi sajta možete željene oglase označiti kao izabrane i tako ih kasnije lakše pronaći. Želim da saznam više.
5425647431441,prodaja,"Premium zgrada, prvi red do reke, BW Riva, bez pro",297000.0,297.000 €,5449.54,,54.5,2.0,,,,,,,,"Ulica Jedrenska 2, Beograd",Savski venac,,False,True,,,,,,,,,True,51,dup-5425643474436-5425643490356-5425644545135-5425644559045-5425644560367-5425645112262-5425645200409-5425645233975-5425645331743-5425645349970-5425645427918-5425645432042-5425645471051-5425645543966-5425645544752-5425645570699-5425645570699-5425645591054-5425645775713-5425646086599-5425646108605-5425646127095-5425646212633-5425646228616-5425646382454-5425646757830-5425646915507-5425647049316-5425647054582-5425647056819-5425647060886-5425647062990-5425647063470-5425647165452-5425647181870-5425647198460-5425647209895-5425647211991-5425647211992-5425647212382-5425647241347-5425647241368-5425647286575-5425647294452-5425647324824-5425647329702-5425647361940-5425647361963-5425647429570-5425647431198-5425647431441,"[""Unknown""]",,,2026-07-27T08:24:48.778539+00:00,2,https://www.halooglasi.com/nekretnine/prodaja-stanova/premium-zgrada-prvi-red-do-reke-bw-riva-bez-p/5425647431441?kid=1&sid=1785140835454,U pretrazi sajta možete željene oglase označiti kao izabrane i tako ih kasnije lakše pronaći. Želim da saznam više.
5425646086599,prodaja,"Bw Metropolitan, Dvosoban, Odmah Useljiv",285000.0,285.000 €,5480.77,,52.0,2.0,2.0,2-Bedroom,,,,,,Ulica Šumatovačka 36,Savski venac,,False,True,,,,,,,,,True,51,dup-5425643474436-5425643490356-5425644545135-5425644559045-5425644560367-5425645112262-5425645200409-5425645233975-5425645331743-5425645349970-5425645427918-5425645432042-5425645471051-5425645543966-5425645544752-5425645570699-5425645570699-5425645591054-5425645775713-5425646086599-5425646108605-5425646127095-5425646212633-5425646228616-5425646382454-5425646757830-5425646915507-5425647049316-5425647054582-5425647056819-5425647060886-5425647062990-5425647063470-5425647165452-5425647181870-5425647198460-5425647209895-5425647211991-5425647211992-5425647212382-5425647241347-5425647241368-5425647286575-5425647294452-5425647324824-5425647329702-5425647361940-5425647361963-5425647429570-5425647431198-5425647431441,"[""Unknown""]",,,2026-07-27T08:24:48.778539+00:00,2,https://www.halooglasi.com/nekretnine/prodaja-stanova/bw-metropolitan-dvosoban-odmah-useljiv/5425646086599?kid=4&sid=1785140835454,U pretrazi sajta možete željene oglase označiti kao izabrane i tako ih kasnije lakše pronaći. Želim da saznam više.
5425647255093,prodaja,"Prodaja, Bw Emerald, 68m²",375000.0,375.000 €,5491.29,,68.29,2.0,,,,,,,,Ulica Hercegovacka 14a,Savski venac,,False,,,,,,,,,,True,15,dup-5425645739672-5425645739672-5425645741358-5425646687135-5425646868783-5425646881265-5425647041770-5425647054204-5425647060887-5425647241366-5425647255093-5425647325470-5425647349233-5425647349264-5425647361950,"[""Owner"", ""Unknown""]",,,2026-07-27T08:24:48.778539+00:00,2,https://www.halooglasi.com/nekretnine/prodaja-stanova/prodaja-bw-emerald-68m/5425647255093?kid=1&sid=1785140835454,U pretrazi sajta možete željene oglase označiti kao izabrane i tako ih kasnije lakše pronaći. Želim da saznam više.
5425647361963,prodaja,"BW Garden Plaza, pogled na muzej Nikole Tesle ID#4",260000.0,260.000 €,4905.66,,53.0,2.0,,,,,,,,"Ulica Hercegovačka 23/209, Savski Venac",Savski venac,,False,,,,,,,,,,True,51,dup-5425643474436-5425643490356-5425644545135-5425644559045-5425644560367-5425645112262-5425645200409-5425645233975-5425645331743-5425645349970-5425645427918-5425645432042-5425645471051-5425645543966-5425645544752-5425645570699-5425645570699-5425645591054-5425645775713-5425646086599-5425646108605-5425646127095-5425646212633-5425646228616-5425646382454-5425646757830-5425646915507-5425647049316-5425647054582-5425647056819-5425647060886-5425647062990-5425647063470-5425647165452-5425647181870-5425647198460-5425647209895-5425647211991-5425647211992-5425647212382-5425647241347-5425647241368-5425647286575-5425647294452-5425647324824-5425647329702-5425647361940-5425647361963-5425647429570-5425647431198-5425647431441,"[""Unknown""]",,,2026-07-27T08:24:48.778539+00:00,2,https://www.halooglasi.com/nekretnine/prodaja-stanova/bw-garden-plaza-pogled-na-muzej-nikole-tesle/5425647361963?kid=1&sid=1785140835454,U pretrazi sajta možete željene oglase označiti kao izabrane i tako ih kasnije lakše pronaći. Želim da saznam više.
5425644559045,prodaja,"BW- Kings Park Residences, 54m2",310000.0,310.000 €,5740.74,,54.0,2.0,,,,,,BW Residence,,"Ulica Krunska 38, Beograd",Savski venac,,False,,,,,,,,,,True,51,dup-5425643474436-5425643490356-5425644545135-5425644559045-5425644560367-5425645112262-5425645200409-5425645233975-5425645331743-5425645349970-5425645427918-5425645432042-5425645471051-5425645543966-5425645544752-5425645570699-5425645570699-5425645591054-5425645775713-5425646086599-5425646108605-5425646127095-5425646212633-5425646228616-5425646382454-5425646757830-5425646915507-5425647049316-5425647054582-5425647056819-5425647060886-5425647062990-5425647063470-5425647165452-5425647181870-5425647198460-5425647209895-5425647211991-5425647211992-5425647212382-5425647241347-5425647241368-5425647286575-5425647294452-5425647324824-5425647329702-5425647361940-5425647361963-5425647429570-5425647431198-5425647431441,"[""Unknown""]",,,2026-07-27T08:24:48.778539+00:00,2,https://www.halooglasi.com/nekretnine/prodaja-stanova/bw--kings-park-residences-54m2/5425644559045?kid=1&sid=1785140835454,U pretrazi sajta možete željene oglase označiti kao izabrane i tako ih kasnije lakše pronaći. Želim da saznam više.
5425646931139,prodaja,"BW Quartet 3, uknjižen i odmah useljiv 58m2 + pm",260000.0,260.000 €,4482.76,,58.0,2.0,,,,,,,,Ulica Dimitrija Tucovića 77,Savski venac,,False,False,,,,,,,,,False,1,,[],,,2026-07-27T08:24:48.778539+00:00,2,https://www.halooglasi.com/nekretnine/prodaja-stanova/bw-quartet-3-uknjizen-i-odmah-useljiv-58m2-pm/5425646931139?kid=1&sid=1785140835454,U pretrazi sajta možete željene oglase označiti kao izabrane i tako ih kasnije lakše pronaći. Želim da saznam više.
5425647429570,prodaja,Dvosoban stan u BW Arcadia,260000.0,260.000 €,4727.27,,55.0,2.0,2.0,2-Bedroom,,,,,,,Savski venac,,False,True,,,,,,,,,True,51,dup-5425643474436-5425643490356-5425644545135-5425644559045-5425644560367-5425645112262-5425645200409-5425645233975-5425645331743-5425645349970-5425645427918-5425645432042-5425645471051-5425645543966-5425645544752-5425645570699-5425645570699-5425645591054-5425645775713-5425646086599-5425646108605-5425646127095-5425646212633-5425646228616-5425646382454-5425646757830-5425646915507-5425647049316-5425647054582-5425647056819-5425647060886-5425647062990-5425647063470-5425647165452-5425647181870-5425647198460-5425647209895-5425647211991-5425647211992-5425647212382-5425647241347-5425647241368-5425647286575-5425647294452-5425647324824-5425647329702-5425647361940-5425647361963-5425647429570-5425647431198-5425647431441,"[""Unknown""]",,,2026-07-27T08:24:48.778539+00:00,2,https://www.halooglasi.com/nekretnine/prodaja-stanova/dvosoban-stan-u-bw-arcadia/5425647429570?kid=3&sid=1785140835454,U pretrazi sajta možete željene oglase označiti kao izabrane i tako ih kasnije lakše pronaći. Želim da saznam više.
5425645349970,prodaja,"Najlepši stan, BW ID#132168",297000.0,297.000 €,5303.57,,56.0,2.0,,,,,,,,Ulica Bulevar Arsenija Čarnojevića 108/4,Savski venac,,False,True,,,,,,,,,True,51,dup-5425643474436-5425643490356-5425644545135-5425644559045-5425644560367-5425645112262-5425645200409-5425645233975-5425645331743-5425645349970-5425645427918-5425645432042-5425645471051-5425645543966-5425645544752-5425645570699-5425645570699-5425645591054-5425645775713-5425646086599-5425646108605-5425646127095-5425646212633-5425646228616-5425646382454-5425646757830-5425646915507-5425647049316-5425647054582-5425647056819-5425647060886-5425647062990-5425647063470-5425647165452-5425647181870-5425647198460-5425647209895-5425647211991-5425647211992-5425647212382-5425647241347-5425647241368-5425647286575-5425647294452-5425647324824-5425647329702-5425647361940-5425647361963-5425647429570-5425647431198-5425647431441,"[""Unknown""]",,,2026-07-27T08:24:48.778539+00:00,2,https://www.halooglasi.com/nekretnine/prodaja-stanova/najlepsi-stan-bw-id132168/5425645349970?kid=1&sid=1785140835454,U pretrazi sajta možete željene oglase označiti kao izabrane i tako ih kasnije lakše pronaći. Želim da saznam više.
5425647211991,prodaja,"Beograd na vodi, Bw Bella, 56m2",285000.0,285.000 €,5130.51,,55.55,2.0,,,,,,,,Ulica Hercegovacka 14a,Savski venac,,False,,,,,,,,,,True,51,dup-5425643474436-5425643490356-5425644545135-5425644559045-5425644560367-5425645112262-5425645200409-5425645233975-5425645331743-5425645349970-5425645427918-5425645432042-5425645471051-5425645543966-5425645544752-5425645570699-5425645570699-5425645591054-5425645775713-5425646086599-5425646108605-5425646127095-5425646212633-5425646228616-5425646382454-5425646757830-5425646915507-5425647049316-5425647054582-5425647056819-5425647060886-5425647062990-5425647063470-5425647165452-5425647181870-5425647198460-5425647209895-5425647211991-5425647211992-5425647212382-5425647241347-5425647241368-5425647286575-5425647294452-5425647324824-5425647329702-5425647361940-5425647361963-5425647429570-5425647431198-5425647431441,"[""Unknown""]",,,2026-07-27T08:24:48.778539+00:00,2,https://www.halooglasi.com/nekretnine/prodaja-stanova/beograd-na-vodi-bw-bella-56m2/5425647211991?kid=1&sid=1785140835454,U pretrazi sajta možete željene oglase označiti kao izabrane i tako ih kasnije lakše pronaći. Želim da saznam više.
5425647361939,prodaja,"Bw Victoria, 2.0 , 61 m2",418000.0,418.000 €,6836.77,,61.14,2.0,,,,,,,,Ulica Hercegovacka 14a,Savski venac,,False,,,,,,,,,,True,17,dup-5425645449861-5425646096448-5425646442394-5425646484077-5425646532426-5425647051001-5425647051002-5425647054238-5425647054240-5425647054242-5425647054578-5425647056812-5425647056828-5425647056838-5425647077181-5425647350299-5425647361939,"[""Owner"", ""Unknown""]",,,2026-07-27T08:24:48.778539+00:00,2,https://www.halooglasi.com/nekretnine/prodaja-stanova/bw-victoria-2-0-61-m2/5425647361939?kid=1&sid=1785140835454,U pretrazi sajta možete željene oglase označiti kao izabrane i tako ih kasnije lakše pronaći. Želim da saznam više.
5425647062990,prodaja,"BW Garden Palace, dvostrano orijentisan, pogled na",297000.0,297.000 €,5210.53,,57.0,2.0,,,,,,,,"Ulica Hercegovačka 23/209, Savski Venac",Savski venac,,False,,,,,,,,,,True,51,dup-5425643474436-5425643490356-5425644545135-5425644559045-5425644560367-5425645112262-5425645200409-5425645233975-5425645331743-5425645349970-5425645427918-5425645432042-5425645471051-5425645543966-5425645544752-5425645570699-5425645570699-5425645591054-5425645775713-5425646086599-5425646108605-5425646127095-5425646212633-5425646228616-5425646382454-5425646757830-5425646915507-5425647049316-5425647054582-5425647056819-5425647060886-5425647062990-5425647063470-5425647165452-5425647181870-5425647198460-5425647209895-5425647211991-5425647211992-5425647212382-5425647241347-5425647241368-5425647286575-5425647294452-5425647324824-5425647329702-5425647361940-5425647361963-5425647429570-5425647431198-5425647431441,"[""Unknown""]",,,2026-07-27T08:24:48.778539+00:00,2,https://www.halooglasi.com/nekretnine/prodaja-stanova/bw-garden-palace-dvostrano-orijentisan-pogled/5425647062990?kid=1&sid=1785140835454,U pretrazi sajta možete željene oglase označiti kao izabrane i tako ih kasnije lakše pronaći. Želim da saznam više.
5425646839136,prodaja,Bw Kula - prelep 3.0 stan sa fantastičnim pogledom,499000.0,499.000 €,8316.67,,60.0,2.0,,,,,,,,,Savski venac,,False,False,,,,,,,,,True,2,dup-5425644658848-5425646839136,"[""Unknown""]",,,2026-07-27T08:24:48.778539+00:00,2,https://www.halooglasi.com/nekretnine/prodaja-stanova/bw-kula---prelep-3-0-stan-sa-fantasticnim-pog/5425646839136?kid=1&sid=1785140835454,U pretrazi sajta možete željene oglase označiti kao izabrane i tako ih kasnije lakše pronaći. Želim da saznam više.
5425647051001,prodaja,BW Victoria - Pogled na reku i Kalemegdan,399000.0,399.000 €,6156.46,,64.81,2.0,,,,,,,,Ulica Bulevar Mihajla Pupina 165g,Savski venac,,False,,,,,,,,,,True,17,dup-5425645449861-5425646096448-5425646442394-5425646484077-5425646532426-5425647051001-5425647051002-5425647054238-5425647054240-5425647054242-5425647054578-5425647056812-5425647056828-5425647056838-5425647077181-5425647350299-5425647361939,"[""Owner"", ""Unknown""]",,,2026-07-27T08:24:48.778539+00:00,2,https://www.halooglasi.com/nekretnine/prodaja-stanova/bw-victoria---pogled-na-reku-i-kalemegdan/5425647051001?kid=1&sid=1785140835454,U pretrazi sajta možete željene oglase označiti kao izabrane i tako ih kasnije lakše pronaći. Želim da saznam više.
5425646979174,prodaja,St. Regis - lux 2.0 stan,732000.0,732.000 €,9891.89,,74.0,2.0,,,,,,,,,Savski venac,,False,,,,,,,,,,False,1,,[],,,2026-07-27T08:24:48.778539+00:00,2,https://www.halooglasi.com/nekretnine/prodaja-stanova/st-regis---lux-2-0-stan/5425646979174?kid=1&sid=1785140835454,U pretrazi sajta možete željene oglase označiti kao izabrane i tako ih kasnije lakše pronaći. Želim da saznam više.
5425647324824,prodaja,"BW Garden Plaza, odlična ponuda, drugi red od reke",275000.0,275.000 €,5188.68,,53.0,2.0,,,,,,,,"Ulica Hercegovačka 23/209, Savski Venac",Savski venac,,False,False,,,,,,,,,True,51,dup-5425643474436-5425643490356-5425644545135-5425644559045-5425644560367-5425645112262-5425645200409-5425645233975-5425645331743-5425645349970-5425645427918-5425645432042-5425645471051-5425645543966-5425645544752-5425645570699-5425645570699-5425645591054-5425645775713-5425646086599-5425646108605-5425646127095-5425646212633-5425646228616-5425646382454-5425646757830-5425646915507-5425647049316-5425647054582-5425647056819-5425647060886-5425647062990-5425647063470-5425647165452-5425647181870-5425647198460-5425647209895-5425647211991-5425647211992-5425647212382-5425647241347-5425647241368-5425647286575-5425647294452-5425647324824-5425647329702-5425647361940-5425647361963-5425647429570-5425647431198-5425647431441,"[""Unknown""]",,,2026-07-27T08:24:48.778539+00:00,2,https://www.halooglasi.com/nekretnine/prodaja-stanova/bw-garden-plaza-odlicna-ponuda-drugi-red-od-r/5425647324824?kid=1&sid=1785140835454,U pretrazi sajta možete željene oglase označiti kao izabrane i tako ih kasnije lakše pronaći. Želim da saznam više.
5425647286575,prodaja,Centar-Beograd na vodi ID#1377,285000.0,285.000 €,5277.78,,54.0,2.0,,,,,,,,"Ulica Smiljanićeva 6, Beograd",Savski venac,,False,,,,,,,,,,True,51,dup-5425643474436-5425643490356-5425644545135-5425644559045-5425644560367-5425645112262-5425645200409-5425645233975-5425645331743-5425645349970-5425645427918-5425645432042-5425645471051-5425645543966-5425645544752-5425645570699-5425645570699-5425645591054-5425645775713-5425646086599-5425646108605-5425646127095-5425646212633-5425646228616-5425646382454-5425646757830-5425646915507-5425647049316-5425647054582-5425647056819-5425647060886-5425647062990-5425647063470-5425647165452-5425647181870-5425647198460-5425647209895-5425647211991-5425647211992-5425647212382-5425647241347-5425647241368-5425647286575-5425647294452-5425647324824-5425647329702-5425647361940-5425647361963-5425647429570-5425647431198-5425647431441,"[""Unknown""]",,,2026-07-27T08:24:48.778539+00:00,2,https://www.halooglasi.com/nekretnine/prodaja-stanova/centar-beograd-na-vodi-id1377/5425647286575?kid=1&sid=1785140835454,U pretrazi sajta možete željene oglase označiti kao izabrane i tako ih kasnije lakše pronaći. Želim da saznam više.
5425646127095,prodaja,"BW Echo, lux novogradnja ID#12410",285000.0,285.000 €,5054.09,,56.39,2.0,,,,,,,,"Ulica Dositejeva 9/3, Beograd",Savski venac,,False,True,,,,,,,,,True,51,dup-5425643474436-5425643490356-5425644545135-5425644559045-5425644560367-5425645112262-5425645200409-5425645233975-5425645331743-5425645349970-5425645427918-5425645432042-5425645471051-5425645543966-5425645544752-5425645570699-5425645570699-5425645591054-5425645775713-5425646086599-5425646108605-5425646127095-5425646212633-5425646228616-5425646382454-5425646757830-5425646915507-5425647049316-5425647054582-5425647056819-5425647060886-5425647062990-5425647063470-5425647165452-5425647181870-5425647198460-5425647209895-5425647211991-5425647211992-5425647212382-5425647241347-5425647241368-5425647286575-5425647294452-5425647324824-5425647329702-5425647361940-5425647361963-5425647429570-5425647431198-5425647431441,"[""Unknown""]",,,2026-07-27T08:24:48.778539+00:00,2,https://www.halooglasi.com/nekretnine/prodaja-stanova/bw-echo-lux-novogradnja-id12410/5425646127095?kid=1&sid=1785140835454,U pretrazi sajta možete željene oglase označiti kao izabrane i tako ih kasnije lakše pronaći. Želim da saznam više.
5425645200409,prodaja,BW Aurora - dvosoban stan sa pogledom na reku,260000.0,260.000 €,4905.66,,53.0,2.0,2.0,2-Bedroom,,,,,,Ulica Bulevar Mihajla Pupina 165g,Savski venac,,False,False,,,,,,,,,True,51,dup-5425643474436-5425643490356-5425644545135-5425644559045-5425644560367-5425645112262-5425645200409-5425645233975-5425645331743-5425645349970-5425645427918-5425645432042-5425645471051-5425645543966-5425645544752-5425645570699-5425645570699-5425645591054-5425645775713-5425646086599-5425646108605-5425646127095-5425646212633-5425646228616-5425646382454-5425646757830-5425646915507-5425647049316-5425647054582-5425647056819-5425647060886-5425647062990-5425647063470-5425647165452-5425647181870-5425647198460-5425647209895-5425647211991-5425647211992-5425647212382-5425647241347-5425647241368-5425647286575-5425647294452-5425647324824-5425647329702-5425647361940-5425647361963-5425647429570-5425647431198-5425647431441,"[""Unknown""]",,,2026-07-27T08:24:48.778539+00:00,2,https://www.halooglasi.com/nekretnine/prodaja-stanova/bw-aurora---dvosoban-stan-sa-pogledom-na-reku/5425645200409?kid=1&sid=1785140835454,U pretrazi sajta možete željene oglase označiti kao izabrane i tako ih kasnije lakše pronaći. Želim da saznam više.
5425646442394,prodaja,"Bw Victoria, 61 m2",418000.0,418.000 €,6836.77,,61.14,2.0,,,,,,,,Ulica Hercegovacka 14a,Savski venac,,False,,,,,,,,,,True,17,dup-5425645449861-5425646096448-5425646442394-5425646484077-5425646532426-5425647051001-5425647051002-5425647054238-5425647054240-5425647054242-5425647054578-5425647056812-5425647056828-5425647056838-5425647077181-5425647350299-5425647361939,"[""Owner"", ""Unknown""]",,,2026-07-27T08:24:48.778539+00:00,2,https://www.halooglasi.com/nekretnine/prodaja-stanova/bw-victoria-61-m2/5425646442394?kid=3&sid=1785140835454,U pretrazi sajta možete željene oglase označiti kao izabrane i tako ih kasnije lakše pronaći. Želim da saznam više.
5425647114290,prodaja,Dvosoban stan - BW Sena,260000.0,260.000 €,4182.75,,62.16,2.0,2.0,2-Bedroom,,,,,,Ulica Bulevar Mihajla Pupina 165g,Savski venac,,False,False,,,,,,,,,False,1,,[],,,2026-07-27T08:24:48.778539+00:00,2,https://www.halooglasi.com/nekretnine/prodaja-stanova/dvosoban-stan---bw-sena/5425647114290?kid=1&sid=1785140835454,U pretrazi sajta možete željene oglase označiti kao izabrane i tako ih kasnije lakše pronaći. Želim da saznam više.
5425646725410,prodaja,BW Riviera-Najprestižnija lokacija uz reku,665000.0,665.000 €,8243.46,,80.67,2.0,,,,,,,,Ulica Mileševska 43,Savski venac,,False,,,,,,,,,,True,3,dup-5425645156999-5425646725410-5425646997447,"[""Unknown""]",,,2026-07-27T08:24:48.778539+00:00,2,https://www.halooglasi.com/nekretnine/prodaja-stanova/bw-riviera-najprestiznija-lokacija-uz-reku/5425646725410?kid=4&sid=1785140835454,U pretrazi sajta možete željene oglase označiti kao izabrane i tako ih kasnije lakše pronaći. Želim da saznam više.
5425647200860,prodaja,"BW Sena, odlična ponuda, premium zgrada ID#4616",297000.0,297.000 €,4950.0,,60.0,2.0,,,,,,,,"Ulica Hercegovačka 23/209, Savski Venac",Savski venac,,False,,,,,,,,,,True,8,dup-5425646195462-5425646350536-5425646964286-5425647056813-5425647111552-5425647165407-5425647190745-5425647200860,"[""Unknown""]",,,2026-07-27T08:24:48.778539+00:00,2,https://www.halooglasi.com/nekretnine/prodaja-stanova/bw-sena-odlicna-ponuda-premium-zgrada-id4616/5425647200860?kid=1&sid=1785140835454,U pretrazi sajta možete željene oglase označiti kao izabrane i tako ih kasnije lakše pronaći. Želim da saznam više.
5425647051002,prodaja,"Beograd na vodi, zgrada Bw Victoria, 62m2",418000.0,418.000 €,6697.64,,62.41,2.0,,,,,,,,Ulica Hercegovacka 14a,Savski venac,,False,False,,,,,,,,,True,17,dup-5425645449861-5425646096448-5425646442394-5425646484077-5425646532426-5425647051001-5425647051002-5425647054238-5425647054240-5425647054242-5425647054578-5425647056812-5425647056828-5425647056838-5425647077181-5425647350299-5425647361939,"[""Owner"", ""Unknown""]",,,2026-07-27T08:24:48.778539+00:00,2,https://www.halooglasi.com/nekretnine/prodaja-stanova/beograd-na-vodi-zgrada-bw-victoria-62m2/5425647051002?kid=1&sid=1785140835454,U pretrazi sajta možete željene oglase označiti kao izabrane i tako ih kasnije lakše pronaći. Želim da saznam više.
5425645331743,prodaja,"Savski venac, Beograd na vodi, Luke Ćelovića Trebi",285000.0,285.000 €,5277.78,,54.0,2.0,,,,,,,,"Ulica Njegoševa 56, Beograd",Savski venac,,False,False,,,,,,,,,True,51,dup-5425643474436-5425643490356-5425644545135-5425644559045-5425644560367-5425645112262-5425645200409-5425645233975-5425645331743-5425645349970-5425645427918-5425645432042-5425645471051-5425645543966-5425645544752-5425645570699-5425645570699-5425645591054-5425645775713-5425646086599-5425646108605-5425646127095-5425646212633-5425646228616-5425646382454-5425646757830-5425646915507-5425647049316-5425647054582-5425647056819-5425647060886-5425647062990-5425647063470-5425647165452-5425647181870-5425647198460-5425647209895-5425647211991-5425647211992-5425647212382-5425647241347-5425647241368-5425647286575-5425647294452-5425647324824-5425647329702-5425647361940-5425647361963-5425647429570-5425647431198-5425647431441,"[""Unknown""]",,,2026-07-27T08:24:48.778539+00:00,2,https://www.halooglasi.com/nekretnine/prodaja-stanova/savski-venac-beograd-na-vodi-luke-celovica-tr/5425645331743?kid=1&sid=1785140835454,U pretrazi sajta možete željene oglase označiti kao izabrane i tako ih kasnije lakše pronaći. Želim da saznam više.
5425646757830,prodaja,BW Eden - Apollo centar - Spreman za useljenje,297000.0,297.000 €,5406.88,,54.93,2.0,,,,,,,,Ulica Luke Ćelovića Trebinjca 18,Savski venac,,False,True,,,,,,,,,True,51,dup-5425643474436-5425643490356-5425644545135-5425644559045-5425644560367-5425645112262-5425645200409-5425645233975-5425645331743-5425645349970-5425645427918-5425645432042-5425645471051-5425645543966-5425645544752-5425645570699-5425645570699-5425645591054-5425645775713-5425646086599-5425646108605-5425646127095-5425646212633-5425646228616-5425646382454-5425646757830-5425646915507-5425647049316-5425647054582-5425647056819-5425647060886-5425647062990-5425647063470-5425647165452-5425647181870-5425647198460-5425647209895-5425647211991-5425647211992-5425647212382-5425647241347-5425647241368-5425647286575-5425647294452-5425647324824-5425647329702-5425647361940-5425647361963-5425647429570-5425647431198-5425647431441,"[""Unknown""]",,,2026-07-27T08:24:48.778539+00:00,2,https://www.halooglasi.com/nekretnine/prodaja-stanova/bw-eden---apollo-centar---spreman-za-useljenj/5425646757830?kid=4&sid=1785140835454,U pretrazi sajta možete željene oglase označiti kao izabrane i tako ih kasnije lakše pronaći. Želim da saznam više.
5425646484077,prodaja,"BW Victoria,premium,pogled na reku, parking",399000.0,399.000 €,5955.22,,67.0,2.0,,,,,,,,Ulica Bulevar Kralja Aleksandra I Karađorđevića 33,Savski venac,,False,,,,,,,,,,True,17,dup-5425645449861-5425646096448-5425646442394-5425646484077-5425646532426-5425647051001-5425647051002-5425647054238-5425647054240-5425647054242-5425647054578-5425647056812-5425647056828-5425647056838-5425647077181-5425647350299-5425647361939,"[""Owner"", ""Unknown""]",,,2026-07-27T08:24:48.778539+00:00,2,https://www.halooglasi.com/nekretnine/prodaja-stanova/bw-victoria-premium-pogled-na-reku-parking/5425646484077?kid=1&sid=1785140835454,U pretrazi sajta možete željene oglase označiti kao izabrane i tako ih kasnije lakše pronaći. Želim da saznam više.
5425646868783,prodaja,"Stan s pogledom na reku - BW Topaz, na rate, bez p",375000.0,375.000 €,5597.01,,67.0,2.0,,,,,,,,Ulica Bulevar Mihajla Pupina 165g,Savski venac,,False,True,,,,,,,,,True,15,dup-5425645739672-5425645739672-5425645741358-5425646687135-5425646868783-5425646881265-5425647041770-5425647054204-5425647060887-5425647241366-5425647255093-5425647325470-5425647349233-5425647349264-5425647361950,"[""Owner"", ""Unknown""]",,,2026-07-27T08:24:48.778539+00:00,2,https://www.halooglasi.com/nekretnine/prodaja-stanova/stan-s-pogledom-na-reku---bw-topaz-na-rate-be/5425646868783?kid=1&sid=1785140835454,U pretrazi sajta možete željene oglase označiti kao izabrane i tako ih kasnije lakše pronaći. Želim da saznam više.
5425645295632,prodaja,Stan Bw Kula sa prelepim pogledom i terasom,665888.0,665.888 €,9067.1,,73.44,2.0,,,,,,,,,Savski venac,,False,,,,,,,,,,True,2,dup-5425645033171-5425645295632,"[""Unknown""]",,,2026-07-27T08:24:48.778539+00:00,2,https://www.halooglasi.com/nekretnine/prodaja-stanova/stan-bw-kula-sa-prelepim-pogledom-i-terasom/5425645295632?kid=1&sid=1785140835454,U pretrazi sajta možete željene oglase označiti kao izabrane i tako ih kasnije lakše pronaći. Želim da saznam više.
5425647165407,prodaja,"BW Sena, premium zgrada, pogled na park ID#4596",297000.0,297.000 €,4868.85,,61.0,2.0,,,,,,,,"Ulica Hercegovačka 23/209, Savski Venac",Savski venac,,False,,,,,,,,,,True,8,dup-5425646195462-5425646350536-5425646964286-5425647056813-5425647111552-5425647165407-5425647190745-5425647200860,"[""Unknown""]",,,2026-07-27T08:24:48.778539+00:00,2,https://www.halooglasi.com/nekretnine/prodaja-stanova/bw-sena-premium-zgrada-pogled-na-park-id4596/5425647165407?kid=1&sid=1785140835454,U pretrazi sajta možete željene oglase označiti kao izabrane i tako ih kasnije lakše pronaći. Želim da saznam više.
5425646882266,prodaja,Beograd na vodi – BW Libera – 2.0 - garaža,375000.0,375.000 €,6455.5,,58.09,2.0,,,,,,,,,Savski venac,,False,,,,,,,,,,False,1,,[],,,2026-07-27T08:24:48.778539+00:00,2,https://www.halooglasi.com/nekretnine/prodaja-stanova/beograd-na-vodi-bw-libera-2-0---garaza/5425646882266?kid=1&sid=1785140835454,U pretrazi sajta možete željene oglase označiti kao izabrane i tako ih kasnije lakše pronaći. Želim da saznam više.
5425646740665,prodaja,Lux novogradnja u Beogradu na vodi - Premium Perla,425000.0,425.000 €,6071.43,,70.0,2.0,,,,,,,,Ulica Patrijarha Varnave 20,Savski venac,,False,,,,,,,,,,True,6,dup-5425646590449-5425646740665-5425646968866-5425646975531-5425647054203-5425647316462,"[""Unknown""]",,,2026-07-27T08:24:48.778539+00:00,2,https://www.halooglasi.com/nekretnine/prodaja-stanova/lux-novogradnja-u-beogradu-na-vodi---premium/5425646740665?kid=1&sid=1785140835454,U pretrazi sajta možete željene oglase označiti kao izabrane i tako ih kasnije lakše pronaći. Želim da saznam više.
5425647361940,prodaja,"Bw Bella , 2.0 , 55m2",297000.0,297.000 €,5406.88,,54.93,2.0,,,,,,,,Ulica Hercegovacka 14a,Savski venac,,False,,,,,,,,,,True,51,dup-5425643474436-5425643490356-5425644545135-5425644559045-5425644560367-5425645112262-5425645200409-5425645233975-5425645331743-5425645349970-5425645427918-5425645432042-5425645471051-5425645543966-5425645544752-5425645570699-5425645570699-5425645591054-5425645775713-5425646086599-5425646108605-5425646127095-5425646212633-5425646228616-5425646382454-5425646757830-5425646915507-5425647049316-5425647054582-5425647056819-5425647060886-5425647062990-5425647063470-5425647165452-5425647181870-5425647198460-5425647209895-5425647211991-5425647211992-5425647212382-5425647241347-5425647241368-5425647286575-5425647294452-5425647324824-5425647329702-5425647361940-5425647361963-5425647429570-5425647431198-5425647431441,"[""Unknown""]",,,2026-07-27T08:24:48.778539+00:00,2,https://www.halooglasi.com/nekretnine/prodaja-stanova/bw-bella-2-0-55m2/5425647361940?kid=1&sid=1785140835454,U pretrazi sajta možete željene oglase označiti kao izabrane i tako ih kasnije lakše pronaći. Želim da saznam više.
5425647097390,prodaja,BW Perla - Stan u najtraženijoj vertikali,750000.0,750.000 €,6365.1,,117.83,2.0,,,,,,,,Ulica Luke Ćelovića Trebinjca 18,Savski venac,,False,,,,,,,,,,True,6,dup-5425645728797-5425647097390-5425647131821-5425647174483-5425647298786-5425647362339,"[""Unknown""]",,,2026-07-27T08:24:48.778539+00:00,2,https://www.halooglasi.com/nekretnine/prodaja-stanova/bw-perla---stan-u-najtrazenijoj-vertikali/5425647097390?kid=4&sid=1785140835454,U pretrazi sajta možete željene oglase označiti kao izabrane i tako ih kasnije lakše pronaći. Želim da saznam više.
5425646532426,prodaja,Stan sa pogledom na re­ku - BW Victoria,418000.0,418.000 €,6836.77,,61.14,2.0,,,,,,,,Ulica Luke Ćelovića Trebinjca 18,Savski venac,,True,,,,,,,,,,True,17,dup-5425645449861-5425646096448-5425646442394-5425646484077-5425646532426-5425647051001-5425647051002-5425647054238-5425647054240-5425647054242-5425647054578-5425647056812-5425647056828-5425647056838-5425647077181-5425647350299-5425647361939,"[""Owner"", ""Unknown""]",,,2026-07-27T08:24:48.778539+00:00,2,https://www.halooglasi.com/nekretnine/prodaja-stanova/stan-sa-pogledom-na-reku---bw-victoria/5425646532426?kid=4&sid=1785140835454,U pretrazi sajta možete željene oglase označiti kao izabrane i tako ih kasnije lakše pronaći. Želim da saznam više.
5425645544752,prodaja,"Beograd na vodi, zgrada Nota, 56m2",285000.0,285.000 €,5122.21,,55.64,2.0,,,,,,,,Ulica Hercegovacka 14a,Savski venac,,False,,,,,,,,,,True,51,dup-5425643474436-5425643490356-5425644545135-5425644559045-5425644560367-5425645112262-5425645200409-5425645233975-5425645331743-5425645349970-5425645427918-5425645432042-5425645471051-5425645543966-5425645544752-5425645570699-5425645570699-5425645591054-5425645775713-5425646086599-5425646108605-5425646127095-5425646212633-5425646228616-5425646382454-5425646757830-5425646915507-5425647049316-5425647054582-5425647056819-5425647060886-5425647062990-5425647063470-5425647165452-5425647181870-5425647198460-5425647209895-5425647211991-5425647211992-5425647212382-5425647241347-5425647241368-5425647286575-5425647294452-5425647324824-5425647329702-5425647361940-5425647361963-5425647429570-5425647431198-5425647431441,"[""Unknown""]",,,2026-07-27T08:24:48.778539+00:00,2,https://www.halooglasi.com/nekretnine/prodaja-stanova/beograd-na-vodi-zgrada-nota-56m2/5425645544752?kid=1&sid=1785140835454,U pretrazi sajta možete željene oglase označiti kao izabrane i tako ih kasnije lakše pronaći. Želim da saznam više.
5425647316462,prodaja,Bw Victoria One Bedroom,399000.0,399.000 €,5771.73,,69.13,2.0,,,,,,,,Ulica Šumatovačka 36,Savski venac,,False,,,,,,,,,,True,6,dup-5425646590449-5425646740665-5425646968866-5425646975531-5425647054203-5425647316462,"[""Unknown""]",,,2026-07-27T08:24:48.778539+00:00,2,https://www.halooglasi.com/nekretnine/prodaja-stanova/bw-victoria-one-bedroom/5425647316462?kid=4&sid=1785140835454,U pretrazi sajta možete željene oglase označiti kao izabrane i tako ih kasnije lakše pronaći. Želim da saznam više.
5425647175233,prodaja,BW Perla - 23. sprat sa pogledom na reku,750000.0,750.000 €,6587.62,,113.85,2.0,,,,,,,,Ulica Luke Ćelovića Trebinjca 18,Savski venac,,False,,,,,,,,,,True,8,dup-5425645290982-5425646917155-5425646982526-5425647032412-5425647064091-5425647175233-5425647177812-5425647435343,"[""Unknown""]",,,2026-07-27T08:24:48.778539+00:00,2,https://www.halooglasi.com/nekretnine/prodaja-stanova/bw-perla---23-sprat-sa-pogledom-na-reku/5425647175233?kid=4&sid=1785140835454,U pretrazi sajta možete željene oglase označiti kao izabrane i tako ih kasnije lakše pronaći. Želim da saznam više.
5425647212382,prodaja,"Beograd na vodi, BW Nika, 2.0. LUX, Useljiv uskoro",260000.0,260.000 €,4699.93,,55.32,2.0,,,,,,,,Ulica Sarajevska 40,Savski venac,,False,True,,,,,,,,,True,51,dup-5425643474436-5425643490356-5425644545135-5425644559045-5425644560367-5425645112262-5425645200409-5425645233975-5425645331743-5425645349970-5425645427918-5425645432042-5425645471051-5425645543966-5425645544752-5425645570699-5425645570699-5425645591054-5425645775713-5425646086599-5425646108605-5425646127095-5425646212633-5425646228616-5425646382454-5425646757830-5425646915507-5425647049316-5425647054582-5425647056819-5425647060886-5425647062990-5425647063470-5425647165452-5425647181870-5425647198460-5425647209895-5425647211991-5425647211992-5425647212382-5425647241347-5425647241368-5425647286575-5425647294452-5425647324824-5425647329702-5425647361940-5425647361963-5425647429570-5425647431198-5425647431441,"[""Unknown""]",,,2026-07-27T08:24:48.778539+00:00,2,https://www.halooglasi.com/nekretnine/prodaja-stanova/beograd-na-vodi-bw-nika-2-0-lux-useljiv-uskor/5425647212382?kid=4&sid=1785140835454,U pretrazi sajta možete željene oglase označiti kao izabrane i tako ih kasnije lakše pronaći. Želim da saznam više.
5425647209895,prodaja,"Beograd na vodi, Bw Bella, 55m2",285000.0,285.000 €,5177.11,,55.05,2.0,,,,,,,,Ulica Hercegovacka 14a,Savski venac,,False,,,,,,,,,,True,51,dup-5425643474436-5425643490356-5425644545135-5425644559045-5425644560367-5425645112262-5425645200409-5425645233975-5425645331743-5425645349970-5425645427918-5425645432042-5425645471051-5425645543966-5425645544752-5425645570699-5425645570699-5425645591054-5425645775713-5425646086599-5425646108605-5425646127095-5425646212633-5425646228616-5425646382454-5425646757830-5425646915507-5425647049316-5425647054582-5425647056819-5425647060886-5425647062990-5425647063470-5425647165452-5425647181870-5425647198460-5425647209895-5425647211991-5425647211992-5425647212382-5425647241347-5425647241368-5425647286575-5425647294452-5425647324824-5425647329702-5425647361940-5425647361963-5425647429570-5425647431198-5425647431441,"[""Unknown""]",,,2026-07-27T08:24:48.778539+00:00,2,https://www.halooglasi.com/nekretnine/prodaja-stanova/beograd-na-vodi-bw-bella-55m2/5425647209895?kid=1&sid=1785140835454,U pretrazi sajta možete željene oglase označiti kao izabrane i tako ih kasnije lakše pronaći. Želim da saznam više.
5425646856726,prodaja,"Beograd na vodi Parkview, lux",375000.0,375.000 €,5357.14,,70.0,2.0,,,,,,,,"Ulica Beograd, Sinđelićeva br. 5",Savski venac,,False,True,,,,,,,,,False,1,,[],,,2026-07-27T08:24:48.778539+00:00,2,https://www.halooglasi.com/nekretnine/prodaja-stanova/beograd-na-vodi-parkview-lux/5425646856726?kid=1&sid=1785140835454,U pretrazi sajta možete željene oglase označiti kao izabrane i tako ih kasnije lakše pronaći. Želim da saznam više.
5425647056813,prodaja,"BW Lena, pored reke, zapadna orijentacija ID#4511",297000.0,297.000 €,4790.32,,62.0,2.0,,,,,,,,"Ulica Hercegovačka 23/209, Savski Venac",Savski venac,,False,False,,,,,,,,,True,8,dup-5425646195462-5425646350536-5425646964286-5425647056813-5425647111552-5425647165407-5425647190745-5425647200860,"[""Unknown""]",,,2026-07-27T08:24:48.778539+00:00,2,https://www.halooglasi.com/nekretnine/prodaja-stanova/bw-lena-pored-reke-zapadna-orijentacija-id451/5425647056813?kid=1&sid=1785140835454,U pretrazi sajta možete željene oglase označiti kao izabrane i tako ih kasnije lakše pronaći. Želim da saznam više.
5425645482050,prodaja,"Beograd na vodi, St Regis, 60m2",599000.0,599.000 €,9996.66,,59.92,2.0,,,,,,,,Ulica Hercegovacka 14a,Savski venac,,False,,,,,,,,,,True,5,dup-5425644688159-5425645482050-5425646449478-5425646730017-5425646986901,"[""Unknown""]",,,2026-07-27T08:24:48.778539+00:00,2,https://www.halooglasi.com/nekretnine/prodaja-stanova/beograd-na-vodi-st-regis-60m2/5425645482050?kid=1&sid=1785140835454,U pretrazi sajta možete željene oglase označiti kao izabrane i tako ih kasnije lakše pronaći. Želim da saznam više.
5425646350536,prodaja,"Bw Sensa 2.0, Premium Enterijer",275000.0,275.000 €,4577.23,,60.08,2.0,,,,,,,,Ulica Šumatovačka 36,Savski venac,,False,True,,,,,,,,,True,8,dup-5425646195462-5425646350536-5425646964286-5425647056813-5425647111552-5425647165407-5425647190745-5425647200860,"[""Unknown""]",,,2026-07-27T08:24:48.778539+00:00,2,https://www.halooglasi.com/nekretnine/prodaja-stanova/bw-sensa-2-0-premium-enterijer/5425646350536?kid=4&sid=1785140835454,U pretrazi sajta možete željene oglase označiti kao izabrane i tako ih kasnije lakše pronaći. Želim da saznam više.
5425647054582,prodaja,"Bw Kings Park, 55m2",310000.0,310.000 €,5580.56,,55.55,2.0,,,,,,,,Ulica Hercegovacka 14a,Savski venac,,False,,,,,,,,,,True,51,dup-5425643474436-5425643490356-5425644545135-5425644559045-5425644560367-5425645112262-5425645200409-5425645233975-5425645331743-5425645349970-5425645427918-5425645432042-5425645471051-5425645543966-5425645544752-5425645570699-5425645570699-5425645591054-5425645775713-5425646086599-5425646108605-5425646127095-5425646212633-5425646228616-5425646382454-5425646757830-5425646915507-5425647049316-5425647054582-5425647056819-5425647060886-5425647062990-5425647063470-5425647165452-5425647181870-5425647198460-5425647209895-5425647211991-5425647211992-5425647212382-5425647241347-5425647241368-5425647286575-5425647294452-5425647324824-5425647329702-5425647361940-5425647361963-5425647429570-5425647431198-5425647431441,"[""Unknown""]",,,2026-07-27T08:24:48.778539+00:00,2,https://www.halooglasi.com/nekretnine/prodaja-stanova/bw-kings-park-55m2/5425647054582?kid=1&sid=1785140835454,U pretrazi sajta možete željene oglase označiti kao izabrane i tako ih kasnije lakše pronaći. Želim da saznam više.
5425647241347,prodaja,"BW Garden Plaza, odlična ponuda, pogled na grad ID",260000.0,260.000 €,4814.81,,54.0,2.0,,,,,,,,"Ulica Hercegovačka 23/209, Savski Venac",Savski venac,,False,,,,,,,,,,True,51,dup-5425643474436-5425643490356-5425644545135-5425644559045-5425644560367-5425645112262-5425645200409-5425645233975-5425645331743-5425645349970-5425645427918-5425645432042-5425645471051-5425645543966-5425645544752-5425645570699-5425645570699-5425645591054-5425645775713-5425646086599-5425646108605-5425646127095-5425646212633-5425646228616-5425646382454-5425646757830-5425646915507-5425647049316-5425647054582-5425647056819-5425647060886-5425647062990-5425647063470-5425647165452-5425647181870-5425647198460-5425647209895-5425647211991-5425647211992-5425647212382-5425647241347-5425647241368-5425647286575-5425647294452-5425647324824-5425647329702-5425647361940-5425647361963-5425647429570-5425647431198-5425647431441,"[""Unknown""]",,,2026-07-27T08:24:48.778539+00:00,2,https://www.halooglasi.com/nekretnine/prodaja-stanova/bw-garden-plaza-odlicna-ponuda-pogled-na-grad/5425647241347?kid=1&sid=1785140835454,U pretrazi sajta možete željene oglase označiti kao izabrane i tako ih kasnije lakše pronaći. Želim da saznam više.
5425646461903,prodaja,Bw Riviera 2.0 Riverfront sa pogledom na reku,565000.0,565.000 €,7164.6,,78.86,2.0,,,,,,,,Ulica Šumatovačka 36,Savski venac,,False,,,,,,,,,,True,3,dup-5425646461903-5425646557454-5425647004781,"[""Unknown""]",,,2026-07-27T08:24:48.778539+00:00,2,https://www.halooglasi.com/nekretnine/prodaja-stanova/bw-riviera-2-0-riverfront-sa-pogledom-na-reku/5425646461903?kid=1&sid=1785140835454,U pretrazi sajta možete željene oglase označiti kao izabrane i tako ih kasnije lakše pronaći. Želim da saznam više.
5425647111552,prodaja,Jednosoban stan - BW Sena,297000.0,297.000 €,4872.05,,60.96,2.0,1.0,1-Bedroom,,,,,,Ulica Bulevar Mihajla Pupina 165g,Savski venac,,False,True,,,,,,,,,True,8,dup-5425646195462-5425646350536-5425646964286-5425647056813-5425647111552-5425647165407-5425647190745-5425647200860,"[""Unknown""]",,,2026-07-27T08:24:48.778539+00:00,2,https://www.halooglasi.com/nekretnine/prodaja-stanova/jednosoban-stan---bw-sena/5425647111552?kid=1&sid=1785140835454,U pretrazi sajta možete željene oglase označiti kao izabrane i tako ih kasnije lakše pronaći. Želim da saznam više.
5425647004781,prodaja,BW - Riviera - sa terasom i pogledom na reku,565000.0,565.000 €,7038.74,,80.27,2.0,,,,,,,,Ulica Dunavski kej 48,Savski venac,,False,,,,,,,,,,True,3,dup-5425646461903-5425646557454-5425647004781,"[""Unknown""]",,,2026-07-27T08:24:48.778539+00:00,2,https://www.halooglasi.com/nekretnine/prodaja-stanova/bw---riviera---sa-terasom-i-pogledom-na-reku/5425647004781?kid=1&sid=1785140835454,U pretrazi sajta možete željene oglase označiti kao izabrane i tako ih kasnije lakše pronaći. Želim da saznam više.
5425645570699,prodaja,"Kings Park Residence, 2.0 Lux",285000.0,285.000 €,5277.78,,54.0,2.0,,,,,,BW Residence,,Ulica Bulevar Zorana Đinđića 83/1,Savski venac,,False,True,,,,,,,,,True,51,dup-5425643474436-5425643490356-5425644545135-5425644559045-5425644560367-5425645112262-5425645200409-5425645233975-5425645331743-5425645349970-5425645427918-5425645432042-5425645471051-5425645543966-5425645544752-5425645570699-5425645570699-5425645591054-5425645775713-5425646086599-5425646108605-5425646127095-5425646212633-5425646228616-5425646382454-5425646757830-5425646915507-5425647049316-5425647054582-5425647056819-5425647060886-5425647062990-5425647063470-5425647165452-5425647181870-5425647198460-5425647209895-5425647211991-5425647211992-5425647212382-5425647241347-5425647241368-5425647286575-5425647294452-5425647324824-5425647329702-5425647361940-5425647361963-5425647429570-5425647431198-5425647431441,"[""Unknown""]",,,2026-07-27T08:24:48.778539+00:00,2,https://www.halooglasi.com/nekretnine/prodaja-stanova/kings-park-residence-2-0-lux/5425645570699?kid=4&sid=1785140835454,U pretrazi sajta možete željene oglase označiti kao izabrane i tako ih kasnije lakše pronaći. Želim da saznam više.
5425647198460,prodaja,"2.0 Quartet 4, moderno opremljen ID#2735",297000.0,297.000 €,5303.57,,56.0,2.0,,,,,,,,"Ulica Terazije br.6, BEOGRAD",Savski venac,,False,,,,,,,,,,True,51,dup-5425643474436-5425643490356-5425644545135-5425644559045-5425644560367-5425645112262-5425645200409-5425645233975-5425645331743-5425645349970-5425645427918-5425645432042-5425645471051-5425645543966-5425645544752-5425645570699-5425645570699-5425645591054-5425645775713-5425646086599-5425646108605-5425646127095-5425646212633-5425646228616-5425646382454-5425646757830-5425646915507-5425647049316-5425647054582-5425647056819-5425647060886-5425647062990-5425647063470-5425647165452-5425647181870-5425647198460-5425647209895-5425647211991-5425647211992-5425647212382-5425647241347-5425647241368-5425647286575-5425647294452-5425647324824-5425647329702-5425647361940-5425647361963-5425647429570-5425647431198-5425647431441,"[""Unknown""]",,,2026-07-27T08:24:48.778539+00:00,2,https://www.halooglasi.com/nekretnine/prodaja-stanova/2-0-quartet-4-moderno-opremljen-id2735/5425647198460?kid=1&sid=1785140835454,U pretrazi sajta možete željene oglase označiti kao izabrane i tako ih kasnije lakše pronaći. Želim da saznam više.
5425647056811,prodaja,"BW Lena, prva linija to reke, bez provizije ID#451",343000.0,343.000 €,5444.44,,63.0,2.0,,,,,,,,"Ulica Hercegovačka 23/209, Savski Venac",Savski venac,,False,False,,,,,,,,,True,2,dup-5425646656966-5425647056811,"[""Unknown""]",,,2026-07-27T08:24:48.778539+00:00,2,https://www.halooglasi.com/nekretnine/prodaja-stanova/bw-lena-prva-linija-to-reke-bez-provizije-id4/5425647056811?kid=1&sid=1785140835454,U pretrazi sajta možete željene oglase označiti kao izabrane i tako ih kasnije lakše pronaći. Želim da saznam više.
5425647032408,prodaja,"Kula, spektakularan pogled, odmah useljiv ID#4494",665888.0,665.888 €,8790.6,,75.75,2.0,,,,,,,,"Ulica Hercegovačka 23/209, Savski Venac",Savski venac,,False,False,,,,,,,,,False,1,,[],,,2026-07-27T08:24:48.778539+00:00,2,https://www.halooglasi.com/nekretnine/prodaja-stanova/kula-spektakularan-pogled-odmah-useljiv-id449/5425647032408?kid=1&sid=1785140835454,U pretrazi sajta možete željene oglase označiti kao izabrane i tako ih kasnije lakše pronaći. Želim da saznam više.
5425646228616,prodaja,"Belgrade Waterfront, Nota",305999.0,305.999 €,5464.27,,56.0,2.0,,,,,,,,Ulica Vladimira Popovića 38,Savski venac,,False,True,,,,,,,,,True,51,dup-5425643474436-5425643490356-5425644545135-5425644559045-5425644560367-5425645112262-5425645200409-5425645233975-5425645331743-5425645349970-5425645427918-5425645432042-5425645471051-5425645543966-5425645544752-5425645570699-5425645570699-5425645591054-5425645775713-5425646086599-5425646108605-5425646127095-5425646212633-5425646228616-5425646382454-5425646757830-5425646915507-5425647049316-5425647054582-5425647056819-5425647060886-5425647062990-5425647063470-5425647165452-5425647181870-5425647198460-5425647209895-5425647211991-5425647211992-5425647212382-5425647241347-5425647241368-5425647286575-5425647294452-5425647324824-5425647329702-5425647361940-5425647361963-5425647429570-5425647431198-5425647431441,"[""Unknown""]",,,2026-07-27T08:24:48.778539+00:00,2,https://www.halooglasi.com/nekretnine/prodaja-stanova/belgrade-waterfront-nota/5425646228616?kid=1&sid=1785140835454,U pretrazi sajta možete željene oglase označiti kao izabrane i tako ih kasnije lakše pronaći. Želim da saznam više.
5425646986901,prodaja,Bw St. Regis Residence-kula Beograd,599000.0,599.000 €,9716.14,,61.65,2.0,,,,,,Kula Beograd,Kula Beograd,Ulica Šumatovačka 36,Savski venac,,False,,,,,,,,,,True,5,dup-5425644688159-5425645482050-5425646449478-5425646730017-5425646986901,"[""Unknown""]",,,2026-07-27T08:24:48.778539+00:00,2,https://www.halooglasi.com/nekretnine/prodaja-stanova/bw-st-regis-residence-kula-beograd/5425646986901?kid=1&sid=1785140835454,U pretrazi sajta možete željene oglase označiti kao izabrane i tako ih kasnije lakše pronaći. Želim da saznam više.
5425646964286,prodaja,"BW Sensa, uskoro useljiv, lux ID#4336",285000.0,285.000 €,4750.0,,60.0,2.0,,,,,,,,"Ulica Hercegovačka 23/209, Savski Venac",Savski venac,,False,True,,,,,,,,,True,8,dup-5425646195462-5425646350536-5425646964286-5425647056813-5425647111552-5425647165407-5425647190745-5425647200860,"[""Unknown""]",,,2026-07-27T08:24:48.778539+00:00,2,https://www.halooglasi.com/nekretnine/prodaja-stanova/bw-sensa-uskoro-useljiv-lux-id4336/5425646964286?kid=1&sid=1785140835454,U pretrazi sajta možete željene oglase označiti kao izabrane i tako ih kasnije lakše pronaći. Želim da saznam više.
5425647063470,prodaja,BW Libera 22 | Beograd na vodi | Kompletno opremlj,285000.0,285.000 €,5377.36,,53.0,2.0,,,,,,,,,Savski venac,,False,,,,,,,,,,True,51,dup-5425643474436-5425643490356-5425644545135-5425644559045-5425644560367-5425645112262-5425645200409-5425645233975-5425645331743-5425645349970-5425645427918-5425645432042-5425645471051-5425645543966-5425645544752-5425645570699-5425645570699-5425645591054-5425645775713-5425646086599-5425646108605-5425646127095-5425646212633-5425646228616-5425646382454-5425646757830-5425646915507-5425647049316-5425647054582-5425647056819-5425647060886-5425647062990-5425647063470-5425647165452-5425647181870-5425647198460-5425647209895-5425647211991-5425647211992-5425647212382-5425647241347-5425647241368-5425647286575-5425647294452-5425647324824-5425647329702-5425647361940-5425647361963-5425647429570-5425647431198-5425647431441,"[""Unknown""]",,,2026-07-27T08:24:48.778539+00:00,2,https://www.halooglasi.com/nekretnine/prodaja-stanova/bw-libera-22-beograd-na-vodi-kompletno-opreml/5425647063470?kid=1&sid=1785140835454,U pretrazi sajta možete željene oglase označiti kao izabrane i tako ih kasnije lakše pronaći. Želim da saznam više.
5425647294452,prodaja,"BW Garden Plaza, drugi red od reke ID#4683",260000.0,260.000 €,4814.81,,54.0,2.0,,,,,,,,"Ulica Hercegovačka 23/209, Savski Venac",Savski venac,,False,,,,,,,,,,True,51,dup-5425643474436-5425643490356-5425644545135-5425644559045-5425644560367-5425645112262-5425645200409-5425645233975-5425645331743-5425645349970-5425645427918-5425645432042-5425645471051-5425645543966-5425645544752-5425645570699-5425645570699-5425645591054-5425645775713-5425646086599-5425646108605-5425646127095-5425646212633-5425646228616-5425646382454-5425646757830-5425646915507-5425647049316-5425647054582-5425647056819-5425647060886-5425647062990-5425647063470-5425647165452-5425647181870-5425647198460-5425647209895-5425647211991-5425647211992-5425647212382-5425647241347-5425647241368-5425647286575-5425647294452-5425647324824-5425647329702-5425647361940-5425647361963-5425647429570-5425647431198-5425647431441,"[""Unknown""]",,,2026-07-27T08:24:48.778539+00:00,2,https://www.halooglasi.com/nekretnine/prodaja-stanova/bw-garden-plaza-drugi-red-od-reke-id4683/5425647294452?kid=1&sid=1785140835454,U pretrazi sajta možete željene oglase označiti kao izabrane i tako ih kasnije lakše pronaći. Želim da saznam više.
5425647056838,prodaja,"Beograd na vodi, zgrada Bw Victoria, 65m²",418000.0,418.000 €,6449.62,,64.81,2.0,,,,,,,,Ulica Hercegovacka 14a,Savski venac,,False,False,,,,,,,,,True,17,dup-5425645449861-5425646096448-5425646442394-5425646484077-5425646532426-5425647051001-5425647051002-5425647054238-5425647054240-5425647054242-5425647054578-5425647056812-5425647056828-5425647056838-5425647077181-5425647350299-5425647361939,"[""Owner"", ""Unknown""]",,,2026-07-27T08:24:48.778539+00:00,2,https://www.halooglasi.com/nekretnine/prodaja-stanova/beograd-na-vodi-zgrada-bw-victoria-65m/5425647056838?kid=1&sid=1785140835454,U pretrazi sajta možete željene oglase označiti kao izabrane i tako ih kasnije lakše pronaći. Želim da saznam više.
5425647056828,prodaja,"BW Lena, pogled na park ID#4514",399000.0,399.000 €,6540.98,,61.0,2.0,,,,,,,,"Ulica Hercegovačka 23/209, Savski Venac",Savski venac,,False,,,,,,,,,,True,17,dup-5425645449861-5425646096448-5425646442394-5425646484077-5425646532426-5425647051001-5425647051002-5425647054238-5425647054240-5425647054242-5425647054578-5425647056812-5425647056828-5425647056838-5425647077181-5425647350299-5425647361939,"[""Owner"", ""Unknown""]",,,2026-07-27T08:24:48.778539+00:00,2,https://www.halooglasi.com/nekretnine/prodaja-stanova/bw-lena-pogled-na-park-id4514/5425647056828?kid=1&sid=1785140835454,U pretrazi sajta možete željene oglase označiti kao izabrane i tako ih kasnije lakše pronaći. Želim da saznam više.
5425645591054,prodaja,"King’s Park, odlično orijentisan",310000.0,310.000 €,5740.74,,54.0,2.0,,,,,,,,Ulica Cvijićeva 89,Savski venac,,False,,,,,,,,,,True,51,dup-5425643474436-5425643490356-5425644545135-5425644559045-5425644560367-5425645112262-5425645200409-5425645233975-5425645331743-5425645349970-5425645427918-5425645432042-5425645471051-5425645543966-5425645544752-5425645570699-5425645570699-5425645591054-5425645775713-5425646086599-5425646108605-5425646127095-5425646212633-5425646228616-5425646382454-5425646757830-5425646915507-5425647049316-5425647054582-5425647056819-5425647060886-5425647062990-5425647063470-5425647165452-5425647181870-5425647198460-5425647209895-5425647211991-5425647211992-5425647212382-5425647241347-5425647241368-5425647286575-5425647294452-5425647324824-5425647329702-5425647361940-5425647361963-5425647429570-5425647431198-5425647431441,"[""Unknown""]",,,2026-07-27T08:24:48.778539+00:00,2,https://www.halooglasi.com/nekretnine/prodaja-stanova/kings-park-odlicno-orijentisan/5425645591054?kid=1&sid=1785140835454,U pretrazi sajta možete željene oglase označiti kao izabrane i tako ih kasnije lakše pronaći. Želim da saznam više.
5425645741358,prodaja,"BW Emerald - prelep dvosoban stan za prodaju, bez",367000.0,367.000 €,5455.63,,67.27,2.0,2.0,2-Bedroom,,,,,,Ulica Bulevar Mihajla Pupina 165g,Savski venac,,False,,,,,,,,,,True,15,dup-5425645739672-5425645739672-5425645741358-5425646687135-5425646868783-5425646881265-5425647041770-5425647054204-5425647060887-5425647241366-5425647255093-5425647325470-5425647349233-5425647349264-5425647361950,"[""Owner"", ""Unknown""]",,,2026-07-27T08:24:48.778539+00:00,2,https://www.halooglasi.com/nekretnine/prodaja-stanova/bw-emerald---prelep-dvosoban-stan-za-prodaju/5425645741358?kid=1&sid=1785140835454,U pretrazi sajta možete željene oglase označiti kao izabrane i tako ih kasnije lakše pronaći. Želim da saznam više.
5425646915507,prodaja,BW Rima- savršeni dom na premium lokaciji!,297000.0,297.000 €,5321.63,,55.81,2.0,,,,,,,,Ulica Mileševska 43,Savski venac,,False,True,,,,,,,,,True,51,dup-5425643474436-5425643490356-5425644545135-5425644559045-5425644560367-5425645112262-5425645200409-5425645233975-5425645331743-5425645349970-5425645427918-5425645432042-5425645471051-5425645543966-5425645544752-5425645570699-5425645570699-5425645591054-5425645775713-5425646086599-5425646108605-5425646127095-5425646212633-5425646228616-5425646382454-5425646757830-5425646915507-5425647049316-5425647054582-5425647056819-5425647060886-5425647062990-5425647063470-5425647165452-5425647181870-5425647198460-5425647209895-5425647211991-5425647211992-5425647212382-5425647241347-5425647241368-5425647286575-5425647294452-5425647324824-5425647329702-5425647361940-5425647361963-5425647429570-5425647431198-5425647431441,"[""Unknown""]",,,2026-07-27T08:24:48.778539+00:00,2,https://www.halooglasi.com/nekretnine/prodaja-stanova/bw-rima--savrseni-dom-na-premium-lokaciji/5425646915507?kid=4&sid=1785140835454,U pretrazi sajta možete željene oglase označiti kao izabrane i tako ih kasnije lakše pronaći. Želim da saznam više.
5425647329722,prodaja,"BW Riva – Marina Beograd na vodi, premium stan",585000.0,585.000 €,6805.49,,85.96,2.0,,,,,,BW Marina,BW Marina,Ulica Bulevar Mihajla Pupina 165g,Savski venac,,False,,,,,,,,,,False,1,,[],,,2026-07-27T08:24:48.778539+00:00,2,https://www.halooglasi.com/nekretnine/prodaja-stanova/bw-riva-marina-beograd-na-vodi-premium-stan/5425647329722?kid=1&sid=1785140835454,U pretrazi sajta možete željene oglase označiti kao izabrane i tako ih kasnije lakše pronaći. Želim da saznam više.
5425645033171,prodaja,"Kula, spektakularan pogled, specijalna ponuda ID#3",665888.0,665.888 €,9143.05,,72.83,2.0,,,,,,,,"Ulica Hercegovačka 23/209, Savski Venac",Savski venac,,False,,,,,,,,,,True,2,dup-5425645033171-5425645295632,"[""Unknown""]",,,2026-07-27T08:24:48.778539+00:00,2,https://www.halooglasi.com/nekretnine/prodaja-stanova/kula-spektakularan-pogled-specijalna-ponuda-i/5425645033171?kid=1&sid=1785140835454,U pretrazi sajta možete željene oglase označiti kao izabrane i tako ih kasnije lakše pronaći. Želim da saznam više.
5425647060886,prodaja,"BW Sava, prva linija do reke ID#4526",297000.0,297.000 €,5500.0,,54.0,2.0,,,,,,,,"Ulica Hercegovačka 23/209, Savski Venac",Savski venac,,False,,,,,,,,,,True,51,dup-5425643474436-5425643490356-5425644545135-5425644559045-5425644560367-5425645112262-5425645200409-5425645233975-5425645331743-5425645349970-5425645427918-5425645432042-5425645471051-5425645543966-5425645544752-5425645570699-5425645570699-5425645591054-5425645775713-5425646086599-5425646108605-5425646127095-5425646212633-5425646228616-5425646382454-5425646757830-5425646915507-5425647049316-5425647054582-5425647056819-5425647060886-5425647062990-5425647063470-5425647165452-5425647181870-5425647198460-5425647209895-5425647211991-5425647211992-5425647212382-5425647241347-5425647241368-5425647286575-5425647294452-5425647324824-5425647329702-5425647361940-5425647361963-5425647429570-5425647431198-5425647431441,"[""Unknown""]",,,2026-07-27T08:24:48.778539+00:00,2,https://www.halooglasi.com/nekretnine/prodaja-stanova/bw-sava-prva-linija-do-reke-id4526/5425647060886?kid=1&sid=1785140835454,U pretrazi sajta možete željene oglase označiti kao izabrane i tako ih kasnije lakše pronaći. Želim da saznam više.
5425647054203,prodaja,"The Bristol Residence, bez provizije ID#4477",416871.0,416.871 €,5955.3,,70.0,2.0,,,,,,Sava Residences,,"Ulica Hercegovačka 23/209, Savski Venac",Savski venac,,False,,,,,,,,,,True,6,dup-5425646590449-5425646740665-5425646968866-5425646975531-5425647054203-5425647316462,"[""Unknown""]",,,2026-07-27T08:24:48.778539+00:00,2,https://www.halooglasi.com/nekretnine/prodaja-stanova/the-bristol-residence-bez-provizije-id4477/5425647054203?kid=1&sid=1785140835454,U pretrazi sajta možete željene oglase označiti kao izabrane i tako ih kasnije lakše pronaći. Želim da saznam više.
5425646449478,prodaja,BW St. Regis (BW Kula) 2.0. Lux,599000.0,599.000 €,9813.24,,61.04,2.0,,,,,,,,Ulica Sarajevska 40,Savski venac,,False,False,,,,,,,,,True,5,dup-5425644688159-5425645482050-5425646449478-5425646730017-5425646986901,"[""Unknown""]",,,2026-07-27T08:24:48.778539+00:00,2,https://www.halooglasi.com/nekretnine/prodaja-stanova/bw-st-regis-bw-kula-2-0-lux/5425646449478?kid=3&sid=1785140835454,U pretrazi sajta možete željene oglase označiti kao izabrane i tako ih kasnije lakše pronaći. Želim da saznam više.
5425647056812,prodaja,"BW Lena, pogled iz prvog reda ID#4512",399000.0,399.000 €,6435.48,,62.0,2.0,,,,,,,,"Ulica Hercegovačka 23/209, Savski Venac",Savski venac,,False,False,,,,,,,,,True,17,dup-5425645449861-5425646096448-5425646442394-5425646484077-5425646532426-5425647051001-5425647051002-5425647054238-5425647054240-5425647054242-5425647054578-5425647056812-5425647056828-5425647056838-5425647077181-5425647350299-5425647361939,"[""Owner"", ""Unknown""]",,,2026-07-27T08:24:48.778539+00:00,2,https://www.halooglasi.com/nekretnine/prodaja-stanova/bw-lena-pogled-iz-prvog-reda-id4512/5425647056812?kid=1&sid=1785140835454,U pretrazi sajta možete željene oglase označiti kao izabrane i tako ih kasnije lakše pronaći. Želim da saznam više.
5425645112262,prodaja,BW Kings Park Residences - uskoro useljiv ID#6838,285000.0,285.000 €,5277.78,,54.0,2.0,,,,,,BW Residence,,Ulica Bulevar Mihajla Pupina 165a,Savski venac,,False,,,,,,,,,,True,51,dup-5425643474436-5425643490356-5425644545135-5425644559045-5425644560367-5425645112262-5425645200409-5425645233975-5425645331743-5425645349970-5425645427918-5425645432042-5425645471051-5425645543966-5425645544752-5425645570699-5425645570699-5425645591054-5425645775713-5425646086599-5425646108605-5425646127095-5425646212633-5425646228616-5425646382454-5425646757830-5425646915507-5425647049316-5425647054582-5425647056819-5425647060886-5425647062990-5425647063470-5425647165452-5425647181870-5425647198460-5425647209895-5425647211991-5425647211992-5425647212382-5425647241347-5425647241368-5425647286575-5425647294452-5425647324824-5425647329702-5425647361940-5425647361963-5425647429570-5425647431198-5425647431441,"[""Unknown""]",,,2026-07-27T08:24:48.778539+00:00,2,https://www.halooglasi.com/nekretnine/prodaja-stanova/bw-kings-park-residences---uskoro-useljiv-id6/5425645112262?kid=1&sid=1785140835454,U pretrazi sajta možete željene oglase označiti kao izabrane i tako ih kasnije lakše pronaći. Želim da saznam više.
5425647056819,prodaja,"BW Libera, 53m2, kompletno namešten ID#14828",297000.0,297.000 €,5603.77,,53.0,2.0,,,,,,,,"Ulica Dositejeva 9/3, Beograd",Savski venac,,False,,,,,,,,,,True,51,dup-5425643474436-5425643490356-5425644545135-5425644559045-5425644560367-5425645112262-5425645200409-5425645233975-5425645331743-5425645349970-5425645427918-5425645432042-5425645471051-5425645543966-5425645544752-5425645570699-5425645570699-5425645591054-5425645775713-5425646086599-5425646108605-5425646127095-5425646212633-5425646228616-5425646382454-5425646757830-5425646915507-5425647049316-5425647054582-5425647056819-5425647060886-5425647062990-5425647063470-5425647165452-5425647181870-5425647198460-5425647209895-5425647211991-5425647211992-5425647212382-5425647241347-5425647241368-5425647286575-5425647294452-5425647324824-5425647329702-5425647361940-5425647361963-5425647429570-5425647431198-5425647431441,"[""Unknown""]",,,2026-07-27T08:24:48.778539+00:00,2,https://www.halooglasi.com/nekretnine/prodaja-stanova/bw-libera-53m2-kompletno-namesten-id14828/5425647056819?kid=1&sid=1785140835454,U pretrazi sajta možete željene oglase označiti kao izabrane i tako ih kasnije lakše pronaći. Želim da saznam više.
5425645775713,prodaja,"Prodajemo namešten 2.0 stan, BW Kings park, 54m2",310000.0,310.000 €,5740.74,,54.0,2.0,,,,,,,,Ulica Bulevar despota Stefana 64a,Savski venac,,False,True,,,,,,,,,True,51,dup-5425643474436-5425643490356-5425644545135-5425644559045-5425644560367-5425645112262-5425645200409-5425645233975-5425645331743-5425645349970-5425645427918-5425645432042-5425645471051-5425645543966-5425645544752-5425645570699-5425645570699-5425645591054-5425645775713-5425646086599-5425646108605-5425646127095-5425646212633-5425646228616-5425646382454-5425646757830-5425646915507-5425647049316-5425647054582-5425647056819-5425647060886-5425647062990-5425647063470-5425647165452-5425647181870-5425647198460-5425647209895-5425647211991-5425647211992-5425647212382-5425647241347-5425647241368-5425647286575-5425647294452-5425647324824-5425647329702-5425647361940-5425647361963-5425647429570-5425647431198-5425647431441,"[""Unknown""]",,,2026-07-27T08:24:48.778539+00:00,2,https://www.halooglasi.com/nekretnine/prodaja-stanova/prodajemo-namesten-2-0-stan-bw-kings-park-54m/5425645775713?kid=1&sid=1785140835454,U pretrazi sajta možete željene oglase označiti kao izabrane i tako ih kasnije lakše pronaći. Želim da saznam više.
5425645432042,prodaja,"BW, Metropolitan, lux 51m2 ID#10599",260000.0,260.000 €,5098.04,,51.0,2.0,,,,,,,,"Ulica Dositejeva 9/3, Beograd",Savski venac,,False,True,,,,,,,,,True,51,dup-5425643474436-5425643490356-5425644545135-5425644559045-5425644560367-5425645112262-5425645200409-5425645233975-5425645331743-5425645349970-5425645427918-5425645432042-5425645471051-5425645543966-5425645544752-5425645570699-5425645570699-5425645591054-5425645775713-5425646086599-5425646108605-5425646127095-5425646212633-5425646228616-5425646382454-5425646757830-5425646915507-5425647049316-5425647054582-5425647056819-5425647060886-5425647062990-5425647063470-5425647165452-5425647181870-5425647198460-5425647209895-5425647211991-5425647211992-5425647212382-5425647241347-5425647241368-5425647286575-5425647294452-5425647324824-5425647329702-5425647361940-5425647361963-5425647429570-5425647431198-5425647431441,"[""Unknown""]",,,2026-07-27T08:24:48.778539+00:00,2,https://www.halooglasi.com/nekretnine/prodaja-stanova/bw-metropolitan-lux-51m2-id10599/5425645432042?kid=1&sid=1785140835454,U pretrazi sajta možete željene oglase označiti kao izabrane i tako ih kasnije lakše pronaći. Želim da saznam više.
5425645233975,prodaja,"Beograd na vodi, zgrada Bw Bella, 55m2",285000.0,285.000 €,5163.04,,55.2,2.0,,,,,,,,Ulica Hercegovacka 14a,Savski venac,,False,,,,,,,,,,True,51,dup-5425643474436-5425643490356-5425644545135-5425644559045-5425644560367-5425645112262-5425645200409-5425645233975-5425645331743-5425645349970-5425645427918-5425645432042-5425645471051-5425645543966-5425645544752-5425645570699-5425645570699-5425645591054-5425645775713-5425646086599-5425646108605-5425646127095-5425646212633-5425646228616-5425646382454-5425646757830-5425646915507-5425647049316-5425647054582-5425647056819-5425647060886-5425647062990-5425647063470-5425647165452-5425647181870-5425647198460-5425647209895-5425647211991-5425647211992-5425647212382-5425647241347-5425647241368-5425647286575-5425647294452-5425647324824-5425647329702-5425647361940-5425647361963-5425647429570-5425647431198-5425647431441,"[""Unknown""]",,,2026-07-27T08:24:48.778539+00:00,2,https://www.halooglasi.com/nekretnine/prodaja-stanova/beograd-na-vodi-zgrada-bw-bella-55m2/5425645233975?kid=1&sid=1785140835454,U pretrazi sajta možete željene oglase označiti kao izabrane i tako ih kasnije lakše pronaći. Želim da saznam više.
5425645156999,prodaja,"BW Riviera, pogled na reku, u procesu nameštanja I",665000.0,665.000 €,8109.76,,82.0,2.0,,,,,,,,"Ulica Hercegovačka 23/209, Savski Venac",Savski venac,,False,,,,,,,,,,True,3,dup-5425645156999-5425646725410-5425646997447,"[""Unknown""]",,,2026-07-27T08:24:48.778539+00:00,2,https://www.halooglasi.com/nekretnine/prodaja-stanova/bw-riviera-pogled-na-reku-u-procesu-namestanj/5425645156999?kid=1&sid=1785140835454,U pretrazi sajta možete željene oglase označiti kao izabrane i tako ih kasnije lakše pronaći. Želim da saznam više.
5425647241368,prodaja,"BW Garden Plaza, na odličnoj lokaciji, drugi red d",275000.0,275.000 €,5392.16,,51.0,2.0,,,,,,,,"Ulica Hercegovačka 23/209, Savski Venac",Savski venac,,False,False,,,,,,,,,True,51,dup-5425643474436-5425643490356-5425644545135-5425644559045-5425644560367-5425645112262-5425645200409-5425645233975-5425645331743-5425645349970-5425645427918-5425645432042-5425645471051-5425645543966-5425645544752-5425645570699-5425645570699-5425645591054-5425645775713-5425646086599-5425646108605-5425646127095-5425646212633-5425646228616-5425646382454-5425646757830-5425646915507-5425647049316-5425647054582-5425647056819-5425647060886-5425647062990-5425647063470-5425647165452-5425647181870-5425647198460-5425647209895-5425647211991-5425647211992-5425647212382-5425647241347-5425647241368-5425647286575-5425647294452-5425647324824-5425647329702-5425647361940-5425647361963-5425647429570-5425647431198-5425647431441,"[""Unknown""]",,,2026-07-27T08:24:48.778539+00:00,2,https://www.halooglasi.com/nekretnine/prodaja-stanova/bw-garden-plaza-na-odlicnoj-lokaciji-drugi-re/5425647241368?kid=1&sid=1785140835454,U pretrazi sajta možete željene oglase označiti kao izabrane i tako ih kasnije lakše pronaći. Želim da saznam više.
5425646108605,prodaja,Moderan i elegantno opremljen stan u BW Sole,297000.0,297.000 €,5500.0,,54.0,2.0,,,,,,,,,Savski venac,,False,True,,,,,,,,,True,51,dup-5425643474436-5425643490356-5425644545135-5425644559045-5425644560367-5425645112262-5425645200409-5425645233975-5425645331743-5425645349970-5425645427918-5425645432042-5425645471051-5425645543966-5425645544752-5425645570699-5425645570699-5425645591054-5425645775713-5425646086599-5425646108605-5425646127095-5425646212633-5425646228616-5425646382454-5425646757830-5425646915507-5425647049316-5425647054582-5425647056819-5425647060886-5425647062990-5425647063470-5425647165452-5425647181870-5425647198460-5425647209895-5425647211991-5425647211992-5425647212382-5425647241347-5425647241368-5425647286575-5425647294452-5425647324824-5425647329702-5425647361940-5425647361963-5425647429570-5425647431198-5425647431441,"[""Unknown""]",,,2026-07-27T08:24:48.778539+00:00,2,https://www.halooglasi.com/nekretnine/prodaja-stanova/moderan-i-elegantno-opremljen-stan-u-bw-sole/5425646108605?kid=1&sid=1785140835454,U pretrazi sajta možete željene oglase označiti kao izabrane i tako ih kasnije lakše pronaći. Želim da saznam više.
5425643474436,prodaja,Beograd na vodi - Bulevar Vudroa Vilsona 55m2,285000.0,285.000 €,5181.82,,55.0,2.0,,,,,,,,Ulica Kraljice Marije 7/19,Savski venac,,False,,,,,,,,,,True,51,dup-5425643474436-5425643490356-5425644545135-5425644559045-5425644560367-5425645112262-5425645200409-5425645233975-5425645331743-5425645349970-5425645427918-5425645432042-5425645471051-5425645543966-5425645544752-5425645570699-5425645570699-5425645591054-5425645775713-5425646086599-5425646108605-5425646127095-5425646212633-5425646228616-5425646382454-5425646757830-5425646915507-5425647049316-5425647054582-5425647056819-5425647060886-5425647062990-5425647063470-5425647165452-5425647181870-5425647198460-5425647209895-5425647211991-5425647211992-5425647212382-5425647241347-5425647241368-5425647286575-5425647294452-5425647324824-5425647329702-5425647361940-5425647361963-5425647429570-5425647431198-5425647431441,"[""Unknown""]",,,2026-07-27T08:24:48.778539+00:00,2,https://www.halooglasi.com/nekretnine/prodaja-stanova/beograd-na-vodi---bulevar-vudroa-vilsona-55m2/5425643474436?kid=1&sid=1785140835454,U pretrazi sajta možete željene oglase označiti kao izabrane i tako ih kasnije lakše pronaći. Želim da saznam više.
5425646730017,prodaja,"Kula, St Regis, pogled ka Kalemegdanu, izuzetna po",599000.0,599.000 €,9983.33,,60.0,2.0,,,,,,Kula Beograd,Kula Beograd,"Ulica Jedrenska 2, Beograd",Savski venac,,False,,,,,,,,,,True,5,dup-5425644688159-5425645482050-5425646449478-5425646730017-5425646986901,"[""Unknown""]",,,2026-07-27T08:24:48.778539+00:00,2,https://www.halooglasi.com/nekretnine/prodaja-stanova/kula-st-regis-pogled-ka-kalemegdanu-izuzetna/5425646730017?kid=1&sid=1785140835454,U pretrazi sajta možete željene oglase označiti kao izabrane i tako ih kasnije lakše pronaći. Želim da saznam više.
5425643490356,prodaja,Beograd na vodi - Bulevar Vudroa Vilsona,285000.0,285.000 €,5181.82,,55.0,2.0,,,,,,,,,Savski venac,,False,,,,,,,,,,True,51,dup-5425643474436-5425643490356-5425644545135-5425644559045-5425644560367-5425645112262-5425645200409-5425645233975-5425645331743-5425645349970-5425645427918-5425645432042-5425645471051-5425645543966-5425645544752-5425645570699-5425645570699-5425645591054-5425645775713-5425646086599-5425646108605-5425646127095-5425646212633-5425646228616-5425646382454-5425646757830-5425646915507-5425647049316-5425647054582-5425647056819-5425647060886-5425647062990-5425647063470-5425647165452-5425647181870-5425647198460-5425647209895-5425647211991-5425647211992-5425647212382-5425647241347-5425647241368-5425647286575-5425647294452-5425647324824-5425647329702-5425647361940-5425647361963-5425647429570-5425647431198-5425647431441,"[""Unknown""]",,,2026-07-27T08:24:48.778539+00:00,2,https://www.halooglasi.com/nekretnine/prodaja-stanova/beograd-na-vodi---bulevar-vudroa-vilsona/5425643490356?kid=1&sid=1785140835454,U pretrazi sajta možete željene oglase označiti kao izabrane i tako ih kasnije lakše pronaći. Želim da saznam više.
5425647054242,prodaja,"BW Lena, pored reke ID#4452",418000.0,418.000 €,6634.92,,63.0,2.0,,,,,,,,"Ulica Hercegovačka 23/209, Savski Venac",Savski venac,,False,False,,,,,,,,,True,17,dup-5425645449861-5425646096448-5425646442394-5425646484077-5425646532426-5425647051001-5425647051002-5425647054238-5425647054240-5425647054242-5425647054578-5425647056812-5425647056828-5425647056838-5425647077181-5425647350299-5425647361939,"[""Owner"", ""Unknown""]",,,2026-07-27T08:24:48.778539+00:00,2,https://www.halooglasi.com/nekretnine/prodaja-stanova/bw-lena-pored-reke-id4452/5425647054242?kid=1&sid=1785140835454,U pretrazi sajta možete željene oglase označiti kao izabrane i tako ih kasnije lakše pronaći. Želim da saznam više.
5425647112660,prodaja,"Full renoviran 2.0 stan, Beograd na vodi(parking)",279000.0,279.000 €,6200.0,,45.0,2.0,,,,,,,,Ulica Topli;in venac 21,Savski venac,,True,False,,,,,,,,,False,1,,[],,,2026-07-27T08:24:48.778539+00:00,2,https://www.halooglasi.com/nekretnine/prodaja-stanova/full-renoviran-2-0-stan-beograd-na-vodiparkin/5425647112660?kid=1&sid=1785140835454,U pretrazi sajta možete željene oglase označiti kao izabrane i tako ih kasnije lakše pronaći. Želim da saznam više.
5425645471051,prodaja,BW-Beograd na vodi-Dvosoban-Namešten ID#2938,285000.0,285.000 €,5480.77,,52.0,2.0,2.0,2-Bedroom,,,,,,"Ulica Uroša Martinovića 23/17, Beograd",Savski venac,,False,False,,,,,,,,,True,51,dup-5425643474436-5425643490356-5425644545135-5425644559045-5425644560367-5425645112262-5425645200409-5425645233975-5425645331743-5425645349970-5425645427918-5425645432042-5425645471051-5425645543966-5425645544752-5425645570699-5425645570699-5425645591054-5425645775713-5425646086599-5425646108605-5425646127095-5425646212633-5425646228616-5425646382454-5425646757830-5425646915507-5425647049316-5425647054582-5425647056819-5425647060886-5425647062990-5425647063470-5425647165452-5425647181870-5425647198460-5425647209895-5425647211991-5425647211992-5425647212382-5425647241347-5425647241368-5425647286575-5425647294452-5425647324824-5425647329702-5425647361940-5425647361963-5425647429570-5425647431198-5425647431441,"[""Unknown""]",,,2026-07-27T08:24:48.778539+00:00,2,https://www.halooglasi.com/nekretnine/prodaja-stanova/bw-beograd-na-vodi-dvosoban-namesten-id2938/5425645471051?kid=1&sid=1785140835454,U pretrazi sajta možete željene oglase označiti kao izabrane i tako ih kasnije lakše pronaći. Želim da saznam više.
5425646997447,prodaja,BW Riviera 02 | Beograd na vodi | Pogled na reku,665000.0,665.000 €,8109.76,,82.0,2.0,,,,,,,,,Savski venac,,False,False,,,,,,,,,True,3,dup-5425645156999-5425646725410-5425646997447,"[""Unknown""]",,,2026-07-27T08:24:48.778539+00:00,2,https://www.halooglasi.com/nekretnine/prodaja-stanova/bw-riviera-02-beograd-na-vodi-pogled-na-reku/5425646997447?kid=1&sid=1785140835454,U pretrazi sajta možete željene oglase označiti kao izabrane i tako ih kasnije lakše pronaći. Želim da saznam više.
5425647054238,prodaja,"BW Hudson, premium zgrada, pogled na reku ID#4488",399000.0,399.000 €,6333.33,,63.0,2.0,,,,,,,,"Ulica Hercegovačka 23/209, Savski Venac",Savski venac,,False,False,,,,,,,,,True,17,dup-5425645449861-5425646096448-5425646442394-5425646484077-5425646532426-5425647051001-5425647051002-5425647054238-5425647054240-5425647054242-5425647054578-5425647056812-5425647056828-5425647056838-5425647077181-5425647350299-5425647361939,"[""Owner"", ""Unknown""]",,,2026-07-27T08:24:48.778539+00:00,2,https://www.halooglasi.com/nekretnine/prodaja-stanova/bw-hudson-premium-zgrada-pogled-na-reku-id448/5425647054238?kid=1&sid=1785140835454,U pretrazi sajta možete željene oglase označiti kao izabrane i tako ih kasnije lakše pronaći. Želim da saznam više.
5425647088755,prodaja,Dvosoban stan u Kuli Beograd – luksuz na vrhunskom,470000.0,470.000 €,7580.65,,62.0,2.0,2.0,2-Bedroom,,,,Kula Beograd,Kula Beograd,Ulica Patrijarha Varnave 20,Savski venac,,False,False,,,,,,,,,True,4,dup-5425645473694-5425646548597-5425647062670-5425647088755,"[""Unknown""]",,,2026-07-27T08:24:48.778539+00:00,2,https://www.halooglasi.com/nekretnine/prodaja-stanova/dvosoban-stan-u-kuli-beograd-luksuz-na-vrhuns/5425647088755?kid=1&sid=1785140835454,U pretrazi sajta možete željene oglase označiti kao izabrane i tako ih kasnije lakše pronaći. Želim da saznam više.
5425644560367,prodaja,"Dvosoban stan u Bw Kings Park, Beograd na vodi",285000.0,285.000 €,5310.23,,53.67,2.0,2.0,2-Bedroom,,,,,,,Savski venac,,False,False,,,,,,,,,True,51,dup-5425643474436-5425643490356-5425644545135-5425644559045-5425644560367-5425645112262-5425645200409-5425645233975-5425645331743-5425645349970-5425645427918-5425645432042-5425645471051-5425645543966-5425645544752-5425645570699-5425645570699-5425645591054-5425645775713-5425646086599-5425646108605-5425646127095-5425646212633-5425646228616-5425646382454-5425646757830-5425646915507-5425647049316-5425647054582-5425647056819-5425647060886-5425647062990-5425647063470-5425647165452-5425647181870-5425647198460-5425647209895-5425647211991-5425647211992-5425647212382-5425647241347-5425647241368-5425647286575-5425647294452-5425647324824-5425647329702-5425647361940-5425647361963-5425647429570-5425647431198-5425647431441,"[""Unknown""]",,,2026-07-27T08:24:48.778539+00:00,2,https://www.halooglasi.com/nekretnine/prodaja-stanova/dvosoban-stan-u-bw-kings-park-beograd-na-vodi/5425644560367?kid=1&sid=1785140835454,U pretrazi sajta možete željene oglase označiti kao izabrane i tako ih kasnije lakše pronaći. Želim da saznam više.
5425646643924,prodaja,Park Bristol 41m2 - Karadjordjeva ulica ID#2484,179000.0,179.000 €,4365.85,,41.0,2.0,,,,,,,,"Ulica Terazije br.6, BEOGRAD",Savski venac,,False,True,,,,,,,,,False,1,,[],,,2026-07-27T08:24:48.778539+00:00,2,https://www.halooglasi.com/nekretnine/prodaja-stanova/park-bristol-41m2---karadjordjeva-ulica-id248/5425646643924?kid=1&sid=1785140835454,U pretrazi sajta možete željene oglase označiti kao izabrane i tako ih kasnije lakše pronaći. Želim da saznam više.
5425646382454,prodaja,"BW Kings Park Residences, 56m2, I",310000.0,310.000 €,5535.71,,56.0,2.0,,,,,,BW Residence,,"Ulica Krunska 38, Beograd",Savski venac,,False,,,,,,,,,,True,51,dup-5425643474436-5425643490356-5425644545135-5425644559045-5425644560367-5425645112262-5425645200409-5425645233975-5425645331743-5425645349970-5425645427918-5425645432042-5425645471051-5425645543966-5425645544752-5425645570699-5425645570699-5425645591054-5425645775713-5425646086599-5425646108605-5425646127095-5425646212633-5425646228616-5425646382454-5425646757830-5425646915507-5425647049316-5425647054582-5425647056819-5425647060886-5425647062990-5425647063470-5425647165452-5425647181870-5425647198460-5425647209895-5425647211991-5425647211992-5425647212382-5425647241347-5425647241368-5425647286575-5425647294452-5425647324824-5425647329702-5425647361940-5425647361963-5425647429570-5425647431198-5425647431441,"[""Unknown""]",,,2026-07-27T08:24:48.778539+00:00,2,https://www.halooglasi.com/nekretnine/prodaja-stanova/bw-kings-park-residences-56m2-i/5425646382454?kid=1&sid=1785140835454,U pretrazi sajta možete željene oglase označiti kao izabrane i tako ih kasnije lakše pronaći. Želim da saznam više.
5425647264045,prodaja,BW Kula - Dvosoban stan sa panoramom grada,599000.0,599.000 €,7918.04,,75.65,2.0,2.0,2-Bedroom,,,,,,Ulica Luke Ćelovića Trebinjca 18,Savski venac,,False,,,,,,,,,,False,1,,[],,,2026-07-27T08:24:48.778539+00:00,2,https://www.halooglasi.com/nekretnine/prodaja-stanova/bw-kula---dvosoban-stan-sa-panoramom-grada/5425647264045?kid=4&sid=1785140835454,U pretrazi sajta možete željene oglase označiti kao izabrane i tako ih kasnije lakše pronaći. Želim da saznam više.
5425646096448,prodaja,Dvosoban stan sa pogledom na reku i Ušće - BW Lena,399000.0,399.000 €,6292.38,,63.41,2.0,2.0,2-Bedroom,,,,,,Ulica Bulevar Mihajla Pupina 165g,Savski venac,,False,False,,,,,,,,,True,17,dup-5425645449861-5425646096448-5425646442394-5425646484077-5425646532426-5425647051001-5425647051002-5425647054238-5425647054240-5425647054242-5425647054578-5425647056812-5425647056828-5425647056838-5425647077181-5425647350299-5425647361939,"[""Owner"", ""Unknown""]",,,2026-07-27T08:24:48.778539+00:00,2,https://www.halooglasi.com/nekretnine/prodaja-stanova/dvosoban-stan-sa-pogledom-na-reku-i-usce---bw/5425646096448?kid=1&sid=1785140835454,U pretrazi sajta možete željene oglase označiti kao izabrane i tako ih kasnije lakše pronaći. Želim da saznam više.
5425645473694,prodaja,BW Kula Beograd 04 | Beograd na vodi | 22. sprat |,499000.0,499.000 €,8048.39,,62.0,2.0,,,,,,Kula Beograd,Kula Beograd,,Savski venac,,False,,,,,,,,,,True,4,dup-5425645473694-5425646548597-5425647062670-5425647088755,"[""Unknown""]",,,2026-07-27T08:24:48.778539+00:00,2,https://www.halooglasi.com/nekretnine/prodaja-stanova/bw-kula-beograd-04-beograd-na-vodi-22-sprat/5425645473694?kid=1&sid=1785140835454,U pretrazi sajta možete željene oglase označiti kao izabrane i tako ih kasnije lakše pronaći. Želim da saznam više.
5425646968866,prodaja,Dvosoban stan sa pogledom na unutrašnje dvorište -,399000.0,399.000 €,5657.17,,70.53,2.0,2.0,2-Bedroom,,,,,,Ulica Bulevar Mihajla Pupina 165g,Savski venac,,False,,,,,,,,,,True,6,dup-5425646590449-5425646740665-5425646968866-5425646975531-5425647054203-5425647316462,"[""Unknown""]",,,2026-07-27T08:24:48.778539+00:00,2,https://www.halooglasi.com/nekretnine/prodaja-stanova/dvosoban-stan-sa-pogledom-na-unutrasnje-dvori/5425646968866?kid=1&sid=1785140835454,U pretrazi sajta možete željene oglase označiti kao izabrane i tako ih kasnije lakše pronaći. Želim da saznam više.
5425647054578,prodaja,"BW Hudson, pogled na reku ID#4453",399000.0,399.000 €,6333.33,,63.0,2.0,,,,,,,,"Ulica Hercegovačka 23/209, Savski Venac",Savski venac,,False,False,,,,,,,,,True,17,dup-5425645449861-5425646096448-5425646442394-5425646484077-5425646532426-5425647051001-5425647051002-5425647054238-5425647054240-5425647054242-5425647054578-5425647056812-5425647056828-5425647056838-5425647077181-5425647350299-5425647361939,"[""Owner"", ""Unknown""]",,,2026-07-27T08:24:48.778539+00:00,2,https://www.halooglasi.com/nekretnine/prodaja-stanova/bw-hudson-pogled-na-reku-id4453/5425647054578?kid=1&sid=1785140835454,U pretrazi sajta možete željene oglase označiti kao izabrane i tako ih kasnije lakše pronaći. Želim da saznam više.
5425647181870,prodaja,BW Quartet 4 | 12 | Beograd na vodi | Kompletno na,285000.0,285.000 €,5181.82,,55.0,2.0,,,,,,,,,Savski venac,,False,,,,,,,,,,True,51,dup-5425643474436-5425643490356-5425644545135-5425644559045-5425644560367-5425645112262-5425645200409-5425645233975-5425645331743-5425645349970-5425645427918-5425645432042-5425645471051-5425645543966-5425645544752-5425645570699-5425645570699-5425645591054-5425645775713-5425646086599-5425646108605-5425646127095-5425646212633-5425646228616-5425646382454-5425646757830-5425646915507-5425647049316-5425647054582-5425647056819-5425647060886-5425647062990-5425647063470-5425647165452-5425647181870-5425647198460-5425647209895-5425647211991-5425647211992-5425647212382-5425647241347-5425647241368-5425647286575-5425647294452-5425647324824-5425647329702-5425647361940-5425647361963-5425647429570-5425647431198-5425647431441,"[""Unknown""]",,,2026-07-27T08:24:48.778539+00:00,2,https://www.halooglasi.com/nekretnine/prodaja-stanova/bw-quartet-4-12-beograd-na-vodi-kompletno-na/5425647181870?kid=1&sid=1785140835454,U pretrazi sajta možete željene oglase označiti kao izabrane i tako ih kasnije lakše pronaći. Želim da saznam više.
5425647329703,prodaja,"BW Riva – Marina Beograd na vodi, premium stan",387000.0,387.000 €,4178.81,,92.61,2.5,,,,,,BW Marina,BW Marina,Ulica Bulevar Mihajla Pupina 165g,Savski venac,,False,,,,,,,,,,True,5,dup-5425646151986-5425647059272-5425647182858-5425647241388-5425647329703,"[""Unknown""]",,,2026-07-27T08:24:48.778539+00:00,2,https://www.halooglasi.com/nekretnine/prodaja-stanova/bw-riva-marina-beograd-na-vodi-premium-stan/5425647329703?kid=1&sid=1785140980248,U pretrazi sajta možete željene oglase označiti kao izabrane i tako ih kasnije lakše pronaći. Želim da saznam više.
5425645904129,prodaja,"2.5 Beograd na vodi, renoviran",117990.0,117.990 €,2743.95,,43.0,2.5,,,,,,,,"Ulica Beograd, Sinđelićeva br. 5",Savski venac,,False,False,,,,,,,,,False,1,,[],,,2026-07-27T08:24:48.778539+00:00,2,https://www.halooglasi.com/nekretnine/prodaja-stanova/2-5-beograd-na-vodi-renoviran/5425645904129?kid=1&sid=1785140980248,U pretrazi sajta možete željene oglase označiti kao izabrane i tako ih kasnije lakše pronaći. Želim da saznam više.
5425647371407,prodaja,"Stan 76 m2, 7 sprat, BW EDEN, Beograd na vodi",375000.0,375.000 €,4934.21,,76.0,2.5,,,,,,,,,Savski venac,,False,False,,,,,,,,,True,87,dup-5425643715532-5425645207991-5425645385233-5425645389272-5425645392386-5425645685233-5425645728758-5425645809867-5425646220838-5425646232969-5425646300512-5425646334577-5425646478847-5425646480585-5425646481232-5425646485440-5425646529995-5425646613222-5425646639273-5425646755013-5425646758252-5425646758306-5425646766477-5425646778795-5425646782812-5425646784840-5425646786314-5425646791087-5425646821339-5425646824088-5425646850533-5425646862690-5425646885410-5425646885410-5425646911901-5425646950289-5425646970681-5425647004782-5425647035339-5425647048931-5425647054205-5425647055337-5425647056834-5425647060884-5425647093727-5425647093727-5425647118443-5425647122162-5425647131799-5425647137401-5425647146496-5425647151079-5425647182857-5425647190718-5425647203373-5425647227787-5425647266012-5425647267784-5425647271048-5425647277479-5425647293441-5425647299598-5425647303837-5425647315819-5425647317471-5425647319622-5425647320884-5425647320884-5425647344617-5425647364056-5425647364564-5425647371407-5425647379953-5425647400312-5425647403682-5425647411253-5425647431442-5425647431809-5425647438893-5425647438893-5425647440521-5425647444952-5425647445072-5425647445072-5425647446175-5425647447993-5425647448493,"[""Owner"", ""Unknown""]",,,2026-07-27T08:24:48.778539+00:00,2,https://www.halooglasi.com/nekretnine/prodaja-stanova/stan-76-m2-7-sprat-bw-eden-beograd-na-vodi/5425647371407?kid=1&sid=1785140980248,U pretrazi sajta možete željene oglase označiti kao izabrane i tako ih kasnije lakše pronaći. Želim da saznam više.
5425645739672,prodaja,"BW Aqua, 2.5 stan sa panoramskim pogledom, 68m2",375000.0,375.000 €,5514.71,,68.0,2.5,,,,,,,,Ulica Bulevar despota Stefana 64a,Savski venac,,False,False,,,,,,,,,True,15,dup-5425645739672-5425645739672-5425645741358-5425646687135-5425646868783-5425646881265-5425647041770-5425647054204-5425647060887-5425647241366-5425647255093-5425647325470-5425647349233-5425647349264-5425647361950,"[""Owner"", ""Unknown""]",,,2026-07-27T08:24:48.778539+00:00,2,https://www.halooglasi.com/nekretnine/prodaja-stanova/bw-aqua-2-5-stan-sa-panoramskim-pogledom-68m2/5425645739672?kid=4&sid=1785140980248,U pretrazi sajta možete željene oglase označiti kao izabrane i tako ih kasnije lakše pronaći. Želim da saznam više.
5425647315819,prodaja,"BW Riva – Marina Beograd na vodi, premium stan 81",387000.0,387.000 €,4777.78,,81.0,2.5,,,,,,BW Marina,BW Marina,Ulica Bulevar Mihajla Pupina 165g,Savski venac,,False,False,,,,,,,,,True,87,dup-5425643715532-5425645207991-5425645385233-5425645389272-5425645392386-5425645685233-5425645728758-5425645809867-5425646220838-5425646232969-5425646300512-5425646334577-5425646478847-5425646480585-5425646481232-5425646485440-5425646529995-5425646613222-5425646639273-5425646755013-5425646758252-5425646758306-5425646766477-5425646778795-5425646782812-5425646784840-5425646786314-5425646791087-5425646821339-5425646824088-5425646850533-5425646862690-5425646885410-5425646885410-5425646911901-5425646950289-5425646970681-5425647004782-5425647035339-5425647048931-5425647054205-5425647055337-5425647056834-5425647060884-5425647093727-5425647093727-5425647118443-5425647122162-5425647131799-5425647137401-5425647146496-5425647151079-5425647182857-5425647190718-5425647203373-5425647227787-5425647266012-5425647267784-5425647271048-5425647277479-5425647293441-5425647299598-5425647303837-5425647315819-5425647317471-5425647319622-5425647320884-5425647320884-5425647344617-5425647364056-5425647364564-5425647371407-5425647379953-5425647400312-5425647403682-5425647411253-5425647431442-5425647431809-5425647438893-5425647438893-5425647440521-5425647444952-5425647445072-5425647445072-5425647446175-5425647447993-5425647448493,"[""Owner"", ""Unknown""]",,,2026-07-27T08:24:48.778539+00:00,2,https://www.halooglasi.com/nekretnine/prodaja-stanova/bw-riva-marina-beograd-na-vodi-premium-stan-8/5425647315819?kid=1&sid=1785140980248,U pretrazi sajta možete željene oglase označiti kao izabrane i tako ih kasnije lakše pronaći. Želim da saznam više.
5425645739672,prodaja,"BW Aqua, 2.5 stan sa panoramskim pogledom, 68m2",375000.0,375.000 €,5514.71,,68.0,2.5,,,,,,,,Ulica Bulevar despota Stefana 64a,Savski venac,,False,False,,,,,,,,,True,15,dup-5425645739672-5425645739672-5425645741358-5425646687135-5425646868783-5425646881265-5425647041770-5425647054204-5425647060887-5425647241366-5425647255093-5425647325470-5425647349233-5425647349264-5425647361950,"[""Owner"", ""Unknown""]",,,2026-07-27T08:24:48.778539+00:00,2,https://www.halooglasi.com/nekretnine/prodaja-stanova/bw-aqua-2-5-stan-sa-panoramskim-pogledom-68m2/5425645739672?kid=1&sid=1785140980248,U pretrazi sajta možete željene oglase označiti kao izabrane i tako ih kasnije lakše pronaći. Želim da saznam više.
5425647056834,prodaja,"BW Nika,76m2,2.5,dvostran ID#1799",343000.0,343.000 €,4513.16,,76.0,2.5,,,,,,,,"Ulica Dimitrija Tucovića 39/5, Beograd",Savski venac,,False,False,,,,,,,,,True,87,dup-5425643715532-5425645207991-5425645385233-5425645389272-5425645392386-5425645685233-5425645728758-5425645809867-5425646220838-5425646232969-5425646300512-5425646334577-5425646478847-5425646480585-5425646481232-5425646485440-5425646529995-5425646613222-5425646639273-5425646755013-5425646758252-5425646758306-5425646766477-5425646778795-5425646782812-5425646784840-5425646786314-5425646791087-5425646821339-5425646824088-5425646850533-5425646862690-5425646885410-5425646885410-5425646911901-5425646950289-5425646970681-5425647004782-5425647035339-5425647048931-5425647054205-5425647055337-5425647056834-5425647060884-5425647093727-5425647093727-5425647118443-5425647122162-5425647131799-5425647137401-5425647146496-5425647151079-5425647182857-5425647190718-5425647203373-5425647227787-5425647266012-5425647267784-5425647271048-5425647277479-5425647293441-5425647299598-5425647303837-5425647315819-5425647317471-5425647319622-5425647320884-5425647320884-5425647344617-5425647364056-5425647364564-5425647371407-5425647379953-5425647400312-5425647403682-5425647411253-5425647431442-5425647431809-5425647438893-5425647438893-5425647440521-5425647444952-5425647445072-5425647445072-5425647446175-5425647447993-5425647448493,"[""Owner"", ""Unknown""]",,,2026-07-27T08:24:48.778539+00:00,2,https://www.halooglasi.com/nekretnine/prodaja-stanova/bw-nika-76m2-2-5-dvostran-id1799/5425647056834?kid=1&sid=1785140980248,U pretrazi sajta možete željene oglase označiti kao izabrane i tako ih kasnije lakše pronaći. Želim da saznam više.
5425646027320,prodaja,"Prodaja–stan 43m², prekoputa Beograda na vodi",99990.0,99.990 €,2325.35,,43.0,2.5,,,,,,,,,Savski venac,,False,False,,,,,,,,,True,2,dup-5425645910670-5425646027320,"[""Unknown""]",,,2026-07-27T08:24:48.778539+00:00,2,https://www.halooglasi.com/nekretnine/prodaja-stanova/prodajastan-43m-prekoputa-beograda-na-vodi/5425646027320?kid=1&sid=1785140980248,U pretrazi sajta možete željene oglase označiti kao izabrane i tako ih kasnije lakše pronaći. Želim da saznam više.
5425647320884,prodaja,Premium stan u BW Kings Park ID#15537,345000.0,345.000 €,4423.08,,78.0,3.0,,,,,,,,"Ulica Dositejeva 9/3, Beograd",Savski venac,,False,False,,,,,,,,,True,87,dup-5425643715532-5425645207991-5425645385233-5425645389272-5425645392386-5425645685233-5425645728758-5425645809867-5425646220838-5425646232969-5425646300512-5425646334577-5425646478847-5425646480585-5425646481232-5425646485440-5425646529995-5425646613222-5425646639273-5425646755013-5425646758252-5425646758306-5425646766477-5425646778795-5425646782812-5425646784840-5425646786314-5425646791087-5425646821339-5425646824088-5425646850533-5425646862690-5425646885410-5425646885410-5425646911901-5425646950289-5425646970681-5425647004782-5425647035339-5425647048931-5425647054205-5425647055337-5425647056834-5425647060884-5425647093727-5425647093727-5425647118443-5425647122162-5425647131799-5425647137401-5425647146496-5425647151079-5425647182857-5425647190718-5425647203373-5425647227787-5425647266012-5425647267784-5425647271048-5425647277479-5425647293441-5425647299598-5425647303837-5425647315819-5425647317471-5425647319622-5425647320884-5425647320884-5425647344617-5425647364056-5425647364564-5425647371407-5425647379953-5425647400312-5425647403682-5425647411253-5425647431442-5425647431809-5425647438893-5425647438893-5425647440521-5425647444952-5425647445072-5425647445072-5425647446175-5425647447993-5425647448493,"[""Owner"", ""Unknown""]",,,2026-07-27T08:24:48.778539+00:00,2,https://www.halooglasi.com/nekretnine/prodaja-stanova/premium-stan-u-bw-kings-park-id15537/5425647320884?kid=1&sid=1785141015045,U pretrazi sajta možete željene oglase označiti kao izabrane i tako ih kasnije lakše pronaći. Želim da saznam više.
5425646921152,prodaja,BW Riviera - pogled koji ostavlja bez daha,665000.0,665.000 €,7000.0,,95.0,3.0,,,,,,,,"Ulica Beograd, Vojvode Stepe 34",Savski venac,,False,,,,,,,,,,True,3,dup-5425646921152-5425647423829-5425647436505,"[""Unknown""]",,,2026-07-27T08:24:48.778539+00:00,2,https://www.halooglasi.com/nekretnine/prodaja-stanova/bw-riviera---pogled-koji-ostavlja-bez-daha/5425646921152?sid=1785141015045,U pretrazi sajta možete željene oglase označiti kao izabrane i tako ih kasnije lakše pronaći. Želim da saznam više.
5425647066407,prodaja,BW Quartet 3 | 03 | Beograd na vodi | Kompletno op,387000.0,387.000 €,4448.28,,87.0,3.0,,,,,,,,,Savski venac,,False,False,,,,,,,,,True,12,dup-5425646435640-5425647006614-5425647006614-5425647059275-5425647066407-5425647163578-5425647303654-5425647303656-5425647325597-5425647374917-5425647429056-5425647431400,"[""Unknown""]",,,2026-07-27T08:24:48.778539+00:00,2,https://www.halooglasi.com/nekretnine/prodaja-stanova/bw-quartet-3-03-beograd-na-vodi-kompletno-op/5425647066407?kid=1&sid=1785141015045,U pretrazi sajta možete željene oglase označiti kao izabrane i tako ih kasnije lakše pronaći. Želim da saznam više.
5425647417764,prodaja,BW Metropolitan | 3.0. | Pogled na reku,575000.0,575.000 €,5637.25,,102.0,3.0,,,,,,,,Ulica Sarajevska 40,Savski venac,,False,False,,,,,,,,,True,5,dup-5425645901390-5425646941963-5425647179235-5425647417764-5425647436494,"[""Unknown""]",,,2026-07-27T08:24:48.778539+00:00,2,https://www.halooglasi.com/nekretnine/prodaja-stanova/bw-metropolitan-3-0-pogled-na-reku/5425647417764?kid=4&sid=1785141015045,U pretrazi sajta možete željene oglase označiti kao izabrane i tako ih kasnije lakše pronaći. Želim da saznam više.
5425647056814,prodaja,"BW Lena, lux, bez provizije ID#4510",416871.0,416.871 €,4342.41,,96.0,3.0,,,,,,,,"Ulica Hercegovačka 23/209, Savski Venac",Savski venac,,False,,,,,,,,,,True,3,dup-5425646973174-5425647056814-5425647431432,"[""Unknown""]",,,2026-07-27T08:24:48.778539+00:00,2,https://www.halooglasi.com/nekretnine/prodaja-stanova/bw-lena-lux-bez-provizije-id4510/5425647056814?kid=1&sid=1785141015045,U pretrazi sajta možete željene oglase označiti kao izabrane i tako ih kasnije lakše pronaći. Želim da saznam više.
5425647064091,prodaja,"BW Lena, pored reke, bez provizije ID#4535",749000.0,749.000 €,6628.32,,113.0,3.0,,,,,,,,"Ulica Hercegovačka 23/209, Savski Venac",Savski venac,,False,,,,,,,,,,True,8,dup-5425645290982-5425646917155-5425646982526-5425647032412-5425647064091-5425647175233-5425647177812-5425647435343,"[""Unknown""]",,,2026-07-27T08:24:48.778539+00:00,2,https://www.halooglasi.com/nekretnine/prodaja-stanova/bw-lena-pored-reke-bez-provizije-id4535/5425647064091?kid=1&sid=1785141015045,U pretrazi sajta možete željene oglase označiti kao izabrane i tako ih kasnije lakše pronaći. Želim da saznam više.
5425647431809,prodaja,Dizajnerski stan u Metropolitan BW zgradi,435000.0,435.000 €,5294.55,,82.16,3.0,,,,,,,,,Savski venac,,True,,,,,,,,,,True,87,dup-5425643715532-5425645207991-5425645385233-5425645389272-5425645392386-5425645685233-5425645728758-5425645809867-5425646220838-5425646232969-5425646300512-5425646334577-5425646478847-5425646480585-5425646481232-5425646485440-5425646529995-5425646613222-5425646639273-5425646755013-5425646758252-5425646758306-5425646766477-5425646778795-5425646782812-5425646784840-5425646786314-5425646791087-5425646821339-5425646824088-5425646850533-5425646862690-5425646885410-5425646885410-5425646911901-5425646950289-5425646970681-5425647004782-5425647035339-5425647048931-5425647054205-5425647055337-5425647056834-5425647060884-5425647093727-5425647093727-5425647118443-5425647122162-5425647131799-5425647137401-5425647146496-5425647151079-5425647182857-5425647190718-5425647203373-5425647227787-5425647266012-5425647267784-5425647271048-5425647277479-5425647293441-5425647299598-5425647303837-5425647315819-5425647317471-5425647319622-5425647320884-5425647320884-5425647344617-5425647364056-5425647364564-5425647371407-5425647379953-5425647400312-5425647403682-5425647411253-5425647431442-5425647431809-5425647438893-5425647438893-5425647440521-5425647444952-5425647445072-5425647445072-5425647446175-5425647447993-5425647448493,"[""Owner"", ""Unknown""]",,,2026-07-27T08:24:48.778539+00:00,2,https://www.halooglasi.com/nekretnine/prodaja-stanova/dizajnerski-stan-u-metropolitan-bw-zgradi/5425647431809?kid=4&sid=1785141015045,U pretrazi sajta možete željene oglase označiti kao izabrane i tako ih kasnije lakše pronaći. Želim da saznam više.
5425647165434,prodaja,BW Riviera 05 | Beograd na vodi | 19. sprat | Pano,1000000.0,1.000.000 €,6410.26,,156.0,3.0,,,,,,,,,Savski venac,,False,,,,,,,,,,True,3,dup-5425646968822-5425647165434-5425647420896,"[""Unknown""]",,,2026-07-27T08:24:48.778539+00:00,2,https://www.halooglasi.com/nekretnine/prodaja-stanova/bw-riviera-05-beograd-na-vodi-19-sprat-pano/5425647165434?kid=4&sid=1785141015045,U pretrazi sajta možete željene oglase označiti kao izabrane i tako ih kasnije lakše pronaći. Želim da saznam više.
5425646862672,prodaja,Savski Venac-Beograd na vodi ID#1536,1000000.0,1.000.000 €,5747.13,,174.0,3.0,,,,,,,,"Ulica Smiljanićeva 6, Beograd",Savski venac,,False,,,,,,,,,,False,1,,[],,,2026-07-27T08:24:48.778539+00:00,2,https://www.halooglasi.com/nekretnine/prodaja-stanova/savski-venac-beograd-na-vodi-id1536/5425646862672?kid=1&sid=1785141015045,U pretrazi sajta možete željene oglase označiti kao izabrane i tako ih kasnije lakše pronaći. Želim da saznam više.
5425647241388,prodaja,"BW Garden Plaza, odlična ponuda, dvostrana orijent",369900.0,369.900 €,4064.84,,91.0,3.0,,,,,,,,"Ulica Hercegovačka 23/209, Savski Venac",Savski venac,,False,False,,,,,,,,,True,5,dup-5425646151986-5425647059272-5425647182858-5425647241388-5425647329703,"[""Unknown""]",,,2026-07-27T08:24:48.778539+00:00,2,https://www.halooglasi.com/nekretnine/prodaja-stanova/bw-garden-plaza-odlicna-ponuda-dvostrana-orij/5425647241388?kid=1&sid=1785141015045,U pretrazi sajta možete željene oglase označiti kao izabrane i tako ih kasnije lakše pronaći. Želim da saznam više.
5425646251167,prodaja,BW Victoria - trosoban stan u premium zgradi - bez,585000.0,585.000 €,4960.15,,117.94,3.0,3.0,3-Bedroom,,,,,,Ulica Bulevar Mihajla Pupina 165g,Savski venac,,False,,,,,,,,,,True,6,dup-5425646251165-5425646251167-5425647060914-5425647063478-5425647084584-5425647311917,"[""Unknown""]",,,2026-07-27T08:24:48.778539+00:00,2,https://www.halooglasi.com/nekretnine/prodaja-stanova/bw-victoria---trosoban-stan-u-premium-zgradi/5425646251167?kid=1&sid=1785141015045,U pretrazi sajta možete željene oglase označiti kao izabrane i tako ih kasnije lakše pronaći. Želim da saznam više.
5425647059272,prodaja,"BW Iskra, dvostrano orijentisan, druga linija od r",349500.0,349.500 €,3883.33,,90.0,3.0,,,,,,,,"Ulica Hercegovačka 23/209, Savski Venac",Savski venac,,False,,,,,,,,,,True,5,dup-5425646151986-5425647059272-5425647182858-5425647241388-5425647329703,"[""Unknown""]",,,2026-07-27T08:24:48.778539+00:00,2,https://www.halooglasi.com/nekretnine/prodaja-stanova/bw-iskra-dvostrano-orijentisan-druga-linija-o/5425647059272?kid=1&sid=1785141015045,U pretrazi sajta možete željene oglase označiti kao izabrane i tako ih kasnije lakše pronaći. Želim da saznam više.
5425647325358,prodaja,Trosoban | BW St. Regis | Poged na reku,720000.0,720.000 €,7900.8,,91.13,3.0,3.0,3-Bedroom,,,,,,Ulica Hercegovačka 16,Savski venac,,False,,,,,,,,,,False,1,,[],,,2026-07-27T08:24:48.778539+00:00,2,https://www.halooglasi.com/nekretnine/prodaja-stanova/trosoban-bw-st-regis-poged-na-reku/5425647325358?kid=4&sid=1785141015045,U pretrazi sajta možete željene oglase označiti kao izabrane i tako ih kasnije lakše pronaći. Želim da saznam više.
5425647311917,prodaja,BW Perla-ekskluzivan stan sa pogledom na reku,610000.0,610.000 €,5176.95,,117.83,3.0,,,,,,,,Ulica Mileševska 43,Savski venac,,False,,,,,,,,,,True,6,dup-5425646251165-5425646251167-5425647060914-5425647063478-5425647084584-5425647311917,"[""Unknown""]",,,2026-07-27T08:24:48.778539+00:00,2,https://www.halooglasi.com/nekretnine/prodaja-stanova/bw-perla-ekskluzivan-stan-sa-pogledom-na-reku/5425647311917?kid=4&sid=1785141015045,U pretrazi sajta možete željene oglase označiti kao izabrane i tako ih kasnije lakše pronaći. Želim da saznam više.
5425647403653,prodaja,"BW Sena, dve terase, prva linija do reke ID#4757",330000.0,330.000 €,3402.06,,97.0,3.0,,,,,,,,"Ulica Hercegovačka 23/209, Savski Venac",Savski venac,,False,,,,,,,,,,False,1,,[],,,2026-07-27T08:24:48.778539+00:00,2,https://www.halooglasi.com/nekretnine/prodaja-stanova/bw-sena-dve-terase-prva-linija-do-reke-id4757/5425647403653?kid=1&sid=1785141015045,U pretrazi sajta možete željene oglase označiti kao izabrane i tako ih kasnije lakše pronaći. Želim da saznam više.
5425647174483,prodaja,"Beograd na vodi, Bw Perla, 119 m²",750000.0,750.000 €,6313.13,,118.8,3.0,,,,,,,,Ulica Hercegovacka 14a,Savski venac,,False,,,,,,,,,,True,6,dup-5425645728797-5425647097390-5425647131821-5425647174483-5425647298786-5425647362339,"[""Unknown""]",,,2026-07-27T08:24:48.778539+00:00,2,https://www.halooglasi.com/nekretnine/prodaja-stanova/beograd-na-vodi-bw-perla-119-m/5425647174483?kid=1&sid=1785141015045,U pretrazi sajta možete željene oglase označiti kao izabrane i tako ih kasnije lakše pronaći. Želim da saznam više.
5425647066693,prodaja,BW Victoria direktan pogled na reku,585000.0,585.000 €,6093.75,,96.0,3.0,,,,,,,,Ulica Hercegovačka 14a,Savski venac,,False,True,,,,,,,,,True,4,dup-5425646032963-5425647066693-5425647343367-5425647431431,"[""Unknown""]",,,2026-07-27T08:24:48.778539+00:00,2,https://www.halooglasi.com/nekretnine/prodaja-stanova/bw-victoria-direktan-pogled-na-reku/5425647066693?kid=4&sid=1785141015045,U pretrazi sajta možete željene oglase označiti kao izabrane i tako ih kasnije lakše pronaći. Želim da saznam više.
5425647227787,prodaja,"BW Iris, 79m2, 3.0, garaža",343000.0,343.000 €,4341.77,,79.0,3.0,,,,,,,,Ulica Bul. Nikole Tesle 36,Savski venac,,False,,,,,,,,,,True,87,dup-5425643715532-5425645207991-5425645385233-5425645389272-5425645392386-5425645685233-5425645728758-5425645809867-5425646220838-5425646232969-5425646300512-5425646334577-5425646478847-5425646480585-5425646481232-5425646485440-5425646529995-5425646613222-5425646639273-5425646755013-5425646758252-5425646758306-5425646766477-5425646778795-5425646782812-5425646784840-5425646786314-5425646791087-5425646821339-5425646824088-5425646850533-5425646862690-5425646885410-5425646885410-5425646911901-5425646950289-5425646970681-5425647004782-5425647035339-5425647048931-5425647054205-5425647055337-5425647056834-5425647060884-5425647093727-5425647093727-5425647118443-5425647122162-5425647131799-5425647137401-5425647146496-5425647151079-5425647182857-5425647190718-5425647203373-5425647227787-5425647266012-5425647267784-5425647271048-5425647277479-5425647293441-5425647299598-5425647303837-5425647315819-5425647317471-5425647319622-5425647320884-5425647320884-5425647344617-5425647364056-5425647364564-5425647371407-5425647379953-5425647400312-5425647403682-5425647411253-5425647431442-5425647431809-5425647438893-5425647438893-5425647440521-5425647444952-5425647445072-5425647445072-5425647446175-5425647447993-5425647448493,"[""Owner"", ""Unknown""]",,,2026-07-27T08:24:48.778539+00:00,2,https://www.halooglasi.com/nekretnine/prodaja-stanova/bw-iris-79m2-3-0-garaza/5425647227787?kid=1&sid=1785141015045,U pretrazi sajta možete željene oglase označiti kao izabrane i tako ih kasnije lakše pronaći. Želim da saznam više.
5425647444952,prodaja,"Lux stan, BW Quartet 3",375000.0,375.000 €,5182.42,,72.36,3.0,,,,,,,,,Savski venac,,False,,,,,,,,,,True,87,dup-5425643715532-5425645207991-5425645385233-5425645389272-5425645392386-5425645685233-5425645728758-5425645809867-5425646220838-5425646232969-5425646300512-5425646334577-5425646478847-5425646480585-5425646481232-5425646485440-5425646529995-5425646613222-5425646639273-5425646755013-5425646758252-5425646758306-5425646766477-5425646778795-5425646782812-5425646784840-5425646786314-5425646791087-5425646821339-5425646824088-5425646850533-5425646862690-5425646885410-5425646885410-5425646911901-5425646950289-5425646970681-5425647004782-5425647035339-5425647048931-5425647054205-5425647055337-5425647056834-5425647060884-5425647093727-5425647093727-5425647118443-5425647122162-5425647131799-5425647137401-5425647146496-5425647151079-5425647182857-5425647190718-5425647203373-5425647227787-5425647266012-5425647267784-5425647271048-5425647277479-5425647293441-5425647299598-5425647303837-5425647315819-5425647317471-5425647319622-5425647320884-5425647320884-5425647344617-5425647364056-5425647364564-5425647371407-5425647379953-5425647400312-5425647403682-5425647411253-5425647431442-5425647431809-5425647438893-5425647438893-5425647440521-5425647444952-5425647445072-5425647445072-5425647446175-5425647447993-5425647448493,"[""Owner"", ""Unknown""]",,,2026-07-27T08:24:48.778539+00:00,2,https://www.halooglasi.com/nekretnine/prodaja-stanova/lux-stan-bw-quartet-3/5425647444952?sid=1785141015045,U pretrazi sajta možete željene oglase označiti kao izabrane i tako ih kasnije lakše pronaći. Želim da saznam više.
5425644039358,prodaja,"Beograd, Beograd na vodi, Vudroa Vilsona",500000.0,500.000 €,5681.82,,88.0,3.0,,,,,,,,Ulica Rakovicki put 9/11 Beograd,Savski venac,,False,,,,,,,,,,True,2,dup-5425644039358-5425647153162,"[""Unknown""]",,,2026-07-27T08:24:48.778539+00:00,2,https://www.halooglasi.com/nekretnine/prodaja-stanova/beograd-beograd-na-vodi-vudroa-vilsona/5425644039358?kid=1&sid=1785141015045,U pretrazi sajta možete željene oglase označiti kao izabrane i tako ih kasnije lakše pronaći. Želim da saznam više.
5425647182857,prodaja,BW Iris | Beograd na vodi | Dvostrano orijentisan,387000.0,387.000 €,4837.5,,80.0,3.0,,,,,,,,,Savski venac,,False,,,,,,,,,,True,87,dup-5425643715532-5425645207991-5425645385233-5425645389272-5425645392386-5425645685233-5425645728758-5425645809867-5425646220838-5425646232969-5425646300512-5425646334577-5425646478847-5425646480585-5425646481232-5425646485440-5425646529995-5425646613222-5425646639273-5425646755013-5425646758252-5425646758306-5425646766477-5425646778795-5425646782812-5425646784840-5425646786314-5425646791087-5425646821339-5425646824088-5425646850533-5425646862690-5425646885410-5425646885410-5425646911901-5425646950289-5425646970681-5425647004782-5425647035339-5425647048931-5425647054205-5425647055337-5425647056834-5425647060884-5425647093727-5425647093727-5425647118443-5425647122162-5425647131799-5425647137401-5425647146496-5425647151079-5425647182857-5425647190718-5425647203373-5425647227787-5425647266012-5425647267784-5425647271048-5425647277479-5425647293441-5425647299598-5425647303837-5425647315819-5425647317471-5425647319622-5425647320884-5425647320884-5425647344617-5425647364056-5425647364564-5425647371407-5425647379953-5425647400312-5425647403682-5425647411253-5425647431442-5425647431809-5425647438893-5425647438893-5425647440521-5425647444952-5425647445072-5425647445072-5425647446175-5425647447993-5425647448493,"[""Owner"", ""Unknown""]",,,2026-07-27T08:24:48.778539+00:00,2,https://www.halooglasi.com/nekretnine/prodaja-stanova/bw-iris-beograd-na-vodi-dvostrano-orijentisan/5425647182857?kid=1&sid=1785141015045,U pretrazi sajta možete željene oglase označiti kao izabrane i tako ih kasnije lakše pronaći. Želim da saznam više.
5425647048931,prodaja,BW Kings Park 78 m2,425000.0,425.000 €,5448.72,,78.0,3.0,,,,,,,,,Savski venac,,True,False,,,,,,,,,True,87,dup-5425643715532-5425645207991-5425645385233-5425645389272-5425645392386-5425645685233-5425645728758-5425645809867-5425646220838-5425646232969-5425646300512-5425646334577-5425646478847-5425646480585-5425646481232-5425646485440-5425646529995-5425646613222-5425646639273-5425646755013-5425646758252-5425646758306-5425646766477-5425646778795-5425646782812-5425646784840-5425646786314-5425646791087-5425646821339-5425646824088-5425646850533-5425646862690-5425646885410-5425646885410-5425646911901-5425646950289-5425646970681-5425647004782-5425647035339-5425647048931-5425647054205-5425647055337-5425647056834-5425647060884-5425647093727-5425647093727-5425647118443-5425647122162-5425647131799-5425647137401-5425647146496-5425647151079-5425647182857-5425647190718-5425647203373-5425647227787-5425647266012-5425647267784-5425647271048-5425647277479-5425647293441-5425647299598-5425647303837-5425647315819-5425647317471-5425647319622-5425647320884-5425647320884-5425647344617-5425647364056-5425647364564-5425647371407-5425647379953-5425647400312-5425647403682-5425647411253-5425647431442-5425647431809-5425647438893-5425647438893-5425647440521-5425647444952-5425647445072-5425647445072-5425647446175-5425647447993-5425647448493,"[""Owner"", ""Unknown""]",,,2026-07-27T08:24:48.778539+00:00,2,https://www.halooglasi.com/nekretnine/prodaja-stanova/bw-kings-park-78-m2/5425647048931?kid=1&sid=1785141015045,U pretrazi sajta možete željene oglase označiti kao izabrane i tako ih kasnije lakše pronaći. Želim da saznam više.
5425646786314,prodaja,"BW, Nov, 3.0-soban, dve garaze!",343000.0,343.000 €,4268.82,,80.35,3.0,,,,,,,,Ulica Deligradska 26,Savski venac,,False,False,,,,,,,,,True,87,dup-5425643715532-5425645207991-5425645385233-5425645389272-5425645392386-5425645685233-5425645728758-5425645809867-5425646220838-5425646232969-5425646300512-5425646334577-5425646478847-5425646480585-5425646481232-5425646485440-5425646529995-5425646613222-5425646639273-5425646755013-5425646758252-5425646758306-5425646766477-5425646778795-5425646782812-5425646784840-5425646786314-5425646791087-5425646821339-5425646824088-5425646850533-5425646862690-5425646885410-5425646885410-5425646911901-5425646950289-5425646970681-5425647004782-5425647035339-5425647048931-5425647054205-5425647055337-5425647056834-5425647060884-5425647093727-5425647093727-5425647118443-5425647122162-5425647131799-5425647137401-5425647146496-5425647151079-5425647182857-5425647190718-5425647203373-5425647227787-5425647266012-5425647267784-5425647271048-5425647277479-5425647293441-5425647299598-5425647303837-5425647315819-5425647317471-5425647319622-5425647320884-5425647320884-5425647344617-5425647364056-5425647364564-5425647371407-5425647379953-5425647400312-5425647403682-5425647411253-5425647431442-5425647431809-5425647438893-5425647438893-5425647440521-5425647444952-5425647445072-5425647445072-5425647446175-5425647447993-5425647448493,"[""Owner"", ""Unknown""]",,,2026-07-27T08:24:48.778539+00:00,2,https://www.halooglasi.com/nekretnine/prodaja-stanova/bw-nov-3-0-soban-dve-garaze/5425646786314?kid=1&sid=1785141015045,U pretrazi sajta možete željene oglase označiti kao izabrane i tako ih kasnije lakše pronaći. Želim da saznam više.
5425646962309,prodaja,BW Riviera 01 | Beograd na vodi | Pogled na reku,1123000.0,1.123.000 €,7339.87,,153.0,3.0,,,,,,,,,Savski venac,,False,,,,,,,,,,False,1,,[],,,2026-07-27T08:24:48.778539+00:00,2,https://www.halooglasi.com/nekretnine/prodaja-stanova/bw-riviera-01-beograd-na-vodi-pogled-na-reku/5425646962309?kid=4&sid=1785141015045,U pretrazi sajta možete željene oglase označiti kao izabrane i tako ih kasnije lakše pronaći. Želim da saznam više.
5425647177812,prodaja,"Bw Perla , 114m2",750000.0,750.000 €,6578.95,,114.0,3.0,,,,,,,,Ulica Hercegovacka 14a,Savski venac,,False,,,,,,,,,,True,8,dup-5425645290982-5425646917155-5425646982526-5425647032412-5425647064091-5425647175233-5425647177812-5425647435343,"[""Unknown""]",,,2026-07-27T08:24:48.778539+00:00,2,https://www.halooglasi.com/nekretnine/prodaja-stanova/bw-perla-114m2/5425647177812?kid=1&sid=1785141015045,U pretrazi sajta možete željene oglase označiti kao izabrane i tako ih kasnije lakše pronaći. Želim da saznam više.
5425646977548,prodaja,Trosoban stan u BW Vizia - bez provizije,265500.0,265.500 €,3768.63,,70.45,3.0,3.0,3-Bedroom,,,,,,Ulica Bulevar Mihajla Pupina 165g,Savski venac,,False,False,,,,,,,,,False,1,,[],,,2026-07-27T08:24:48.778539+00:00,2,https://www.halooglasi.com/nekretnine/prodaja-stanova/trosoban-stan-u-bw-vizia---bez-provizije/5425646977548?kid=1&sid=1785141015045,U pretrazi sajta možete željene oglase označiti kao izabrane i tako ih kasnije lakše pronaći. Želim da saznam više.
5425647445072,prodaja,"Luksuzan trosoban stan u BW Metropolitan,82m2",410000.0,410.000 €,5000.0,,82.0,3.0,3.0,3-Bedroom,,,,,,Ulica Bulevar despota Stefana 64a,Savski venac,,False,False,,,,,,,,,True,87,dup-5425643715532-5425645207991-5425645385233-5425645389272-5425645392386-5425645685233-5425645728758-5425645809867-5425646220838-5425646232969-5425646300512-5425646334577-5425646478847-5425646480585-5425646481232-5425646485440-5425646529995-5425646613222-5425646639273-5425646755013-5425646758252-5425646758306-5425646766477-5425646778795-5425646782812-5425646784840-5425646786314-5425646791087-5425646821339-5425646824088-5425646850533-5425646862690-5425646885410-5425646885410-5425646911901-5425646950289-5425646970681-5425647004782-5425647035339-5425647048931-5425647054205-5425647055337-5425647056834-5425647060884-5425647093727-5425647093727-5425647118443-5425647122162-5425647131799-5425647137401-5425647146496-5425647151079-5425647182857-5425647190718-5425647203373-5425647227787-5425647266012-5425647267784-5425647271048-5425647277479-5425647293441-5425647299598-5425647303837-5425647315819-5425647317471-5425647319622-5425647320884-5425647320884-5425647344617-5425647364056-5425647364564-5425647371407-5425647379953-5425647400312-5425647403682-5425647411253-5425647431442-5425647431809-5425647438893-5425647438893-5425647440521-5425647444952-5425647445072-5425647445072-5425647446175-5425647447993-5425647448493,"[""Owner"", ""Unknown""]",,,2026-07-27T08:24:48.778539+00:00,2,https://www.halooglasi.com/nekretnine/prodaja-stanova/luksuzan-trosoban-stan-u-bw-metropolitan-82m2/5425647445072?kid=4&sid=1785141015045,U pretrazi sajta možete željene oglase označiti kao izabrane i tako ih kasnije lakše pronaći. Želim da saznam više.
5425647226574,prodaja,"Direktan pogled ka reci, bazen i teretana ID#1260",1215000.0,1.215.000 €,8804.35,,138.0,3.0,,,,,,,,"Ulica Jedrenska 2, Beograd",Savski venac,,False,,,,,,,,,,True,11,dup-5425644987096-5425645717554-5425646095210-5425646184757-5425646442310-5425646862691-5425646994189-5425647068206-5425647226574-5425647247884-5425647319663,"[""Unknown""]",,,2026-07-27T08:24:48.778539+00:00,2,https://www.halooglasi.com/nekretnine/prodaja-stanova/direktan-pogled-ka-reci-bazen-i-teretana-id12/5425647226574?kid=1&sid=1785141015045,U pretrazi sajta možete željene oglase označiti kao izabrane i tako ih kasnije lakše pronaći. Želim da saznam više.
5425647040065,prodaja,BW Riviera 04 | Beograd na vodi | Prvi red do reke,749000.0,749.000 €,7802.08,,96.0,3.0,,,,,,,,,Savski venac,,False,,,,,,,,,,True,2,dup-5425647040065-5425647431133,"[""Unknown""]",,,2026-07-27T08:24:48.778539+00:00,2,https://www.halooglasi.com/nekretnine/prodaja-stanova/bw-riviera-04-beograd-na-vodi-prvi-red-do-rek/5425647040065?kid=1&sid=1785141015045,U pretrazi sajta možete željene oglase označiti kao izabrane i tako ih kasnije lakše pronaći. Želim da saznam više.
5425647374917,prodaja,Luksuzan trosoban stan u Bw Sensa – 86 m²,410000.0,410.000 €,4712.64,,87.0,3.0,3.0,3-Bedroom,,,,,,,Savski venac,,False,False,,,,,,,,,True,12,dup-5425646435640-5425647006614-5425647006614-5425647059275-5425647066407-5425647163578-5425647303654-5425647303656-5425647325597-5425647374917-5425647429056-5425647431400,"[""Unknown""]",,,2026-07-27T08:24:48.778539+00:00,2,https://www.halooglasi.com/nekretnine/prodaja-stanova/luksuzan-trosoban-stan-u-bw-sensa-86-m/5425647374917?kid=1&sid=1785141015045,U pretrazi sajta možete željene oglase označiti kao izabrane i tako ih kasnije lakše pronaći. Želim da saznam više.
5425647146496,prodaja,BW Aurora | Lux nov uknjizen trosoban stan | 81m²,435000.0,435.000 €,5370.37,,81.0,3.0,3.0,3-Bedroom,,,,,,,Savski venac,,True,False,,,,,,,,,True,87,dup-5425643715532-5425645207991-5425645385233-5425645389272-5425645392386-5425645685233-5425645728758-5425645809867-5425646220838-5425646232969-5425646300512-5425646334577-5425646478847-5425646480585-5425646481232-5425646485440-5425646529995-5425646613222-5425646639273-5425646755013-5425646758252-5425646758306-5425646766477-5425646778795-5425646782812-5425646784840-5425646786314-5425646791087-5425646821339-5425646824088-5425646850533-5425646862690-5425646885410-5425646885410-5425646911901-5425646950289-5425646970681-5425647004782-5425647035339-5425647048931-5425647054205-5425647055337-5425647056834-5425647060884-5425647093727-5425647093727-5425647118443-5425647122162-5425647131799-5425647137401-5425647146496-5425647151079-5425647182857-5425647190718-5425647203373-5425647227787-5425647266012-5425647267784-5425647271048-5425647277479-5425647293441-5425647299598-5425647303837-5425647315819-5425647317471-5425647319622-5425647320884-5425647320884-5425647344617-5425647364056-5425647364564-5425647371407-5425647379953-5425647400312-5425647403682-5425647411253-5425647431442-5425647431809-5425647438893-5425647438893-5425647440521-5425647444952-5425647445072-5425647445072-5425647446175-5425647447993-5425647448493,"[""Owner"", ""Unknown""]",,,2026-07-27T08:24:48.778539+00:00,2,https://www.halooglasi.com/nekretnine/prodaja-stanova/bw-aurora-lux-nov-uknjizen-trosoban-stan-81m/5425647146496?kid=4&sid=1785141015045,U pretrazi sajta možete željene oglase označiti kao izabrane i tako ih kasnije lakše pronaći. Želim da saznam više.
5425646032963,prodaja,"Bw Riviera pogled na reku , jedinstven stan",575000.0,575.000 €,5977.13,,96.2,3.0,,,,,,,,Ulica Šumatovačka 36,Savski venac,,False,,,,,,,,,,True,4,dup-5425646032963-5425647066693-5425647343367-5425647431431,"[""Unknown""]",,,2026-07-27T08:24:48.778539+00:00,2,https://www.halooglasi.com/nekretnine/prodaja-stanova/bw-riviera-pogled-na-reku-jedinstven-stan/5425646032963?kid=1&sid=1785141015045,U pretrazi sajta možete željene oglase označiti kao izabrane i tako ih kasnije lakše pronaći. Želim da saznam više.
5425646481232,prodaja,"Prodajemo trosoban stan, Beograd Na Vodi, 78m²",375000.0,375.000 €,4807.69,,78.0,3.0,3.0,3-Bedroom,,,,,,Ulica Terazije 27,Savski venac,,False,False,,,,,,,,,True,87,dup-5425643715532-5425645207991-5425645385233-5425645389272-5425645392386-5425645685233-5425645728758-5425645809867-5425646220838-5425646232969-5425646300512-5425646334577-5425646478847-5425646480585-5425646481232-5425646485440-5425646529995-5425646613222-5425646639273-5425646755013-5425646758252-5425646758306-5425646766477-5425646778795-5425646782812-5425646784840-5425646786314-5425646791087-5425646821339-5425646824088-5425646850533-5425646862690-5425646885410-5425646885410-5425646911901-5425646950289-5425646970681-5425647004782-5425647035339-5425647048931-5425647054205-5425647055337-5425647056834-5425647060884-5425647093727-5425647093727-5425647118443-5425647122162-5425647131799-5425647137401-5425647146496-5425647151079-5425647182857-5425647190718-5425647203373-5425647227787-5425647266012-5425647267784-5425647271048-5425647277479-5425647293441-5425647299598-5425647303837-5425647315819-5425647317471-5425647319622-5425647320884-5425647320884-5425647344617-5425647364056-5425647364564-5425647371407-5425647379953-5425647400312-5425647403682-5425647411253-5425647431442-5425647431809-5425647438893-5425647438893-5425647440521-5425647444952-5425647445072-5425647445072-5425647446175-5425647447993-5425647448493,"[""Owner"", ""Unknown""]",,,2026-07-27T08:24:48.778539+00:00,2,https://www.halooglasi.com/nekretnine/prodaja-stanova/prodajemo-trosoban-stan-beograd-na-vodi-78m/5425646481232?kid=1&sid=1785141015045,U pretrazi sajta možete željene oglase označiti kao izabrane i tako ih kasnije lakše pronaći. Želim da saznam više.
5425646824136,prodaja,"Panoramski pogled, premium zgrada, useljiv ID#1227",699000.0,699.000 €,6139.66,,113.85,3.0,,,,,,,,"Ulica Jedrenska 2, Beograd",Savski venac,,False,,,,,,,,,,False,1,,[],,,2026-07-27T08:24:48.778539+00:00,2,https://www.halooglasi.com/nekretnine/prodaja-stanova/panoramski-pogled-premium-zgrada-useljiv-id12/5425646824136?kid=1&sid=1785141015045,U pretrazi sajta možete željene oglase označiti kao izabrane i tako ih kasnije lakše pronaći. Želim da saznam više.
5425646435640,prodaja,"Bw Quartet 3, 85m2",387000.0,387.000 €,4552.94,,85.0,3.0,,,,,,,,Ulica Hercegovacka 14a,Savski venac,,False,,,,,,,,,,True,12,dup-5425646435640-5425647006614-5425647006614-5425647059275-5425647066407-5425647163578-5425647303654-5425647303656-5425647325597-5425647374917-5425647429056-5425647431400,"[""Unknown""]",,,2026-07-27T08:24:48.778539+00:00,2,https://www.halooglasi.com/nekretnine/prodaja-stanova/bw-quartet-3-85m2/5425646435640?kid=1&sid=1785141015045,U pretrazi sajta možete željene oglase označiti kao izabrane i tako ih kasnije lakše pronaći. Želim da saznam više.
5425647153162,prodaja,Savski Venac-Beograd na vodi ID#1561,500000.0,500.000 €,5665.72,,88.25,3.0,,,,,,,,"Ulica Smiljanićeva 6, Beograd",Savski venac,,False,,,,,,,,,,True,2,dup-5425644039358-5425647153162,"[""Unknown""]",,,2026-07-27T08:24:48.778539+00:00,2,https://www.halooglasi.com/nekretnine/prodaja-stanova/savski-venac-beograd-na-vodi-id1561/5425647153162?kid=1&sid=1785141015045,U pretrazi sajta možete željene oglase označiti kao izabrane i tako ih kasnije lakše pronaći. Želim da saznam više.
5425646784840,prodaja,"Beograd na vodi, panoramski pogled na grad, 3.0",387000.0,387.000 €,4816.43,,80.35,3.0,,,,,,,,Ulica Bulevar Mihajla Pupina 165a,Savski venac,,False,,,,,,,,,,True,87,dup-5425643715532-5425645207991-5425645385233-5425645389272-5425645392386-5425645685233-5425645728758-5425645809867-5425646220838-5425646232969-5425646300512-5425646334577-5425646478847-5425646480585-5425646481232-5425646485440-5425646529995-5425646613222-5425646639273-5425646755013-5425646758252-5425646758306-5425646766477-5425646778795-5425646782812-5425646784840-5425646786314-5425646791087-5425646821339-5425646824088-5425646850533-5425646862690-5425646885410-5425646885410-5425646911901-5425646950289-5425646970681-5425647004782-5425647035339-5425647048931-5425647054205-5425647055337-5425647056834-5425647060884-5425647093727-5425647093727-5425647118443-5425647122162-5425647131799-5425647137401-5425647146496-5425647151079-5425647182857-5425647190718-5425647203373-5425647227787-5425647266012-5425647267784-5425647271048-5425647277479-5425647293441-5425647299598-5425647303837-5425647315819-5425647317471-5425647319622-5425647320884-5425647320884-5425647344617-5425647364056-5425647364564-5425647371407-5425647379953-5425647400312-5425647403682-5425647411253-5425647431442-5425647431809-5425647438893-5425647438893-5425647440521-5425647444952-5425647445072-5425647445072-5425647446175-5425647447993-5425647448493,"[""Owner"", ""Unknown""]",,,2026-07-27T08:24:48.778539+00:00,2,https://www.halooglasi.com/nekretnine/prodaja-stanova/beograd-na-vodi-panoramski-pogled-na-grad-3-0/5425646784840?kid=4&sid=1785141015045,U pretrazi sajta možete željene oglase označiti kao izabrane i tako ih kasnije lakše pronaći. Želim da saznam više.
5425647004782,prodaja,"BW Eden, LUX, 3.0. Useljiv uskoro",365000.0,365.000 €,4802.63,,76.0,3.0,,,,,,,,Ulica Sarajevska 40,Savski venac,,False,False,,,,,,,,,True,87,dup-5425643715532-5425645207991-5425645385233-5425645389272-5425645392386-5425645685233-5425645728758-5425645809867-5425646220838-5425646232969-5425646300512-5425646334577-5425646478847-5425646480585-5425646481232-5425646485440-5425646529995-5425646613222-5425646639273-5425646755013-5425646758252-5425646758306-5425646766477-5425646778795-5425646782812-5425646784840-5425646786314-5425646791087-5425646821339-5425646824088-5425646850533-5425646862690-5425646885410-5425646885410-5425646911901-5425646950289-5425646970681-5425647004782-5425647035339-5425647048931-5425647054205-5425647055337-5425647056834-5425647060884-5425647093727-5425647093727-5425647118443-5425647122162-5425647131799-5425647137401-5425647146496-5425647151079-5425647182857-5425647190718-5425647203373-5425647227787-5425647266012-5425647267784-5425647271048-5425647277479-5425647293441-5425647299598-5425647303837-5425647315819-5425647317471-5425647319622-5425647320884-5425647320884-5425647344617-5425647364056-5425647364564-5425647371407-5425647379953-5425647400312-5425647403682-5425647411253-5425647431442-5425647431809-5425647438893-5425647438893-5425647440521-5425647444952-5425647445072-5425647445072-5425647446175-5425647447993-5425647448493,"[""Owner"", ""Unknown""]",,,2026-07-27T08:24:48.778539+00:00,2,https://www.halooglasi.com/nekretnine/prodaja-stanova/bw-eden-lux-3-0-useljiv-uskoro/5425647004782?kid=4&sid=1785141015045,U pretrazi sajta možete željene oglase označiti kao izabrane i tako ih kasnije lakše pronaći. Želim da saznam više.
5425647093727,prodaja,Snižena cena- Najpovoljniji stan u BW,343000.0,343.000 €,4397.44,,78.0,3.0,,,,,,,,Ulica Hercegovačka 15,Savski venac,,False,False,,,,,,,,,True,87,dup-5425643715532-5425645207991-5425645385233-5425645389272-5425645392386-5425645685233-5425645728758-5425645809867-5425646220838-5425646232969-5425646300512-5425646334577-5425646478847-5425646480585-5425646481232-5425646485440-5425646529995-5425646613222-5425646639273-5425646755013-5425646758252-5425646758306-5425646766477-5425646778795-5425646782812-5425646784840-5425646786314-5425646791087-5425646821339-5425646824088-5425646850533-5425646862690-5425646885410-5425646885410-5425646911901-5425646950289-5425646970681-5425647004782-5425647035339-5425647048931-5425647054205-5425647055337-5425647056834-5425647060884-5425647093727-5425647093727-5425647118443-5425647122162-5425647131799-5425647137401-5425647146496-5425647151079-5425647182857-5425647190718-5425647203373-5425647227787-5425647266012-5425647267784-5425647271048-5425647277479-5425647293441-5425647299598-5425647303837-5425647315819-5425647317471-5425647319622-5425647320884-5425647320884-5425647344617-5425647364056-5425647364564-5425647371407-5425647379953-5425647400312-5425647403682-5425647411253-5425647431442-5425647431809-5425647438893-5425647438893-5425647440521-5425647444952-5425647445072-5425647445072-5425647446175-5425647447993-5425647448493,"[""Owner"", ""Unknown""]",,,2026-07-27T08:24:48.778539+00:00,2,https://www.halooglasi.com/nekretnine/prodaja-stanova/snizena-cena--najpovoljniji-stan-u-bw/5425647093727?kid=4&sid=1785141015045,U pretrazi sajta možete željene oglase označiti kao izabrane i tako ih kasnije lakše pronaći. Želim da saznam više.
5425645409306,prodaja,Prelep stan u zgradi Bw Residences,838400.0,838.400 €,9113.04,,92.0,3.0,,,,,,BW Residence,,,Savski venac,,False,,,,,,,,,,False,1,,[],,,2026-07-27T08:24:48.778539+00:00,2,https://www.halooglasi.com/nekretnine/prodaja-stanova/prelep-stan-u-zgradi-bw-residences/5425645409306?kid=1&sid=1785141015045,U pretrazi sajta možete željene oglase označiti kao izabrane i tako ih kasnije lakše pronaći. Želim da saznam više.
5425644987096,prodaja,Dizajnerski dragulj u zgradi BW Terraces,1220000.0,1.220.000 €,8840.58,,138.0,3.0,,,,,,,,Ulica Bulevar Mihajla Pupina 165g,Savski venac,,False,,,,,,,,,,True,11,dup-5425644987096-5425645717554-5425646095210-5425646184757-5425646442310-5425646862691-5425646994189-5425647068206-5425647226574-5425647247884-5425647319663,"[""Unknown""]",,,2026-07-27T08:24:48.778539+00:00,2,https://www.halooglasi.com/nekretnine/prodaja-stanova/dizajnerski-dragulj-u-zgradi-bw-terraces/5425644987096?kid=1&sid=1785141015045,U pretrazi sajta možete željene oglase označiti kao izabrane i tako ih kasnije lakše pronaći. Želim da saznam više.
5425647344617,prodaja,BW Quartet 4 - Trosoban stan + veliki parking,417000.0,417.000 €,5415.58,,77.0,3.0,3.0,3-Bedroom,,,,,,Ulica Bulevar Nikole Tesle br.30A,Savski venac,,False,False,,,,,,,,,True,87,dup-5425643715532-5425645207991-5425645385233-5425645389272-5425645392386-5425645685233-5425645728758-5425645809867-5425646220838-5425646232969-5425646300512-5425646334577-5425646478847-5425646480585-5425646481232-5425646485440-5425646529995-5425646613222-5425646639273-5425646755013-5425646758252-5425646758306-5425646766477-5425646778795-5425646782812-5425646784840-5425646786314-5425646791087-5425646821339-5425646824088-5425646850533-5425646862690-5425646885410-5425646885410-5425646911901-5425646950289-5425646970681-5425647004782-5425647035339-5425647048931-5425647054205-5425647055337-5425647056834-5425647060884-5425647093727-5425647093727-5425647118443-5425647122162-5425647131799-5425647137401-5425647146496-5425647151079-5425647182857-5425647190718-5425647203373-5425647227787-5425647266012-5425647267784-5425647271048-5425647277479-5425647293441-5425647299598-5425647303837-5425647315819-5425647317471-5425647319622-5425647320884-5425647320884-5425647344617-5425647364056-5425647364564-5425647371407-5425647379953-5425647400312-5425647403682-5425647411253-5425647431442-5425647431809-5425647438893-5425647438893-5425647440521-5425647444952-5425647445072-5425647445072-5425647446175-5425647447993-5425647448493,"[""Owner"", ""Unknown""]",,,2026-07-27T08:24:48.778539+00:00,2,https://www.halooglasi.com/nekretnine/prodaja-stanova/bw-quartet-4---trosoban-stan-veliki-parking/5425647344617?kid=4&sid=1785141015045,U pretrazi sajta možete željene oglase označiti kao izabrane i tako ih kasnije lakše pronaći. Želim da saznam više.
5425646639273,prodaja,"BW Vista, Hercegovačka, 3.0, lux, opremljen",375000.0,375.000 €,4518.07,,83.0,3.0,,,,,,,,Ulica Bul. Nikole Tesle 36,Savski venac,,False,False,,,,,,,,,True,87,dup-5425643715532-5425645207991-5425645385233-5425645389272-5425645392386-5425645685233-5425645728758-5425645809867-5425646220838-5425646232969-5425646300512-5425646334577-5425646478847-5425646480585-5425646481232-5425646485440-5425646529995-5425646613222-5425646639273-5425646755013-5425646758252-5425646758306-5425646766477-5425646778795-5425646782812-5425646784840-5425646786314-5425646791087-5425646821339-5425646824088-5425646850533-5425646862690-5425646885410-5425646885410-5425646911901-5425646950289-5425646970681-5425647004782-5425647035339-5425647048931-5425647054205-5425647055337-5425647056834-5425647060884-5425647093727-5425647093727-5425647118443-5425647122162-5425647131799-5425647137401-5425647146496-5425647151079-5425647182857-5425647190718-5425647203373-5425647227787-5425647266012-5425647267784-5425647271048-5425647277479-5425647293441-5425647299598-5425647303837-5425647315819-5425647317471-5425647319622-5425647320884-5425647320884-5425647344617-5425647364056-5425647364564-5425647371407-5425647379953-5425647400312-5425647403682-5425647411253-5425647431442-5425647431809-5425647438893-5425647438893-5425647440521-5425647444952-5425647445072-5425647445072-5425647446175-5425647447993-5425647448493,"[""Owner"", ""Unknown""]",,,2026-07-27T08:24:48.778539+00:00,2,https://www.halooglasi.com/nekretnine/prodaja-stanova/bw-vista-hercegovacka-3-0-lux-opremljen/5425646639273?kid=1&sid=1785141015045,U pretrazi sajta možete željene oglase označiti kao izabrane i tako ih kasnije lakše pronaći. Želim da saznam više.
5425646783736,prodaja,"BW Victoria, premium zgrada sa pogledom na reku ID",665000.0,665.000 €,5618.45,,118.36,3.0,,,,,,,,"Ulica Hercegovačka 23/209, Savski Venac",Savski venac,,False,,,,,,,,,,False,1,,[],,,2026-07-27T08:24:48.778539+00:00,2,https://www.halooglasi.com/nekretnine/prodaja-stanova/bw-victoria-premium-zgrada-sa-pogledom-na-rek/5425646783736?kid=1&sid=1785141015045,U pretrazi sajta možete željene oglase označiti kao izabrane i tako ih kasnije lakše pronaći. Želim da saznam više.
5425646821455,prodaja,Dizajnerski / Simfonija / pogled na reku,435000.0,435.000 €,6041.67,,72.0,3.0,,,,,,,,"Ulica Macvanska 9, Vracar",Savski venac,,False,,,,,,,,,,True,2,dup-5425646821455-5425647114091,"[""Unknown""]",,,2026-07-27T08:24:48.778539+00:00,2,https://www.halooglasi.com/nekretnine/prodaja-stanova/dizajnerski-simfonija-pogled-na-reku/5425646821455?kid=1&sid=1785141015045,U pretrazi sajta možete željene oglase označiti kao izabrane i tako ih kasnije lakše pronaći. Želim da saznam više.
5425646874989,prodaja,BW Residences - Trosoban stan sa pogledom na reku,838400.0,838.400 €,9315.56,,90.0,3.0,3.0,3-Bedroom,,,,BW Residence,,Ulica Bulevar Mihajla Pupina 165g,Savski venac,,False,,,,,,,,,,False,1,,[],,,2026-07-27T08:24:48.778539+00:00,2,https://www.halooglasi.com/nekretnine/prodaja-stanova/bw-residences---trosoban-stan-sa-pogledom-na/5425646874989?kid=1&sid=1785141015045,U pretrazi sajta možete željene oglase označiti kao izabrane i tako ih kasnije lakše pronaći. Želim da saznam više.
5425647364056,prodaja,BW Vista 3.0 Uknjižen,375000.0,375.000 €,4573.17,,82.0,3.0,,,,,,,,Ulica Džona Kenedija 18,Savski venac,,False,,,,,,,,,,True,87,dup-5425643715532-5425645207991-5425645385233-5425645389272-5425645392386-5425645685233-5425645728758-5425645809867-5425646220838-5425646232969-5425646300512-5425646334577-5425646478847-5425646480585-5425646481232-5425646485440-5425646529995-5425646613222-5425646639273-5425646755013-5425646758252-5425646758306-5425646766477-5425646778795-5425646782812-5425646784840-5425646786314-5425646791087-5425646821339-5425646824088-5425646850533-5425646862690-5425646885410-5425646885410-5425646911901-5425646950289-5425646970681-5425647004782-5425647035339-5425647048931-5425647054205-5425647055337-5425647056834-5425647060884-5425647093727-5425647093727-5425647118443-5425647122162-5425647131799-5425647137401-5425647146496-5425647151079-5425647182857-5425647190718-5425647203373-5425647227787-5425647266012-5425647267784-5425647271048-5425647277479-5425647293441-5425647299598-5425647303837-5425647315819-5425647317471-5425647319622-5425647320884-5425647320884-5425647344617-5425647364056-5425647364564-5425647371407-5425647379953-5425647400312-5425647403682-5425647411253-5425647431442-5425647431809-5425647438893-5425647438893-5425647440521-5425647444952-5425647445072-5425647445072-5425647446175-5425647447993-5425647448493,"[""Owner"", ""Unknown""]",,,2026-07-27T08:24:48.778539+00:00,2,https://www.halooglasi.com/nekretnine/prodaja-stanova/bw-vista-3-0-uknjizen/5425647364056?kid=1&sid=1785141015045,U pretrazi sajta možete željene oglase označiti kao izabrane i tako ih kasnije lakše pronaći. Želim da saznam više.
5425647068206,prodaja,"Luksuzan 3.0 stan od 137m2, Bw Terraces",1220000.0,1.220.000 €,8905.11,,137.0,3.0,,,,,,,,Ulica Šumatovačka 36,Savski venac,,False,,,,,,,,,,True,11,dup-5425644987096-5425645717554-5425646095210-5425646184757-5425646442310-5425646862691-5425646994189-5425647068206-5425647226574-5425647247884-5425647319663,"[""Unknown""]",,,2026-07-27T08:24:48.778539+00:00,2,https://www.halooglasi.com/nekretnine/prodaja-stanova/luksuzan-3-0-stan-od-137m2-bw-terraces/5425647068206?kid=1&sid=1785141015045,U pretrazi sajta možete željene oglase označiti kao izabrane i tako ih kasnije lakše pronaći. Želim da saznam više.
5425647203373,prodaja,BW Q4 Trosoban stan sa parkingom 18m u ceni,435000.0,435.000 €,5649.35,,77.0,3.0,3.0,3-Bedroom,,,,,,,Savski venac,,True,False,,,,,,,,,True,87,dup-5425643715532-5425645207991-5425645385233-5425645389272-5425645392386-5425645685233-5425645728758-5425645809867-5425646220838-5425646232969-5425646300512-5425646334577-5425646478847-5425646480585-5425646481232-5425646485440-5425646529995-5425646613222-5425646639273-5425646755013-5425646758252-5425646758306-5425646766477-5425646778795-5425646782812-5425646784840-5425646786314-5425646791087-5425646821339-5425646824088-5425646850533-5425646862690-5425646885410-5425646885410-5425646911901-5425646950289-5425646970681-5425647004782-5425647035339-5425647048931-5425647054205-5425647055337-5425647056834-5425647060884-5425647093727-5425647093727-5425647118443-5425647122162-5425647131799-5425647137401-5425647146496-5425647151079-5425647182857-5425647190718-5425647203373-5425647227787-5425647266012-5425647267784-5425647271048-5425647277479-5425647293441-5425647299598-5425647303837-5425647315819-5425647317471-5425647319622-5425647320884-5425647320884-5425647344617-5425647364056-5425647364564-5425647371407-5425647379953-5425647400312-5425647403682-5425647411253-5425647431442-5425647431809-5425647438893-5425647438893-5425647440521-5425647444952-5425647445072-5425647445072-5425647446175-5425647447993-5425647448493,"[""Owner"", ""Unknown""]",,,2026-07-27T08:24:48.778539+00:00,2,https://www.halooglasi.com/nekretnine/prodaja-stanova/bw-q4-trosoban-stan-sa-parkingom-18m-u-ceni/5425647203373?kid=4&sid=1785141015045,U pretrazi sajta možete željene oglase označiti kao izabrane i tako ih kasnije lakše pronaći. Želim da saznam više.
5425647114091,prodaja,"BW Echo, dizajnerski stan, neuseljavan, ID 25621",435000.0,435.000 €,6041.67,,72.0,3.0,,,,,,,,Ulica Uroša Martinovića 13,Savski venac,,False,False,,,,,,,,,True,2,dup-5425646821455-5425647114091,"[""Unknown""]",,,2026-07-27T08:24:48.778539+00:00,2,https://www.halooglasi.com/nekretnine/prodaja-stanova/bw-echo-dizajnerski-stan-neuseljavan-id-25621/5425647114091?kid=4&sid=1785141015045,U pretrazi sajta možete željene oglase označiti kao izabrane i tako ih kasnije lakše pronaći. Želim da saznam više.
5425645901390,prodaja,"Bw Dolce, 99m2",575000.0,575.000 €,5808.08,,99.0,3.0,,,,,,,,Ulica Hercegovacka 14a,Savski venac,,False,False,,,,,,,,,True,5,dup-5425645901390-5425646941963-5425647179235-5425647417764-5425647436494,"[""Unknown""]",,,2026-07-27T08:24:48.778539+00:00,2,https://www.halooglasi.com/nekretnine/prodaja-stanova/bw-dolce-99m2/5425645901390?kid=1&sid=1785141015045,U pretrazi sajta možete željene oglase označiti kao izabrane i tako ih kasnije lakše pronaći. Želim da saznam više.
5425647132334,prodaja,"Beograd na vodi, BW Quartet, 3.0. lux, Useljiv",352000.0,352.000 €,4123.23,,85.37,3.0,,,,,,,,Ulica Sarajevska 40,Savski venac,,False,False,,,,,,,,,False,1,,[],,,2026-07-27T08:24:48.778539+00:00,2,https://www.halooglasi.com/nekretnine/prodaja-stanova/beograd-na-vodi-bw-quartet-3-0-lux-useljiv/5425647132334?kid=4&sid=1785141015045,U pretrazi sajta možete željene oglase označiti kao izabrane i tako ih kasnije lakše pronaći. Želim da saznam više.
5425647060884,prodaja,"BW Sava, dvostrana orijentacija, pogled na reku ID",349500.0,349.500 €,4314.81,,81.0,3.0,,,,,,,,"Ulica Hercegovačka 23/209, Savski Venac",Savski venac,,False,,,,,,,,,,True,87,dup-5425643715532-5425645207991-5425645385233-5425645389272-5425645392386-5425645685233-5425645728758-5425645809867-5425646220838-5425646232969-5425646300512-5425646334577-5425646478847-5425646480585-5425646481232-5425646485440-5425646529995-5425646613222-5425646639273-5425646755013-5425646758252-5425646758306-5425646766477-5425646778795-5425646782812-5425646784840-5425646786314-5425646791087-5425646821339-5425646824088-5425646850533-5425646862690-5425646885410-5425646885410-5425646911901-5425646950289-5425646970681-5425647004782-5425647035339-5425647048931-5425647054205-5425647055337-5425647056834-5425647060884-5425647093727-5425647093727-5425647118443-5425647122162-5425647131799-5425647137401-5425647146496-5425647151079-5425647182857-5425647190718-5425647203373-5425647227787-5425647266012-5425647267784-5425647271048-5425647277479-5425647293441-5425647299598-5425647303837-5425647315819-5425647317471-5425647319622-5425647320884-5425647320884-5425647344617-5425647364056-5425647364564-5425647371407-5425647379953-5425647400312-5425647403682-5425647411253-5425647431442-5425647431809-5425647438893-5425647438893-5425647440521-5425647444952-5425647445072-5425647445072-5425647446175-5425647447993-5425647448493,"[""Owner"", ""Unknown""]",,,2026-07-27T08:24:48.778539+00:00,2,https://www.halooglasi.com/nekretnine/prodaja-stanova/bw-sava-dvostrana-orijentacija-pogled-na-reku/5425647060884?kid=1&sid=1785141015045,U pretrazi sajta možete željene oglase označiti kao izabrane i tako ih kasnije lakše pronaći. Želim da saznam više.
5425647056827,prodaja,"BW Emerald, premium, ugaona pozicija ID#4516",499500.0,499.500 €,4849.51,,103.0,3.0,,,,,,,,"Ulica Hercegovačka 23/209, Savski Venac",Savski venac,,False,False,,,,,,,,,False,1,,[],,,2026-07-27T08:24:48.778539+00:00,2,https://www.halooglasi.com/nekretnine/prodaja-stanova/bw-emerald-premium-ugaona-pozicija-id4516/5425647056827?kid=1&sid=1785141015045,U pretrazi sajta možete željene oglase označiti kao izabrane i tako ih kasnije lakše pronaći. Želim da saznam više.
5425647241365,prodaja,"BW Garden Plaza, dve terase, pogled na dvorište ID",349500.0,349.500 €,4922.54,,71.0,3.0,,,,,,,,"Ulica Hercegovačka 23/209, Savski Venac",Savski venac,,False,,,,,,,,,,True,3,dup-5425644951296-5425647241364-5425647241365,"[""Unknown""]",,,2026-07-27T08:24:48.778539+00:00,2,https://www.halooglasi.com/nekretnine/prodaja-stanova/bw-garden-plaza-dve-terase-pogled-na-dvoriste/5425647241365?kid=1&sid=1785141015045,U pretrazi sajta možete željene oglase označiti kao izabrane i tako ih kasnije lakše pronaći. Želim da saznam više.
5425645385233,prodaja,BW Quartet 4 | 05 | Beograd na vodi | Kompletno op,352000.0,352.000 €,4455.7,,79.0,3.0,,,,,,,,,Savski venac,,False,False,,,,,,,,,True,87,dup-5425643715532-5425645207991-5425645385233-5425645389272-5425645392386-5425645685233-5425645728758-5425645809867-5425646220838-5425646232969-5425646300512-5425646334577-5425646478847-5425646480585-5425646481232-5425646485440-5425646529995-5425646613222-5425646639273-5425646755013-5425646758252-5425646758306-5425646766477-5425646778795-5425646782812-5425646784840-5425646786314-5425646791087-5425646821339-5425646824088-5425646850533-5425646862690-5425646885410-5425646885410-5425646911901-5425646950289-5425646970681-5425647004782-5425647035339-5425647048931-5425647054205-5425647055337-5425647056834-5425647060884-5425647093727-5425647093727-5425647118443-5425647122162-5425647131799-5425647137401-5425647146496-5425647151079-5425647182857-5425647190718-5425647203373-5425647227787-5425647266012-5425647267784-5425647271048-5425647277479-5425647293441-5425647299598-5425647303837-5425647315819-5425647317471-5425647319622-5425647320884-5425647320884-5425647344617-5425647364056-5425647364564-5425647371407-5425647379953-5425647400312-5425647403682-5425647411253-5425647431442-5425647431809-5425647438893-5425647438893-5425647440521-5425647444952-5425647445072-5425647445072-5425647446175-5425647447993-5425647448493,"[""Owner"", ""Unknown""]",,,2026-07-27T08:24:48.778539+00:00,2,https://www.halooglasi.com/nekretnine/prodaja-stanova/bw-quartet-4-05-beograd-na-vodi-kompletno-op/5425645385233?kid=1&sid=1785141015045,U pretrazi sajta možete željene oglase označiti kao izabrane i tako ih kasnije lakše pronaći. Želim da saznam više.
5425646941963,prodaja,Bw Victoria Premium Stan,585000.0,585.000 €,5878.22,,99.52,3.0,,,,,,,,Ulica Šumatovačka 36,Savski venac,,False,,,,,,,,,,True,5,dup-5425645901390-5425646941963-5425647179235-5425647417764-5425647436494,"[""Unknown""]",,,2026-07-27T08:24:48.778539+00:00,2,https://www.halooglasi.com/nekretnine/prodaja-stanova/bw-victoria-premium-stan/5425646941963?kid=1&sid=1785141015045,U pretrazi sajta možete željene oglase označiti kao izabrane i tako ih kasnije lakše pronaći. Želim da saznam više.
5425646968822,prodaja,"BW Riviera - trosoban stan za prodaju, bez agencij",1000000.0,1.000.000 €,6451.61,,155.0,3.0,3.0,3-Bedroom,,,,,,Ulica Bulevar Mihajla Pupina 165g,Savski venac,,False,,,,,,,,,,True,3,dup-5425646968822-5425647165434-5425647420896,"[""Unknown""]",,,2026-07-27T08:24:48.778539+00:00,2,https://www.halooglasi.com/nekretnine/prodaja-stanova/bw-riviera---trosoban-stan-za-prodaju-bez-age/5425646968822?kid=1&sid=1785141015045,U pretrazi sajta možete željene oglase označiti kao izabrane i tako ih kasnije lakše pronaći. Želim da saznam više.
5425647325597,prodaja,BW Sensa | Luksuzan trosoban stan u fazi opremanja,435000.0,435.000 €,5013.25,,86.77,3.0,3.0,3-Bedroom,,,,,,Ulica Sarajevska 40,Savski venac,,False,False,,,,,,,,,True,12,dup-5425646435640-5425647006614-5425647006614-5425647059275-5425647066407-5425647163578-5425647303654-5425647303656-5425647325597-5425647374917-5425647429056-5425647431400,"[""Unknown""]",,,2026-07-27T08:24:48.778539+00:00,2,https://www.halooglasi.com/nekretnine/prodaja-stanova/bw-sensa-luksuzan-trosoban-stan-u-fazi-oprema/5425647325597?kid=4&sid=1785141015045,U pretrazi sajta možete željene oglase označiti kao izabrane i tako ih kasnije lakše pronaći. Želim da saznam više.
5425647006614,prodaja,Savski Venac-Beograd na vodi ID#191561,430000.0,430.000 €,4872.52,,88.25,3.0,,,,,,,,"Ulica Smiljanićeva 6, Beograd",Savski venac,,False,,,,,,,,,,True,12,dup-5425646435640-5425647006614-5425647006614-5425647059275-5425647066407-5425647163578-5425647303654-5425647303656-5425647325597-5425647374917-5425647429056-5425647431400,"[""Unknown""]",,,2026-07-27T08:24:48.778539+00:00,2,https://www.halooglasi.com/nekretnine/prodaja-stanova/savski-venac-beograd-na-vodi-id191561/5425647006614?kid=1&sid=1785141015045,U pretrazi sajta možete željene oglase označiti kao izabrane i tako ih kasnije lakše pronaći. Želim da saznam više.
5425647431400,prodaja,"BW Metropolitan, odličan kao PP ID#4769",435000.0,435.000 €,4943.18,,88.0,3.0,,,,,,,,"Ulica Hercegovačka 23/209, Savski Venac",Savski venac,,False,,,,,,,,,,True,12,dup-5425646435640-5425647006614-5425647006614-5425647059275-5425647066407-5425647163578-5425647303654-5425647303656-5425647325597-5425647374917-5425647429056-5425647431400,"[""Unknown""]",,,2026-07-27T08:24:48.778539+00:00,2,https://www.halooglasi.com/nekretnine/prodaja-stanova/bw-metropolitan-odlican-kao-pp-id4769/5425647431400?kid=1&sid=1785141015045,U pretrazi sajta možete željene oglase označiti kao izabrane i tako ih kasnije lakše pronaći. Želim da saznam više.
5425647064092,prodaja,"BW Lena, na šetalištu Sava Promenada ID#4534",575000.0,575.000 €,5000.0,,115.0,3.0,,,,,,,,"Ulica Hercegovačka 23/209, Savski Venac",Savski venac,,False,False,,,,,,,,,True,26,dup-5425643813480-5425645654575-5425645804705-5425646236023-5425646507250-5425646656965-5425646728417-5425646821617-5425646856466-5425646867192-5425646970667-5425646978446-5425647054241-5425647059274-5425647064092-5425647077948-5425647096081-5425647107120-5425647111575-5425647135601-5425647165430-5425647165458-5425647202836-5425647202864-5425647324751-5425647387495,"[""Owner"", ""Unknown""]",,,2026-07-27T08:24:48.778539+00:00,2,https://www.halooglasi.com/nekretnine/prodaja-stanova/bw-lena-na-setalistu-sava-promenada-id4534/5425647064092?kid=1&sid=1785141015045,U pretrazi sajta možete željene oglase označiti kao izabrane i tako ih kasnije lakše pronaći. Želim da saznam više.
5425646881338,prodaja,"BW Topaz, prva linija do reke, bez provizije za kl",749000.0,749.000 €,7565.66,,99.0,3.0,,,,,,,,"Ulica Hercegovačka 23/209, Savski Venac",Savski venac,,False,,,,,,,,,,False,1,,[],,,2026-07-27T08:24:48.778539+00:00,2,https://www.halooglasi.com/nekretnine/prodaja-stanova/bw-topaz-prva-linija-do-reke-bez-provizije-za/5425646881338?kid=1&sid=1785141015045,U pretrazi sajta možete željene oglase označiti kao izabrane i tako ih kasnije lakše pronaći. Želim da saznam više.
5425647241366,prodaja,"BW Garden Plaza, ugaona pozicija, pogled na park I",345000.0,345.000 €,5073.53,,68.0,3.0,,,,,,,,"Ulica Hercegovačka 23/209, Savski Venac",Savski venac,,False,False,,,,,,,,,True,15,dup-5425645739672-5425645739672-5425645741358-5425646687135-5425646868783-5425646881265-5425647041770-5425647054204-5425647060887-5425647241366-5425647255093-5425647325470-5425647349233-5425647349264-5425647361950,"[""Owner"", ""Unknown""]",,,2026-07-27T08:24:48.778539+00:00,2,https://www.halooglasi.com/nekretnine/prodaja-stanova/bw-garden-plaza-ugaona-pozicija-pogled-na-par/5425647241366?kid=1&sid=1785141015045,U pretrazi sajta možete željene oglase označiti kao izabrane i tako ih kasnije lakše pronaći. Želim da saznam više.
5425646942399,prodaja,BW Victoria - Premium zgrada sa Spa centrom,665000.0,665.000 €,6604.43,,100.69,3.0,,,,,,,,Ulica Luke Ćelovića Trebinjca 18,Savski venac,,True,False,,,,,,,,,True,5,dup-5425646225900-5425646942399-5425647214426-5425647423622-5425647423680,"[""Owner"", ""Unknown""]",,,2026-07-27T08:24:48.778539+00:00,2,https://www.halooglasi.com/nekretnine/prodaja-stanova/bw-victoria---premium-zgrada-sa-spa-centrom/5425646942399?kid=4&sid=1785141015045,U pretrazi sajta možete željene oglase označiti kao izabrane i tako ih kasnije lakše pronaći. Želim da saznam više.
5425647431442,prodaja,"Premium zgrada, prvi red do reke, BW Riva, bez pro",425000.0,425.000 €,5424.38,,78.35,3.0,,,,,,,,"Ulica Jedrenska 2, Beograd",Savski venac,,False,False,,,,,,,,,True,87,dup-5425643715532-5425645207991-5425645385233-5425645389272-5425645392386-5425645685233-5425645728758-5425645809867-5425646220838-5425646232969-5425646300512-5425646334577-5425646478847-5425646480585-5425646481232-5425646485440-5425646529995-5425646613222-5425646639273-5425646755013-5425646758252-5425646758306-5425646766477-5425646778795-5425646782812-5425646784840-5425646786314-5425646791087-5425646821339-5425646824088-5425646850533-5425646862690-5425646885410-5425646885410-5425646911901-5425646950289-5425646970681-5425647004782-5425647035339-5425647048931-5425647054205-5425647055337-5425647056834-5425647060884-5425647093727-5425647093727-5425647118443-5425647122162-5425647131799-5425647137401-5425647146496-5425647151079-5425647182857-5425647190718-5425647203373-5425647227787-5425647266012-5425647267784-5425647271048-5425647277479-5425647293441-5425647299598-5425647303837-5425647315819-5425647317471-5425647319622-5425647320884-5425647320884-5425647344617-5425647364056-5425647364564-5425647371407-5425647379953-5425647400312-5425647403682-5425647411253-5425647431442-5425647431809-5425647438893-5425647438893-5425647440521-5425647444952-5425647445072-5425647445072-5425647446175-5425647447993-5425647448493,"[""Owner"", ""Unknown""]",,,2026-07-27T08:24:48.778539+00:00,2,https://www.halooglasi.com/nekretnine/prodaja-stanova/premium-zgrada-prvi-red-do-reke-bw-riva-bez-p/5425647431442?kid=1&sid=1785141015045,U pretrazi sajta možete željene oglase označiti kao izabrane i tako ih kasnije lakše pronaći. Želim da saznam više.
5425646815454,prodaja,"BW Perla - 3.0, 144.23m2, 23/30, panoramski pogled",950000.0,950.000 €,6582.59,,144.32,3.0,,,,,,,,"Ulica Ljermontova 19, lokal 4",Savski venac,,False,,,,,,,,,,True,8,dup-5425644303289-5425645728774-5425646815454-5425647174497-5425647290613-5425647324863-5425647327045-5425647362235,"[""Unknown""]",,,2026-07-27T08:24:48.778539+00:00,2,https://www.halooglasi.com/nekretnine/prodaja-stanova/bw-perla---3-0-144-23m2-2330-panoramski-pogle/5425646815454?kid=1&sid=1785141015045,U pretrazi sajta možete željene oglase označiti kao izabrane i tako ih kasnije lakše pronaći. Želim da saznam više.
5425647052561,prodaja,Bw Riviera. Premium sa bazenom i pogledom na reku,1000000.0,1.000.000 €,7089.18,,141.06,3.0,,,,,,,,,Savski venac,,False,,,,,,,,,,True,5,dup-5425645640376-5425645654529-5425646195493-5425647025653-5425647052561,"[""Unknown""]",,,2026-07-27T08:24:48.778539+00:00,2,https://www.halooglasi.com/nekretnine/prodaja-stanova/bw-riviera-premium-sa-bazenom-i-pogledom-na-r/5425647052561?kid=1&sid=1785141015045,U pretrazi sajta možete željene oglase označiti kao izabrane i tako ih kasnije lakše pronaći. Želim da saznam više.
5425647420896,prodaja,BW Riviera - stan sa pogledom na reku,1000000.0,1.000.000 €,6410.26,,156.0,3.0,,,,,,,,Ulica Patrijarha Varnave 15,Savski venac,,False,,,,,,,,,,True,3,dup-5425646968822-5425647165434-5425647420896,"[""Unknown""]",,,2026-07-27T08:24:48.778539+00:00,2,https://www.halooglasi.com/nekretnine/prodaja-stanova/bw-riviera---stan-sa-pogledom-na-reku/5425647420896?kid=1&sid=1785141015045,U pretrazi sajta možete željene oglase označiti kao izabrane i tako ih kasnije lakše pronaći. Želim da saznam više.
5425646885410,prodaja,"Prodaje se trosoban stan u zgradi Iris, 80m2",375000.0,375.000 €,4687.5,,80.0,3.0,3.0,3-Bedroom,,,,,,Ulica Bulevar despota Stefana 64a,Savski venac,,False,False,,,,,,,,,True,87,dup-5425643715532-5425645207991-5425645385233-5425645389272-5425645392386-5425645685233-5425645728758-5425645809867-5425646220838-5425646232969-5425646300512-5425646334577-5425646478847-5425646480585-5425646481232-5425646485440-5425646529995-5425646613222-5425646639273-5425646755013-5425646758252-5425646758306-5425646766477-5425646778795-5425646782812-5425646784840-5425646786314-5425646791087-5425646821339-5425646824088-5425646850533-5425646862690-5425646885410-5425646885410-5425646911901-5425646950289-5425646970681-5425647004782-5425647035339-5425647048931-5425647054205-5425647055337-5425647056834-5425647060884-5425647093727-5425647093727-5425647118443-5425647122162-5425647131799-5425647137401-5425647146496-5425647151079-5425647182857-5425647190718-5425647203373-5425647227787-5425647266012-5425647267784-5425647271048-5425647277479-5425647293441-5425647299598-5425647303837-5425647315819-5425647317471-5425647319622-5425647320884-5425647320884-5425647344617-5425647364056-5425647364564-5425647371407-5425647379953-5425647400312-5425647403682-5425647411253-5425647431442-5425647431809-5425647438893-5425647438893-5425647440521-5425647444952-5425647445072-5425647445072-5425647446175-5425647447993-5425647448493,"[""Owner"", ""Unknown""]",,,2026-07-27T08:24:48.778539+00:00,2,https://www.halooglasi.com/nekretnine/prodaja-stanova/prodaje-se-trosoban-stan-u-zgradi-iris-80m2/5425646885410?kid=1&sid=1785141015045,U pretrazi sajta možete željene oglase označiti kao izabrane i tako ih kasnije lakše pronaći. Želim da saznam više.
5425645685233,prodaja,"BW Iskra, funkcionalan, komotan ID#3958",349500.0,349.500 €,4538.96,,77.0,3.0,,,,,,,,"Ulica Hercegovačka 23/209, Savski Venac",Savski venac,,False,,,,,,,,,,True,87,dup-5425643715532-5425645207991-5425645385233-5425645389272-5425645392386-5425645685233-5425645728758-5425645809867-5425646220838-5425646232969-5425646300512-5425646334577-5425646478847-5425646480585-5425646481232-5425646485440-5425646529995-5425646613222-5425646639273-5425646755013-5425646758252-5425646758306-5425646766477-5425646778795-5425646782812-5425646784840-5425646786314-5425646791087-5425646821339-5425646824088-5425646850533-5425646862690-5425646885410-5425646885410-5425646911901-5425646950289-5425646970681-5425647004782-5425647035339-5425647048931-5425647054205-5425647055337-5425647056834-5425647060884-5425647093727-5425647093727-5425647118443-5425647122162-5425647131799-5425647137401-5425647146496-5425647151079-5425647182857-5425647190718-5425647203373-5425647227787-5425647266012-5425647267784-5425647271048-5425647277479-5425647293441-5425647299598-5425647303837-5425647315819-5425647317471-5425647319622-5425647320884-5425647320884-5425647344617-5425647364056-5425647364564-5425647371407-5425647379953-5425647400312-5425647403682-5425647411253-5425647431442-5425647431809-5425647438893-5425647438893-5425647440521-5425647444952-5425647445072-5425647445072-5425647446175-5425647447993-5425647448493,"[""Owner"", ""Unknown""]",,,2026-07-27T08:24:48.778539+00:00,2,https://www.halooglasi.com/nekretnine/prodaja-stanova/bw-iskra-funkcionalan-komotan-id3958/5425645685233?kid=1&sid=1785141015045,U pretrazi sajta možete željene oglase označiti kao izabrane i tako ih kasnije lakše pronaći. Želim da saznam više.
5425647445072,prodaja,"Luksuzan trosoban stan u BW Metropolitan,82m2",410000.0,410.000 €,5000.0,,82.0,3.0,3.0,3-Bedroom,,,,,,Ulica Bulevar despota Stefana 64a,Savski venac,,False,False,,,,,,,,,True,87,dup-5425643715532-5425645207991-5425645385233-5425645389272-5425645392386-5425645685233-5425645728758-5425645809867-5425646220838-5425646232969-5425646300512-5425646334577-5425646478847-5425646480585-5425646481232-5425646485440-5425646529995-5425646613222-5425646639273-5425646755013-5425646758252-5425646758306-5425646766477-5425646778795-5425646782812-5425646784840-5425646786314-5425646791087-5425646821339-5425646824088-5425646850533-5425646862690-5425646885410-5425646885410-5425646911901-5425646950289-5425646970681-5425647004782-5425647035339-5425647048931-5425647054205-5425647055337-5425647056834-5425647060884-5425647093727-5425647093727-5425647118443-5425647122162-5425647131799-5425647137401-5425647146496-5425647151079-5425647182857-5425647190718-5425647203373-5425647227787-5425647266012-5425647267784-5425647271048-5425647277479-5425647293441-5425647299598-5425647303837-5425647315819-5425647317471-5425647319622-5425647320884-5425647320884-5425647344617-5425647364056-5425647364564-5425647371407-5425647379953-5425647400312-5425647403682-5425647411253-5425647431442-5425647431809-5425647438893-5425647438893-5425647440521-5425647444952-5425647445072-5425647445072-5425647446175-5425647447993-5425647448493,"[""Owner"", ""Unknown""]",,,2026-07-27T08:24:48.778539+00:00,2,https://www.halooglasi.com/nekretnine/prodaja-stanova/luksuzan-trosoban-stan-u-bw-metropolitan-82m2/5425647445072?kid=1&sid=1785141015045,U pretrazi sajta možete željene oglase označiti kao izabrane i tako ih kasnije lakše pronaći. Želim da saznam više.
5425647429031,prodaja,"BW Quartet 1, useljiv odmah, plus bašta 21m2 ID#47",387000.0,387.000 €,3776.35,,102.48,3.0,,,,,,,,"Ulica Hercegovačka 23/209, Savski Venac",Savski venac,,False,False,,,,,,,,,False,1,,[],,,2026-07-27T08:24:48.778539+00:00,2,https://www.halooglasi.com/nekretnine/prodaja-stanova/bw-quartet-1-useljiv-odmah-plus-basta-21m2-id/5425647429031?kid=1&sid=1785141015045,U pretrazi sajta možete željene oglase označiti kao izabrane i tako ih kasnije lakše pronaći. Želim da saznam više.
5425647034377,prodaja,"BW- Riviera, 156m2, XVII",1123000.0,1.123.000 €,7198.72,,156.0,3.0,,,,,,,,"Ulica Krunska 38, Beograd",Savski venac,,True,False,,,,,,,,,False,1,,[],,,2026-07-27T08:24:48.778539+00:00,2,https://www.halooglasi.com/nekretnine/prodaja-stanova/bw--riviera-156m2-xvii/5425647034377?kid=1&sid=1785141015045,U pretrazi sajta možete željene oglase označiti kao izabrane i tako ih kasnije lakše pronaći. Želim da saznam više.
5425647400312,prodaja,BW Vista 14 | Beograd na vodi | Prostran i svetao,387000.0,387.000 €,4898.73,,79.0,3.0,,,,,,,,,Savski venac,,False,False,,,,,,,,,True,87,dup-5425643715532-5425645207991-5425645385233-5425645389272-5425645392386-5425645685233-5425645728758-5425645809867-5425646220838-5425646232969-5425646300512-5425646334577-5425646478847-5425646480585-5425646481232-5425646485440-5425646529995-5425646613222-5425646639273-5425646755013-5425646758252-5425646758306-5425646766477-5425646778795-5425646782812-5425646784840-5425646786314-5425646791087-5425646821339-5425646824088-5425646850533-5425646862690-5425646885410-5425646885410-5425646911901-5425646950289-5425646970681-5425647004782-5425647035339-5425647048931-5425647054205-5425647055337-5425647056834-5425647060884-5425647093727-5425647093727-5425647118443-5425647122162-5425647131799-5425647137401-5425647146496-5425647151079-5425647182857-5425647190718-5425647203373-5425647227787-5425647266012-5425647267784-5425647271048-5425647277479-5425647293441-5425647299598-5425647303837-5425647315819-5425647317471-5425647319622-5425647320884-5425647320884-5425647344617-5425647364056-5425647364564-5425647371407-5425647379953-5425647400312-5425647403682-5425647411253-5425647431442-5425647431809-5425647438893-5425647438893-5425647440521-5425647444952-5425647445072-5425647445072-5425647446175-5425647447993-5425647448493,"[""Owner"", ""Unknown""]",,,2026-07-27T08:24:48.778539+00:00,2,https://www.halooglasi.com/nekretnine/prodaja-stanova/bw-vista-14-beograd-na-vodi-prostran-i-svetao/5425647400312?sid=1785141015045,U pretrazi sajta možete željene oglase označiti kao izabrane i tako ih kasnije lakše pronaći. Želim da saznam više.
5425647122162,prodaja,BW Eterna 32 | Beograd na vodi | Kompletno opremlj,345000.0,345.000 €,4662.16,,74.0,3.0,,,,,,,,,Savski venac,,False,False,,,,,,,,,True,87,dup-5425643715532-5425645207991-5425645385233-5425645389272-5425645392386-5425645685233-5425645728758-5425645809867-5425646220838-5425646232969-5425646300512-5425646334577-5425646478847-5425646480585-5425646481232-5425646485440-5425646529995-5425646613222-5425646639273-5425646755013-5425646758252-5425646758306-5425646766477-5425646778795-5425646782812-5425646784840-5425646786314-5425646791087-5425646821339-5425646824088-5425646850533-5425646862690-5425646885410-5425646885410-5425646911901-5425646950289-5425646970681-5425647004782-5425647035339-5425647048931-5425647054205-5425647055337-5425647056834-5425647060884-5425647093727-5425647093727-5425647118443-5425647122162-5425647131799-5425647137401-5425647146496-5425647151079-5425647182857-5425647190718-5425647203373-5425647227787-5425647266012-5425647267784-5425647271048-5425647277479-5425647293441-5425647299598-5425647303837-5425647315819-5425647317471-5425647319622-5425647320884-5425647320884-5425647344617-5425647364056-5425647364564-5425647371407-5425647379953-5425647400312-5425647403682-5425647411253-5425647431442-5425647431809-5425647438893-5425647438893-5425647440521-5425647444952-5425647445072-5425647445072-5425647446175-5425647447993-5425647448493,"[""Owner"", ""Unknown""]",,,2026-07-27T08:24:48.778539+00:00,2,https://www.halooglasi.com/nekretnine/prodaja-stanova/bw-eterna-32-beograd-na-vodi-kompletno-opreml/5425647122162?kid=1&sid=1785141015045,U pretrazi sajta možete željene oglase označiti kao izabrane i tako ih kasnije lakše pronaći. Želim da saznam više.
5425646978451,prodaja,Trosoban stan u BW Vizia,287600.0,287.600 €,4337.86,,66.3,3.0,3.0,3-Bedroom,,,,,,Ulica Bulevar Mihajla Pupina 165g,Savski venac,,False,False,,,,,,,,,True,2,dup-5425646975520-5425646978451,"[""Unknown""]",,,2026-07-27T08:24:48.778539+00:00,2,https://www.halooglasi.com/nekretnine/prodaja-stanova/trosoban-stan-u-bw-vizia/5425646978451?kid=1&sid=1785141015045,U pretrazi sajta možete željene oglase označiti kao izabrane i tako ih kasnije lakše pronaći. Želim da saznam više.
5425646195493,prodaja,Stan sa najvecom kaskadom u Bw Residences,895000.0,895.000 €,6438.85,,139.0,3.0,,,,,,BW Residence,,,Savski venac,,False,,,,,,,,,,True,5,dup-5425645640376-5425645654529-5425646195493-5425647025653-5425647052561,"[""Unknown""]",,,2026-07-27T08:24:48.778539+00:00,2,https://www.halooglasi.com/nekretnine/prodaja-stanova/stan-sa-najvecom-kaskadom-u-bw-residences/5425646195493?kid=1&sid=1785141015045,U pretrazi sajta možete željene oglase označiti kao izabrane i tako ih kasnije lakše pronaći. Želim da saznam više.
5425645798776,prodaja,"Opremljen stan, Bw Residences, 121m2",750000.0,750.000 €,6198.35,,121.0,3.0,,,,,,BW Residence,,Ulica Hercegovacka 14a,Savski venac,,False,,,,,,,,,,False,1,,[],,,2026-07-27T08:24:48.778539+00:00,2,https://www.halooglasi.com/nekretnine/prodaja-stanova/opremljen-stan-bw-residences-121m2/5425645798776?kid=1&sid=1785141015045,U pretrazi sajta možete željene oglase označiti kao izabrane i tako ih kasnije lakše pronaći. Želim da saznam više.
5425647438893,prodaja,"Jedinstven trosoban, renoviran, sa garažom, BW ID#",369900.0,369.900 €,4502.19,,82.16,3.0,3.0,3-Bedroom,,,,,,"Ulica Antifašističke borbe 23G/7, Beograd",Savski venac,,False,False,,,,,,,,,True,87,dup-5425643715532-5425645207991-5425645385233-5425645389272-5425645392386-5425645685233-5425645728758-5425645809867-5425646220838-5425646232969-5425646300512-5425646334577-5425646478847-5425646480585-5425646481232-5425646485440-5425646529995-5425646613222-5425646639273-5425646755013-5425646758252-5425646758306-5425646766477-5425646778795-5425646782812-5425646784840-5425646786314-5425646791087-5425646821339-5425646824088-5425646850533-5425646862690-5425646885410-5425646885410-5425646911901-5425646950289-5425646970681-5425647004782-5425647035339-5425647048931-5425647054205-5425647055337-5425647056834-5425647060884-5425647093727-5425647093727-5425647118443-5425647122162-5425647131799-5425647137401-5425647146496-5425647151079-5425647182857-5425647190718-5425647203373-5425647227787-5425647266012-5425647267784-5425647271048-5425647277479-5425647293441-5425647299598-5425647303837-5425647315819-5425647317471-5425647319622-5425647320884-5425647320884-5425647344617-5425647364056-5425647364564-5425647371407-5425647379953-5425647400312-5425647403682-5425647411253-5425647431442-5425647431809-5425647438893-5425647438893-5425647440521-5425647444952-5425647445072-5425647445072-5425647446175-5425647447993-5425647448493,"[""Owner"", ""Unknown""]",,,2026-07-27T08:24:48.778539+00:00,2,https://www.halooglasi.com/nekretnine/prodaja-stanova/jedinstven-trosoban-renoviran-sa-garazom-bw-i/5425647438893?kid=1&sid=1785141015045,U pretrazi sajta možete željene oglase označiti kao izabrane i tako ih kasnije lakše pronaći. Želim da saznam više.
5425646911901,prodaja,BW Aria 08 | Beograd na vodi | Kompletno namešten,387000.0,387.000 €,4719.51,,82.0,3.0,,,,,,,,,Savski venac,,False,False,,,,,,,,,True,87,dup-5425643715532-5425645207991-5425645385233-5425645389272-5425645392386-5425645685233-5425645728758-5425645809867-5425646220838-5425646232969-5425646300512-5425646334577-5425646478847-5425646480585-5425646481232-5425646485440-5425646529995-5425646613222-5425646639273-5425646755013-5425646758252-5425646758306-5425646766477-5425646778795-5425646782812-5425646784840-5425646786314-5425646791087-5425646821339-5425646824088-5425646850533-5425646862690-5425646885410-5425646885410-5425646911901-5425646950289-5425646970681-5425647004782-5425647035339-5425647048931-5425647054205-5425647055337-5425647056834-5425647060884-5425647093727-5425647093727-5425647118443-5425647122162-5425647131799-5425647137401-5425647146496-5425647151079-5425647182857-5425647190718-5425647203373-5425647227787-5425647266012-5425647267784-5425647271048-5425647277479-5425647293441-5425647299598-5425647303837-5425647315819-5425647317471-5425647319622-5425647320884-5425647320884-5425647344617-5425647364056-5425647364564-5425647371407-5425647379953-5425647400312-5425647403682-5425647411253-5425647431442-5425647431809-5425647438893-5425647438893-5425647440521-5425647444952-5425647445072-5425647445072-5425647446175-5425647447993-5425647448493,"[""Owner"", ""Unknown""]",,,2026-07-27T08:24:48.778539+00:00,2,https://www.halooglasi.com/nekretnine/prodaja-stanova/bw-aria-08-beograd-na-vodi-kompletno-namesten/5425646911901?kid=1&sid=1785141015045,U pretrazi sajta možete željene oglase označiti kao izabrane i tako ih kasnije lakše pronaći. Želim da saznam više.
5425647241364,prodaja,"BW Garden Plaza, dve terase, druga linija od reke",349500.0,349.500 €,4922.54,,71.0,3.0,,,,,,,,"Ulica Hercegovačka 23/209, Savski Venac",Savski venac,,False,False,,,,,,,,,True,3,dup-5425644951296-5425647241364-5425647241365,"[""Unknown""]",,,2026-07-27T08:24:48.778539+00:00,2,https://www.halooglasi.com/nekretnine/prodaja-stanova/bw-garden-plaza-dve-terase-druga-linija-od-re/5425647241364?kid=1&sid=1785141015045,U pretrazi sajta možete željene oglase označiti kao izabrane i tako ih kasnije lakše pronaći. Želim da saznam više.
5425646225900,prodaja,"Premium ponuda, otvoren pogled na reku, BW Victori",665000.0,665.000 €,6584.16,,101.0,3.0,,,,,,,,"Ulica Hercegovačka 23/209, Savski Venac",Savski venac,,False,False,,,,,,,,,True,5,dup-5425646225900-5425646942399-5425647214426-5425647423622-5425647423680,"[""Owner"", ""Unknown""]",,,2026-07-27T08:24:48.778539+00:00,2,https://www.halooglasi.com/nekretnine/prodaja-stanova/premium-ponuda-otvoren-pogled-na-reku-bw-vict/5425646225900?kid=1&sid=1785141015045,U pretrazi sajta možete željene oglase označiti kao izabrane i tako ih kasnije lakše pronaći. Želim da saznam više.
5425647006614,prodaja,Savski Venac-Beograd na vodi ID#191561,435000.0,435.000 €,4929.18,,88.25,3.0,,,,,,,,"Ulica Smiljanićeva 6, Beograd",Savski venac,,False,True,,,,,,,,,True,12,dup-5425646435640-5425647006614-5425647006614-5425647059275-5425647066407-5425647163578-5425647303654-5425647303656-5425647325597-5425647374917-5425647429056-5425647431400,"[""Unknown""]",,,2026-07-27T08:24:48.778539+00:00,2,https://www.halooglasi.com/nekretnine/prodaja-stanova/savski-venac-beograd-na-vodi-id191561/5425647006614?kid=4&sid=1785141015045,U pretrazi sajta možete željene oglase označiti kao izabrane i tako ih kasnije lakše pronaći. Želim da saznam više.
5425647163578,prodaja,"Luksuzan UknjiŽen stan za Prodaju, Beograd na vodi",435000.0,435.000 €,4887.64,,89.0,3.0,,,,,,,,,Savski venac,,False,False,,,,,,,,,True,12,dup-5425646435640-5425647006614-5425647006614-5425647059275-5425647066407-5425647163578-5425647303654-5425647303656-5425647325597-5425647374917-5425647429056-5425647431400,"[""Unknown""]",,,2026-07-27T08:24:48.778539+00:00,2,https://www.halooglasi.com/nekretnine/prodaja-stanova/luksuzan-uknjizen-stan-za-prodaju-beograd-na/5425647163578?kid=1&sid=1785141015045,U pretrazi sajta možete željene oglase označiti kao izabrane i tako ih kasnije lakše pronaći. Želim da saznam više.
5425647447993,prodaja,"BW Metropolitan, 3.0, pogled na Savu i Kalemegdan,",435000.0,435.000 €,5294.55,,82.16,3.0,,,,,,,,Ulica Bulevar Mihajla Pupina 165a,Savski venac,,False,,,,,,,,,,True,87,dup-5425643715532-5425645207991-5425645385233-5425645389272-5425645392386-5425645685233-5425645728758-5425645809867-5425646220838-5425646232969-5425646300512-5425646334577-5425646478847-5425646480585-5425646481232-5425646485440-5425646529995-5425646613222-5425646639273-5425646755013-5425646758252-5425646758306-5425646766477-5425646778795-5425646782812-5425646784840-5425646786314-5425646791087-5425646821339-5425646824088-5425646850533-5425646862690-5425646885410-5425646885410-5425646911901-5425646950289-5425646970681-5425647004782-5425647035339-5425647048931-5425647054205-5425647055337-5425647056834-5425647060884-5425647093727-5425647093727-5425647118443-5425647122162-5425647131799-5425647137401-5425647146496-5425647151079-5425647182857-5425647190718-5425647203373-5425647227787-5425647266012-5425647267784-5425647271048-5425647277479-5425647293441-5425647299598-5425647303837-5425647315819-5425647317471-5425647319622-5425647320884-5425647320884-5425647344617-5425647364056-5425647364564-5425647371407-5425647379953-5425647400312-5425647403682-5425647411253-5425647431442-5425647431809-5425647438893-5425647438893-5425647440521-5425647444952-5425647445072-5425647445072-5425647446175-5425647447993-5425647448493,"[""Owner"", ""Unknown""]",,,2026-07-27T08:24:48.778539+00:00,2,https://www.halooglasi.com/nekretnine/prodaja-stanova/bw-metropolitan-3-0-pogled-na-savu-i-kalemegd/5425647447993?kid=1&sid=1785141015045,U pretrazi sajta možete željene oglase označiti kao izabrane i tako ih kasnije lakše pronaći. Želim da saznam više.
5425647059276,prodaja,"BW Vizia, bez provizije ID#4519",265500.0,265.500 €,3687.5,,72.0,3.0,,,,,,,,"Ulica Hercegovačka 23/209, Savski Venac",Savski venac,,False,False,,,,,,,,,False,1,,[],,,2026-07-27T08:24:48.778539+00:00,2,https://www.halooglasi.com/nekretnine/prodaja-stanova/bw-vizia-bez-provizije-id4519/5425647059276?kid=1&sid=1785141015045,U pretrazi sajta možete željene oglase označiti kao izabrane i tako ih kasnije lakše pronaći. Želim da saznam više.
5425646334577,prodaja,Prodaja trosobnog stana u Bw Vista,435000.0,435.000 €,5304.88,,82.0,3.0,,,,,,,,,Savski venac,,False,False,,,,,,,,,True,87,dup-5425643715532-5425645207991-5425645385233-5425645389272-5425645392386-5425645685233-5425645728758-5425645809867-5425646220838-5425646232969-5425646300512-5425646334577-5425646478847-5425646480585-5425646481232-5425646485440-5425646529995-5425646613222-5425646639273-5425646755013-5425646758252-5425646758306-5425646766477-5425646778795-5425646782812-5425646784840-5425646786314-5425646791087-5425646821339-5425646824088-5425646850533-5425646862690-5425646885410-5425646885410-5425646911901-5425646950289-5425646970681-5425647004782-5425647035339-5425647048931-5425647054205-5425647055337-5425647056834-5425647060884-5425647093727-5425647093727-5425647118443-5425647122162-5425647131799-5425647137401-5425647146496-5425647151079-5425647182857-5425647190718-5425647203373-5425647227787-5425647266012-5425647267784-5425647271048-5425647277479-5425647293441-5425647299598-5425647303837-5425647315819-5425647317471-5425647319622-5425647320884-5425647320884-5425647344617-5425647364056-5425647364564-5425647371407-5425647379953-5425647400312-5425647403682-5425647411253-5425647431442-5425647431809-5425647438893-5425647438893-5425647440521-5425647444952-5425647445072-5425647445072-5425647446175-5425647447993-5425647448493,"[""Owner"", ""Unknown""]",,,2026-07-27T08:24:48.778539+00:00,2,https://www.halooglasi.com/nekretnine/prodaja-stanova/prodaja-trosobnog-stana-u-bw-vista/5425646334577?kid=1&sid=1785141015045,U pretrazi sajta možete željene oglase označiti kao izabrane i tako ih kasnije lakše pronaći. Želim da saznam više.
5425646683102,prodaja,"Beograd na vodi, Bw Residences, 89m2",665000.0,665.000 €,7471.91,,89.0,3.0,,,,,,BW Residence,,Ulica Hercegovacka 14a,Savski venac,,False,,,,,,,,,,False,1,,[],,,2026-07-27T08:24:48.778539+00:00,2,https://www.halooglasi.com/nekretnine/prodaja-stanova/beograd-na-vodi-bw-residences-89m2/5425646683102?kid=1&sid=1785141015045,U pretrazi sajta možete željene oglase označiti kao izabrane i tako ih kasnije lakše pronaći. Želim da saznam više.
5425643715532,prodaja,"BW- Arkadia, 83m2,",402453.0,402.453 €,4848.83,,83.0,3.0,,,,,,,,"Ulica Krunska 38, Beograd",Savski venac,,False,True,,,,,,,,,True,87,dup-5425643715532-5425645207991-5425645385233-5425645389272-5425645392386-5425645685233-5425645728758-5425645809867-5425646220838-5425646232969-5425646300512-5425646334577-5425646478847-5425646480585-5425646481232-5425646485440-5425646529995-5425646613222-5425646639273-5425646755013-5425646758252-5425646758306-5425646766477-5425646778795-5425646782812-5425646784840-5425646786314-5425646791087-5425646821339-5425646824088-5425646850533-5425646862690-5425646885410-5425646885410-5425646911901-5425646950289-5425646970681-5425647004782-5425647035339-5425647048931-5425647054205-5425647055337-5425647056834-5425647060884-5425647093727-5425647093727-5425647118443-5425647122162-5425647131799-5425647137401-5425647146496-5425647151079-5425647182857-5425647190718-5425647203373-5425647227787-5425647266012-5425647267784-5425647271048-5425647277479-5425647293441-5425647299598-5425647303837-5425647315819-5425647317471-5425647319622-5425647320884-5425647320884-5425647344617-5425647364056-5425647364564-5425647371407-5425647379953-5425647400312-5425647403682-5425647411253-5425647431442-5425647431809-5425647438893-5425647438893-5425647440521-5425647444952-5425647445072-5425647445072-5425647446175-5425647447993-5425647448493,"[""Owner"", ""Unknown""]",,,2026-07-27T08:24:48.778539+00:00,2,https://www.halooglasi.com/nekretnine/prodaja-stanova/bw--arkadia-83m2/5425643715532?kid=1&sid=1785141015045,U pretrazi sajta možete željene oglase označiti kao izabrane i tako ih kasnije lakše pronaći. Želim da saznam više.
5425646782812,prodaja,BW Thalia- komforan 2bedroom stan,349500.0,349.500 €,4426.85,,78.95,3.0,,,,,,,,Ulica Mileševska 43,Savski venac,,False,,,,,,,,,,True,87,dup-5425643715532-5425645207991-5425645385233-5425645389272-5425645392386-5425645685233-5425645728758-5425645809867-5425646220838-5425646232969-5425646300512-5425646334577-5425646478847-5425646480585-5425646481232-5425646485440-5425646529995-5425646613222-5425646639273-5425646755013-5425646758252-5425646758306-5425646766477-5425646778795-5425646782812-5425646784840-5425646786314-5425646791087-5425646821339-5425646824088-5425646850533-5425646862690-5425646885410-5425646885410-5425646911901-5425646950289-5425646970681-5425647004782-5425647035339-5425647048931-5425647054205-5425647055337-5425647056834-5425647060884-5425647093727-5425647093727-5425647118443-5425647122162-5425647131799-5425647137401-5425647146496-5425647151079-5425647182857-5425647190718-5425647203373-5425647227787-5425647266012-5425647267784-5425647271048-5425647277479-5425647293441-5425647299598-5425647303837-5425647315819-5425647317471-5425647319622-5425647320884-5425647320884-5425647344617-5425647364056-5425647364564-5425647371407-5425647379953-5425647400312-5425647403682-5425647411253-5425647431442-5425647431809-5425647438893-5425647438893-5425647440521-5425647444952-5425647445072-5425647445072-5425647446175-5425647447993-5425647448493,"[""Owner"", ""Unknown""]",,,2026-07-27T08:24:48.778539+00:00,2,https://www.halooglasi.com/nekretnine/prodaja-stanova/bw-thalia--komforan-2bedroom-stan/5425646782812?kid=4&sid=1785141015045,U pretrazi sajta možete željene oglase označiti kao izabrane i tako ih kasnije lakše pronaći. Želim da saznam više.
5425645392386,prodaja,Trosoban dvostran stan sa pogledom na zelenilo u B,375000.0,375.000 €,4610.28,,81.34,3.0,3.0,3-Bedroom,,,,,,Ulica Bulevar Mihajla Pupina 165g,Savski venac,,False,,,,,,,,,,True,87,dup-5425643715532-5425645207991-5425645385233-5425645389272-5425645392386-5425645685233-5425645728758-5425645809867-5425646220838-5425646232969-5425646300512-5425646334577-5425646478847-5425646480585-5425646481232-5425646485440-5425646529995-5425646613222-5425646639273-5425646755013-5425646758252-5425646758306-5425646766477-5425646778795-5425646782812-5425646784840-5425646786314-5425646791087-5425646821339-5425646824088-5425646850533-5425646862690-5425646885410-5425646885410-5425646911901-5425646950289-5425646970681-5425647004782-5425647035339-5425647048931-5425647054205-5425647055337-5425647056834-5425647060884-5425647093727-5425647093727-5425647118443-5425647122162-5425647131799-5425647137401-5425647146496-5425647151079-5425647182857-5425647190718-5425647203373-5425647227787-5425647266012-5425647267784-5425647271048-5425647277479-5425647293441-5425647299598-5425647303837-5425647315819-5425647317471-5425647319622-5425647320884-5425647320884-5425647344617-5425647364056-5425647364564-5425647371407-5425647379953-5425647400312-5425647403682-5425647411253-5425647431442-5425647431809-5425647438893-5425647438893-5425647440521-5425647444952-5425647445072-5425647445072-5425647446175-5425647447993-5425647448493,"[""Owner"", ""Unknown""]",,,2026-07-27T08:24:48.778539+00:00,2,https://www.halooglasi.com/nekretnine/prodaja-stanova/trosoban-dvostran-stan-sa-pogledom-na-zelenil/5425645392386?kid=1&sid=1785141015045,U pretrazi sajta možete željene oglase označiti kao izabrane i tako ih kasnije lakše pronaći. Želim da saznam više.
5425647035339,prodaja,Luxuzan -trosobn 3.0 lux stan u Beogradu na vodi,435000.0,435.000 €,5304.88,,82.0,3.0,,,,,,,,Ulica Hercegovačka 15,Savski venac,,False,True,,,,,,,,,True,87,dup-5425643715532-5425645207991-5425645385233-5425645389272-5425645392386-5425645685233-5425645728758-5425645809867-5425646220838-5425646232969-5425646300512-5425646334577-5425646478847-5425646480585-5425646481232-5425646485440-5425646529995-5425646613222-5425646639273-5425646755013-5425646758252-5425646758306-5425646766477-5425646778795-5425646782812-5425646784840-5425646786314-5425646791087-5425646821339-5425646824088-5425646850533-5425646862690-5425646885410-5425646885410-5425646911901-5425646950289-5425646970681-5425647004782-5425647035339-5425647048931-5425647054205-5425647055337-5425647056834-5425647060884-5425647093727-5425647093727-5425647118443-5425647122162-5425647131799-5425647137401-5425647146496-5425647151079-5425647182857-5425647190718-5425647203373-5425647227787-5425647266012-5425647267784-5425647271048-5425647277479-5425647293441-5425647299598-5425647303837-5425647315819-5425647317471-5425647319622-5425647320884-5425647320884-5425647344617-5425647364056-5425647364564-5425647371407-5425647379953-5425647400312-5425647403682-5425647411253-5425647431442-5425647431809-5425647438893-5425647438893-5425647440521-5425647444952-5425647445072-5425647445072-5425647446175-5425647447993-5425647448493,"[""Owner"", ""Unknown""]",,,2026-07-27T08:24:48.778539+00:00,2,https://www.halooglasi.com/nekretnine/prodaja-stanova/luxuzan--trosobn-3-0-lux-stan-u-beogradu-na-v/5425647035339?kid=1&sid=1785141015045,U pretrazi sajta možete željene oglase označiti kao izabrane i tako ih kasnije lakše pronaći. Želim da saznam više.
5425646885410,prodaja,"Prodaje se trosoban stan u zgradi Iris, 80m2",375000.0,375.000 €,4687.5,,80.0,3.0,3.0,3-Bedroom,,,,,,Ulica Bulevar despota Stefana 64a,Savski venac,,False,False,,,,,,,,,True,87,dup-5425643715532-5425645207991-5425645385233-5425645389272-5425645392386-5425645685233-5425645728758-5425645809867-5425646220838-5425646232969-5425646300512-5425646334577-5425646478847-5425646480585-5425646481232-5425646485440-5425646529995-5425646613222-5425646639273-5425646755013-5425646758252-5425646758306-5425646766477-5425646778795-5425646782812-5425646784840-5425646786314-5425646791087-5425646821339-5425646824088-5425646850533-5425646862690-5425646885410-5425646885410-5425646911901-5425646950289-5425646970681-5425647004782-5425647035339-5425647048931-5425647054205-5425647055337-5425647056834-5425647060884-5425647093727-5425647093727-5425647118443-5425647122162-5425647131799-5425647137401-5425647146496-5425647151079-5425647182857-5425647190718-5425647203373-5425647227787-5425647266012-5425647267784-5425647271048-5425647277479-5425647293441-5425647299598-5425647303837-5425647315819-5425647317471-5425647319622-5425647320884-5425647320884-5425647344617-5425647364056-5425647364564-5425647371407-5425647379953-5425647400312-5425647403682-5425647411253-5425647431442-5425647431809-5425647438893-5425647438893-5425647440521-5425647444952-5425647445072-5425647445072-5425647446175-5425647447993-5425647448493,"[""Owner"", ""Unknown""]",,,2026-07-27T08:24:48.778539+00:00,2,https://www.halooglasi.com/nekretnine/prodaja-stanova/prodaje-se-trosoban-stan-u-zgradi-iris-80m2/5425646885410?kid=4&sid=1785141015045,U pretrazi sajta možete željene oglase označiti kao izabrane i tako ih kasnije lakše pronaći. Želim da saznam više.
5425646656966,prodaja,"Beograd na vodi, Bw Rima, 62m2",345000.0,345.000 €,5609.76,,61.5,3.0,,,,,,,,Ulica Hercegovacka 14a,Savski venac,,False,False,,,,,,,,,True,2,dup-5425646656966-5425647056811,"[""Unknown""]",,,2026-07-27T08:24:48.778539+00:00,2,https://www.halooglasi.com/nekretnine/prodaja-stanova/beograd-na-vodi-bw-rima-62m2/5425646656966?kid=1&sid=1785141015045,U pretrazi sajta možete željene oglase označiti kao izabrane i tako ih kasnije lakše pronaći. Želim da saznam više.
5425646821339,prodaja,"BWF, Luke Celovica Trebinjca, 3.0, 74 m2, namesten",343000.0,343.000 €,4652.11,,73.73,3.0,,,,,,,,Ulica Deligradska 26,Savski venac,,False,True,,,,,,,,,True,87,dup-5425643715532-5425645207991-5425645385233-5425645389272-5425645392386-5425645685233-5425645728758-5425645809867-5425646220838-5425646232969-5425646300512-5425646334577-5425646478847-5425646480585-5425646481232-5425646485440-5425646529995-5425646613222-5425646639273-5425646755013-5425646758252-5425646758306-5425646766477-5425646778795-5425646782812-5425646784840-5425646786314-5425646791087-5425646821339-5425646824088-5425646850533-5425646862690-5425646885410-5425646885410-5425646911901-5425646950289-5425646970681-5425647004782-5425647035339-5425647048931-5425647054205-5425647055337-5425647056834-5425647060884-5425647093727-5425647093727-5425647118443-5425647122162-5425647131799-5425647137401-5425647146496-5425647151079-5425647182857-5425647190718-5425647203373-5425647227787-5425647266012-5425647267784-5425647271048-5425647277479-5425647293441-5425647299598-5425647303837-5425647315819-5425647317471-5425647319622-5425647320884-5425647320884-5425647344617-5425647364056-5425647364564-5425647371407-5425647379953-5425647400312-5425647403682-5425647411253-5425647431442-5425647431809-5425647438893-5425647438893-5425647440521-5425647444952-5425647445072-5425647445072-5425647446175-5425647447993-5425647448493,"[""Owner"", ""Unknown""]",,,2026-07-27T08:24:48.778539+00:00,2,https://www.halooglasi.com/nekretnine/prodaja-stanova/bwf-luke-celovica-trebinjca-3-0-74-m2-nameste/5425646821339?kid=1&sid=1785141015045,U pretrazi sajta možete željene oglase označiti kao izabrane i tako ih kasnije lakše pronaći. Želim da saznam više.
5425646485440,prodaja,Beograd na vodi Kings Park,425000.0,425.000 €,5519.48,,77.0,3.0,,,,,,,,Ulica Hercegovačka 14a,Savski venac,,False,False,,,,,,,,,True,87,dup-5425643715532-5425645207991-5425645385233-5425645389272-5425645392386-5425645685233-5425645728758-5425645809867-5425646220838-5425646232969-5425646300512-5425646334577-5425646478847-5425646480585-5425646481232-5425646485440-5425646529995-5425646613222-5425646639273-5425646755013-5425646758252-5425646758306-5425646766477-5425646778795-5425646782812-5425646784840-5425646786314-5425646791087-5425646821339-5425646824088-5425646850533-5425646862690-5425646885410-5425646885410-5425646911901-5425646950289-5425646970681-5425647004782-5425647035339-5425647048931-5425647054205-5425647055337-5425647056834-5425647060884-5425647093727-5425647093727-5425647118443-5425647122162-5425647131799-5425647137401-5425647146496-5425647151079-5425647182857-5425647190718-5425647203373-5425647227787-5425647266012-5425647267784-5425647271048-5425647277479-5425647293441-5425647299598-5425647303837-5425647315819-5425647317471-5425647319622-5425647320884-5425647320884-5425647344617-5425647364056-5425647364564-5425647371407-5425647379953-5425647400312-5425647403682-5425647411253-5425647431442-5425647431809-5425647438893-5425647438893-5425647440521-5425647444952-5425647445072-5425647445072-5425647446175-5425647447993-5425647448493,"[""Owner"", ""Unknown""]",,,2026-07-27T08:24:48.778539+00:00,2,https://www.halooglasi.com/nekretnine/prodaja-stanova/beograd-na-vodi-kings-park/5425646485440?kid=1&sid=1785141015045,U pretrazi sajta možete željene oglase označiti kao izabrane i tako ih kasnije lakše pronaći. Želim da saznam više.
5425645207991,prodaja,"BW Vista, uknjižen, odmah useljiv ID#3702",375000.0,375.000 €,4573.17,,82.0,3.0,,,,,,,,"Ulica Hercegovačka 23/209, Savski Venac",Savski venac,,False,False,,,,,,,,,True,87,dup-5425643715532-5425645207991-5425645385233-5425645389272-5425645392386-5425645685233-5425645728758-5425645809867-5425646220838-5425646232969-5425646300512-5425646334577-5425646478847-5425646480585-5425646481232-5425646485440-5425646529995-5425646613222-5425646639273-5425646755013-5425646758252-5425646758306-5425646766477-5425646778795-5425646782812-5425646784840-5425646786314-5425646791087-5425646821339-5425646824088-5425646850533-5425646862690-5425646885410-5425646885410-5425646911901-5425646950289-5425646970681-5425647004782-5425647035339-5425647048931-5425647054205-5425647055337-5425647056834-5425647060884-5425647093727-5425647093727-5425647118443-5425647122162-5425647131799-5425647137401-5425647146496-5425647151079-5425647182857-5425647190718-5425647203373-5425647227787-5425647266012-5425647267784-5425647271048-5425647277479-5425647293441-5425647299598-5425647303837-5425647315819-5425647317471-5425647319622-5425647320884-5425647320884-5425647344617-5425647364056-5425647364564-5425647371407-5425647379953-5425647400312-5425647403682-5425647411253-5425647431442-5425647431809-5425647438893-5425647438893-5425647440521-5425647444952-5425647445072-5425647445072-5425647446175-5425647447993-5425647448493,"[""Owner"", ""Unknown""]",,,2026-07-27T08:24:48.778539+00:00,2,https://www.halooglasi.com/nekretnine/prodaja-stanova/bw-vista-uknjizen-odmah-useljiv-id3702/5425645207991?kid=1&sid=1785141015045,U pretrazi sajta možete željene oglase označiti kao izabrane i tako ih kasnije lakše pronaći. Želim da saznam više.
5425647271048,prodaja,"Bg na vodi, Scala, 81 m2, opremljen",345000.0,345.000 €,4259.26,,81.0,3.0,,,,,,,,"Ulica CARA DUŠANA 35a, 1 sprat",Savski venac,,False,False,,,,,,,,,True,87,dup-5425643715532-5425645207991-5425645385233-5425645389272-5425645392386-5425645685233-5425645728758-5425645809867-5425646220838-5425646232969-5425646300512-5425646334577-5425646478847-5425646480585-5425646481232-5425646485440-5425646529995-5425646613222-5425646639273-5425646755013-5425646758252-5425646758306-5425646766477-5425646778795-5425646782812-5425646784840-5425646786314-5425646791087-5425646821339-5425646824088-5425646850533-5425646862690-5425646885410-5425646885410-5425646911901-5425646950289-5425646970681-5425647004782-5425647035339-5425647048931-5425647054205-5425647055337-5425647056834-5425647060884-5425647093727-5425647093727-5425647118443-5425647122162-5425647131799-5425647137401-5425647146496-5425647151079-5425647182857-5425647190718-5425647203373-5425647227787-5425647266012-5425647267784-5425647271048-5425647277479-5425647293441-5425647299598-5425647303837-5425647315819-5425647317471-5425647319622-5425647320884-5425647320884-5425647344617-5425647364056-5425647364564-5425647371407-5425647379953-5425647400312-5425647403682-5425647411253-5425647431442-5425647431809-5425647438893-5425647438893-5425647440521-5425647444952-5425647445072-5425647445072-5425647446175-5425647447993-5425647448493,"[""Owner"", ""Unknown""]",,,2026-07-27T08:24:48.778539+00:00,2,https://www.halooglasi.com/nekretnine/prodaja-stanova/bg-na-vodi-scala-81-m2-opremljen/5425647271048?kid=1&sid=1785141015045,U pretrazi sajta možete željene oglase označiti kao izabrane i tako ih kasnije lakše pronaći. Želim da saznam više.
5425647032412,prodaja,"Beograd na vodi, Bw Perla, 110m2",750000.0,750.000 €,6798.4,,110.32,3.0,,,,,,,,Ulica Hercegovacka 14a,Savski venac,,False,,,,,,,,,,True,8,dup-5425645290982-5425646917155-5425646982526-5425647032412-5425647064091-5425647175233-5425647177812-5425647435343,"[""Unknown""]",,,2026-07-27T08:24:48.778539+00:00,2,https://www.halooglasi.com/nekretnine/prodaja-stanova/beograd-na-vodi-bw-perla-110m2/5425647032412?kid=1&sid=1785141015045,U pretrazi sajta možete željene oglase označiti kao izabrane i tako ih kasnije lakše pronaći. Želim da saznam više.
5425647054205,prodaja,"BW Iskra, druga linija od reke ID#4473",349500.0,349.500 €,4598.68,,76.0,3.0,,,,,,,,"Ulica Hercegovačka 23/209, Savski Venac",Savski venac,,False,,,,,,,,,,True,87,dup-5425643715532-5425645207991-5425645385233-5425645389272-5425645392386-5425645685233-5425645728758-5425645809867-5425646220838-5425646232969-5425646300512-5425646334577-5425646478847-5425646480585-5425646481232-5425646485440-5425646529995-5425646613222-5425646639273-5425646755013-5425646758252-5425646758306-5425646766477-5425646778795-5425646782812-5425646784840-5425646786314-5425646791087-5425646821339-5425646824088-5425646850533-5425646862690-5425646885410-5425646885410-5425646911901-5425646950289-5425646970681-5425647004782-5425647035339-5425647048931-5425647054205-5425647055337-5425647056834-5425647060884-5425647093727-5425647093727-5425647118443-5425647122162-5425647131799-5425647137401-5425647146496-5425647151079-5425647182857-5425647190718-5425647203373-5425647227787-5425647266012-5425647267784-5425647271048-5425647277479-5425647293441-5425647299598-5425647303837-5425647315819-5425647317471-5425647319622-5425647320884-5425647320884-5425647344617-5425647364056-5425647364564-5425647371407-5425647379953-5425647400312-5425647403682-5425647411253-5425647431442-5425647431809-5425647438893-5425647438893-5425647440521-5425647444952-5425647445072-5425647445072-5425647446175-5425647447993-5425647448493,"[""Owner"", ""Unknown""]",,,2026-07-27T08:24:48.778539+00:00,2,https://www.halooglasi.com/nekretnine/prodaja-stanova/bw-iskra-druga-linija-od-reke-id4473/5425647054205?kid=1&sid=1785141015045,U pretrazi sajta možete željene oglase označiti kao izabrane i tako ih kasnije lakše pronaći. Želim da saznam više.
5425647255104,prodaja,"Beograd na vodi, Bw Queens Park Residences, 141m2",620000.0,620.000 €,4397.16,,141.0,3.0,,,,,,BW Residence,,Ulica Hercegovacka 14a,Savski venac,,False,,,,,,,,,,True,3,dup-5425646877972-5425647255104-5425647292047,"[""Unknown""]",,,2026-07-27T08:24:48.778539+00:00,2,https://www.halooglasi.com/nekretnine/prodaja-stanova/beograd-na-vodi-bw-queens-park-residences-141/5425647255104?kid=1&sid=1785141015045,U pretrazi sajta možete željene oglase označiti kao izabrane i tako ih kasnije lakše pronaći. Želim da saznam više.
5425646758252,prodaja,"BW Vista, Hercegovačka, 3.0, lux, opremljen",375000.0,375.000 €,4518.07,,83.0,3.0,,,,,,,,Ulica Bul. Nikole Tesle 36,Savski venac,,False,False,,,,,,,,,True,87,dup-5425643715532-5425645207991-5425645385233-5425645389272-5425645392386-5425645685233-5425645728758-5425645809867-5425646220838-5425646232969-5425646300512-5425646334577-5425646478847-5425646480585-5425646481232-5425646485440-5425646529995-5425646613222-5425646639273-5425646755013-5425646758252-5425646758306-5425646766477-5425646778795-5425646782812-5425646784840-5425646786314-5425646791087-5425646821339-5425646824088-5425646850533-5425646862690-5425646885410-5425646885410-5425646911901-5425646950289-5425646970681-5425647004782-5425647035339-5425647048931-5425647054205-5425647055337-5425647056834-5425647060884-5425647093727-5425647093727-5425647118443-5425647122162-5425647131799-5425647137401-5425647146496-5425647151079-5425647182857-5425647190718-5425647203373-5425647227787-5425647266012-5425647267784-5425647271048-5425647277479-5425647293441-5425647299598-5425647303837-5425647315819-5425647317471-5425647319622-5425647320884-5425647320884-5425647344617-5425647364056-5425647364564-5425647371407-5425647379953-5425647400312-5425647403682-5425647411253-5425647431442-5425647431809-5425647438893-5425647438893-5425647440521-5425647444952-5425647445072-5425647445072-5425647446175-5425647447993-5425647448493,"[""Owner"", ""Unknown""]",,,2026-07-27T08:24:48.778539+00:00,2,https://www.halooglasi.com/nekretnine/prodaja-stanova/bw-vista-hercegovacka-3-0-lux-opremljen/5425646758252?kid=1&sid=1785141015045,U pretrazi sajta možete željene oglase označiti kao izabrane i tako ih kasnije lakše pronaći. Želim da saznam više.
5425647431432,prodaja,"BW Sena, premium zgrada, dve terase ID#4780",425000.0,425.000 €,4381.44,,97.0,3.0,,,,,,,,"Ulica Hercegovačka 23/209, Savski Venac",Savski venac,,False,,,,,,,,,,True,3,dup-5425646973174-5425647056814-5425647431432,"[""Unknown""]",,,2026-07-27T08:24:48.778539+00:00,2,https://www.halooglasi.com/nekretnine/prodaja-stanova/bw-sena-premium-zgrada-dve-terase-id4780/5425647431432?kid=1&sid=1785141015045,U pretrazi sajta možete željene oglase označiti kao izabrane i tako ih kasnije lakše pronaći. Želim da saznam više.
5425645717554,prodaja,"BW Terraces, pogled na reku, jedinstven, namešten",1220000.0,1.220.000 €,8970.59,,136.0,3.0,,,,,,,,"Ulica Hercegovačka 23/209, Savski Venac",Savski venac,,False,,,,,,,,,,True,11,dup-5425644987096-5425645717554-5425646095210-5425646184757-5425646442310-5425646862691-5425646994189-5425647068206-5425647226574-5425647247884-5425647319663,"[""Unknown""]",,,2026-07-27T08:24:48.778539+00:00,2,https://www.halooglasi.com/nekretnine/prodaja-stanova/bw-terraces-pogled-na-reku-jedinstven-nameste/5425645717554?kid=1&sid=1785141015045,U pretrazi sajta možete željene oglase označiti kao izabrane i tako ih kasnije lakše pronaći. Želim da saznam više.
5425647349234,prodaja,Dvosoban stan - BW Iskra - bez provizije,265500.0,265.500 €,3881.58,,68.4,3.0,2.0,2-Bedroom,,,,,,Ulica Bulevar Mihajla Pupina 165g,Savski venac,,False,False,,,,,,,,,False,1,,[],,,2026-07-27T08:24:48.778539+00:00,2,https://www.halooglasi.com/nekretnine/prodaja-stanova/dvosoban-stan---bw-iskra---bez-provizije/5425647349234?kid=1&sid=1785141015045,U pretrazi sajta možete željene oglase označiti kao izabrane i tako ih kasnije lakše pronaći. Želim da saznam više.
5425647448493,prodaja,"BW Metropolitan, 3.0, pogled na Savu i Kalemegdan",435000.0,435.000 €,5294.55,,82.16,3.0,,,,,,,,Ulica Bulevar Mihajla Pupina 165a,Savski venac,,False,,,,,,,,,,True,87,dup-5425643715532-5425645207991-5425645385233-5425645389272-5425645392386-5425645685233-5425645728758-5425645809867-5425646220838-5425646232969-5425646300512-5425646334577-5425646478847-5425646480585-5425646481232-5425646485440-5425646529995-5425646613222-5425646639273-5425646755013-5425646758252-5425646758306-5425646766477-5425646778795-5425646782812-5425646784840-5425646786314-5425646791087-5425646821339-5425646824088-5425646850533-5425646862690-5425646885410-5425646885410-5425646911901-5425646950289-5425646970681-5425647004782-5425647035339-5425647048931-5425647054205-5425647055337-5425647056834-5425647060884-5425647093727-5425647093727-5425647118443-5425647122162-5425647131799-5425647137401-5425647146496-5425647151079-5425647182857-5425647190718-5425647203373-5425647227787-5425647266012-5425647267784-5425647271048-5425647277479-5425647293441-5425647299598-5425647303837-5425647315819-5425647317471-5425647319622-5425647320884-5425647320884-5425647344617-5425647364056-5425647364564-5425647371407-5425647379953-5425647400312-5425647403682-5425647411253-5425647431442-5425647431809-5425647438893-5425647438893-5425647440521-5425647444952-5425647445072-5425647445072-5425647446175-5425647447993-5425647448493,"[""Owner"", ""Unknown""]",,,2026-07-27T08:24:48.778539+00:00,2,https://www.halooglasi.com/nekretnine/prodaja-stanova/bw-metropolitan-3-0-pogled-na-savu-i-kalemegd/5425647448493?kid=4&sid=1785141015045,U pretrazi sajta možete željene oglase označiti kao izabrane i tako ih kasnije lakše pronaći. Želim da saznam više.
5425647266012,prodaja,Bw Nika 3.0 blizina skole i vrtica,343000.0,343.000 €,4341.77,,79.0,3.0,,,,,,,,Ulica Šumatovačka 36,Savski venac,,False,,,,,,,,,,True,87,dup-5425643715532-5425645207991-5425645385233-5425645389272-5425645392386-5425645685233-5425645728758-5425645809867-5425646220838-5425646232969-5425646300512-5425646334577-5425646478847-5425646480585-5425646481232-5425646485440-5425646529995-5425646613222-5425646639273-5425646755013-5425646758252-5425646758306-5425646766477-5425646778795-5425646782812-5425646784840-5425646786314-5425646791087-5425646821339-5425646824088-5425646850533-5425646862690-5425646885410-5425646885410-5425646911901-5425646950289-5425646970681-5425647004782-5425647035339-5425647048931-5425647054205-5425647055337-5425647056834-5425647060884-5425647093727-5425647093727-5425647118443-5425647122162-5425647131799-5425647137401-5425647146496-5425647151079-5425647182857-5425647190718-5425647203373-5425647227787-5425647266012-5425647267784-5425647271048-5425647277479-5425647293441-5425647299598-5425647303837-5425647315819-5425647317471-5425647319622-5425647320884-5425647320884-5425647344617-5425647364056-5425647364564-5425647371407-5425647379953-5425647400312-5425647403682-5425647411253-5425647431442-5425647431809-5425647438893-5425647438893-5425647440521-5425647444952-5425647445072-5425647445072-5425647446175-5425647447993-5425647448493,"[""Owner"", ""Unknown""]",,,2026-07-27T08:24:48.778539+00:00,2,https://www.halooglasi.com/nekretnine/prodaja-stanova/bw-nika-3-0-blizina-skole-i-vrtica/5425647266012?kid=4&sid=1785141015045,U pretrazi sajta možete željene oglase označiti kao izabrane i tako ih kasnije lakše pronaći. Želim da saznam više.
5425646978497,prodaja,Trosoban stan - BW Iskra - bez provizije,306000.0,306.000 €,3985.93,,76.77,3.0,3.0,3-Bedroom,,,,,,Ulica Bulevar Mihajla Pupina 165g,Savski venac,,False,True,,,,,,,,,False,1,,[],,,2026-07-27T08:24:48.778539+00:00,2,https://www.halooglasi.com/nekretnine/prodaja-stanova/trosoban-stan---bw-iskra---bez-provizije/5425646978497?kid=1&sid=1785141015045,U pretrazi sajta možete željene oglase označiti kao izabrane i tako ih kasnije lakše pronaći. Želim da saznam više.
5425646975520,prodaja,Trosoban stan u BW Nova,287600.0,287.600 €,4353.62,,66.06,3.0,3.0,3-Bedroom,,,,,,Ulica Bulevar Mihajla Pupina 165g,Savski venac,,False,True,,,,,,,,,True,2,dup-5425646975520-5425646978451,"[""Unknown""]",,,2026-07-27T08:24:48.778539+00:00,2,https://www.halooglasi.com/nekretnine/prodaja-stanova/trosoban-stan-u-bw-nova/5425646975520?kid=1&sid=1785141015045,U pretrazi sajta možete željene oglase označiti kao izabrane i tako ih kasnije lakše pronaći. Želim da saznam više.
5425647319622,prodaja,"BW Vista, 3.0. Uknjižen i useljiv",345000.0,345.000 €,4207.32,,82.0,3.0,,,,,,,,Ulica Sarajevska 40,Savski venac,,False,False,,,,,,,,,True,87,dup-5425643715532-5425645207991-5425645385233-5425645389272-5425645392386-5425645685233-5425645728758-5425645809867-5425646220838-5425646232969-5425646300512-5425646334577-5425646478847-5425646480585-5425646481232-5425646485440-5425646529995-5425646613222-5425646639273-5425646755013-5425646758252-5425646758306-5425646766477-5425646778795-5425646782812-5425646784840-5425646786314-5425646791087-5425646821339-5425646824088-5425646850533-5425646862690-5425646885410-5425646885410-5425646911901-5425646950289-5425646970681-5425647004782-5425647035339-5425647048931-5425647054205-5425647055337-5425647056834-5425647060884-5425647093727-5425647093727-5425647118443-5425647122162-5425647131799-5425647137401-5425647146496-5425647151079-5425647182857-5425647190718-5425647203373-5425647227787-5425647266012-5425647267784-5425647271048-5425647277479-5425647293441-5425647299598-5425647303837-5425647315819-5425647317471-5425647319622-5425647320884-5425647320884-5425647344617-5425647364056-5425647364564-5425647371407-5425647379953-5425647400312-5425647403682-5425647411253-5425647431442-5425647431809-5425647438893-5425647438893-5425647440521-5425647444952-5425647445072-5425647445072-5425647446175-5425647447993-5425647448493,"[""Owner"", ""Unknown""]",,,2026-07-27T08:24:48.778539+00:00,2,https://www.halooglasi.com/nekretnine/prodaja-stanova/bw-vista-3-0-uknjizen-i-useljiv/5425647319622?kid=4&sid=1785141015045,U pretrazi sajta možete željene oglase označiti kao izabrane i tako ih kasnije lakše pronaći. Želim da saznam više.
5425647320884,prodaja,Premium stan u BW Kings Park ID#15537,345000.0,345.000 €,4423.08,,78.0,3.0,,,,,,,,"Ulica Dositejeva 9/3, Beograd",Savski venac,,False,False,,,,,,,,,True,87,dup-5425643715532-5425645207991-5425645385233-5425645389272-5425645392386-5425645685233-5425645728758-5425645809867-5425646220838-5425646232969-5425646300512-5425646334577-5425646478847-5425646480585-5425646481232-5425646485440-5425646529995-5425646613222-5425646639273-5425646755013-5425646758252-5425646758306-5425646766477-5425646778795-5425646782812-5425646784840-5425646786314-5425646791087-5425646821339-5425646824088-5425646850533-5425646862690-5425646885410-5425646885410-5425646911901-5425646950289-5425646970681-5425647004782-5425647035339-5425647048931-5425647054205-5425647055337-5425647056834-5425647060884-5425647093727-5425647093727-5425647118443-5425647122162-5425647131799-5425647137401-5425647146496-5425647151079-5425647182857-5425647190718-5425647203373-5425647227787-5425647266012-5425647267784-5425647271048-5425647277479-5425647293441-5425647299598-5425647303837-5425647315819-5425647317471-5425647319622-5425647320884-5425647320884-5425647344617-5425647364056-5425647364564-5425647371407-5425647379953-5425647400312-5425647403682-5425647411253-5425647431442-5425647431809-5425647438893-5425647438893-5425647440521-5425647444952-5425647445072-5425647445072-5425647446175-5425647447993-5425647448493,"[""Owner"", ""Unknown""]",,,2026-07-27T08:24:48.778539+00:00,2,https://www.halooglasi.com/nekretnine/prodaja-stanova/premium-stan-u-bw-kings-park-id15537/5425647320884?kid=4&sid=1785141015045,U pretrazi sajta možete željene oglase označiti kao izabrane i tako ih kasnije lakše pronaći. Želim da saznam više.
5425646791087,prodaja,"Lux, svetao, sa garažom",369900.0,369.900 €,4998.65,,74.0,3.0,,,,,,,,Ulica Bulevar Zorana Đinđića 83/1,Savski venac,,False,True,,,,,,,,,True,87,dup-5425643715532-5425645207991-5425645385233-5425645389272-5425645392386-5425645685233-5425645728758-5425645809867-5425646220838-5425646232969-5425646300512-5425646334577-5425646478847-5425646480585-5425646481232-5425646485440-5425646529995-5425646613222-5425646639273-5425646755013-5425646758252-5425646758306-5425646766477-5425646778795-5425646782812-5425646784840-5425646786314-5425646791087-5425646821339-5425646824088-5425646850533-5425646862690-5425646885410-5425646885410-5425646911901-5425646950289-5425646970681-5425647004782-5425647035339-5425647048931-5425647054205-5425647055337-5425647056834-5425647060884-5425647093727-5425647093727-5425647118443-5425647122162-5425647131799-5425647137401-5425647146496-5425647151079-5425647182857-5425647190718-5425647203373-5425647227787-5425647266012-5425647267784-5425647271048-5425647277479-5425647293441-5425647299598-5425647303837-5425647315819-5425647317471-5425647319622-5425647320884-5425647320884-5425647344617-5425647364056-5425647364564-5425647371407-5425647379953-5425647400312-5425647403682-5425647411253-5425647431442-5425647431809-5425647438893-5425647438893-5425647440521-5425647444952-5425647445072-5425647445072-5425647446175-5425647447993-5425647448493,"[""Owner"", ""Unknown""]",,,2026-07-27T08:24:48.778539+00:00,2,https://www.halooglasi.com/nekretnine/prodaja-stanova/lux-svetao-sa-garazom/5425646791087?kid=1&sid=1785141015045,U pretrazi sajta možete željene oglase označiti kao izabrane i tako ih kasnije lakše pronaći. Želim da saznam više.
5425645809867,prodaja,BW Lumia 10 | Beograd na vodi | Luksuzno opremljen,387000.0,387.000 €,5301.37,,73.0,3.0,,,,,,,,,Savski venac,,False,False,,,,,,,,,True,87,dup-5425643715532-5425645207991-5425645385233-5425645389272-5425645392386-5425645685233-5425645728758-5425645809867-5425646220838-5425646232969-5425646300512-5425646334577-5425646478847-5425646480585-5425646481232-5425646485440-5425646529995-5425646613222-5425646639273-5425646755013-5425646758252-5425646758306-5425646766477-5425646778795-5425646782812-5425646784840-5425646786314-5425646791087-5425646821339-5425646824088-5425646850533-5425646862690-5425646885410-5425646885410-5425646911901-5425646950289-5425646970681-5425647004782-5425647035339-5425647048931-5425647054205-5425647055337-5425647056834-5425647060884-5425647093727-5425647093727-5425647118443-5425647122162-5425647131799-5425647137401-5425647146496-5425647151079-5425647182857-5425647190718-5425647203373-5425647227787-5425647266012-5425647267784-5425647271048-5425647277479-5425647293441-5425647299598-5425647303837-5425647315819-5425647317471-5425647319622-5425647320884-5425647320884-5425647344617-5425647364056-5425647364564-5425647371407-5425647379953-5425647400312-5425647403682-5425647411253-5425647431442-5425647431809-5425647438893-5425647438893-5425647440521-5425647444952-5425647445072-5425647445072-5425647446175-5425647447993-5425647448493,"[""Owner"", ""Unknown""]",,,2026-07-27T08:24:48.778539+00:00,2,https://www.halooglasi.com/nekretnine/prodaja-stanova/bw-lumia-10-beograd-na-vodi-luksuzno-opremlje/5425645809867?kid=1&sid=1785141015045,U pretrazi sajta možete željene oglase označiti kao izabrane i tako ih kasnije lakše pronaći. Želim da saznam više.
5425645686846,prodaja,"BW Kula, pogled na ceo grad, izuzetan kvalitet ID#",665000.0,665.000 €,7643.68,,87.0,3.0,,,,,,,,"Ulica Hercegovačka 23/209, Savski Venac",Savski venac,,False,,,,,,,,,,False,1,,[],,,2026-07-27T08:24:48.778539+00:00,2,https://www.halooglasi.com/nekretnine/prodaja-stanova/bw-kula-pogled-na-ceo-grad-izuzetan-kvalitet/5425645686846?kid=1&sid=1785141015045,U pretrazi sajta možete željene oglase označiti kao izabrane i tako ih kasnije lakše pronaći. Želim da saznam više.
5425646251165,prodaja,Komforan trosoban stan - BW Victoria - bez provizi,585000.0,585.000 €,4957.63,,118.0,3.0,3.0,3-Bedroom,,,,,,Ulica Bulevar Mihajla Pupina 165g,Savski venac,,False,,,,,,,,,,True,6,dup-5425646251165-5425646251167-5425647060914-5425647063478-5425647084584-5425647311917,"[""Unknown""]",,,2026-07-27T08:24:48.778539+00:00,2,https://www.halooglasi.com/nekretnine/prodaja-stanova/komforan-trosoban-stan---bw-victoria---bez-pr/5425646251165?kid=1&sid=1785141015045,U pretrazi sajta možete željene oglase označiti kao izabrane i tako ih kasnije lakše pronaći. Želim da saznam više.
5425647202839,prodaja,"BW Lumia, luksuzan stan sa dva apartmana ID#4615",450000.0,450.000 €,3940.8,,114.19,3.0,,,,,,,,"Ulica Hercegovačka 23/209, Savski Venac",Savski venac,,False,False,,,,,,,,,True,3,dup-5425646981912-5425646982059-5425647202839,"[""Owner"", ""Unknown""]",,,2026-07-27T08:24:48.778539+00:00,2,https://www.halooglasi.com/nekretnine/prodaja-stanova/bw-lumia-luksuzan-stan-sa-dva-apartmana-id461/5425647202839?kid=1&sid=1785141015045,U pretrazi sajta možete željene oglase označiti kao izabrane i tako ih kasnije lakše pronaći. Želim da saznam više.
5425647303837,prodaja,BW Eden - Za aktivan život u Apollo centru,369900.0,369.900 €,4697.14,,78.75,3.0,,,,,,,,Ulica Luke Ćelovića Trebinjca 18,Savski venac,,False,,,,,,,,,,True,87,dup-5425643715532-5425645207991-5425645385233-5425645389272-5425645392386-5425645685233-5425645728758-5425645809867-5425646220838-5425646232969-5425646300512-5425646334577-5425646478847-5425646480585-5425646481232-5425646485440-5425646529995-5425646613222-5425646639273-5425646755013-5425646758252-5425646758306-5425646766477-5425646778795-5425646782812-5425646784840-5425646786314-5425646791087-5425646821339-5425646824088-5425646850533-5425646862690-5425646885410-5425646885410-5425646911901-5425646950289-5425646970681-5425647004782-5425647035339-5425647048931-5425647054205-5425647055337-5425647056834-5425647060884-5425647093727-5425647093727-5425647118443-5425647122162-5425647131799-5425647137401-5425647146496-5425647151079-5425647182857-5425647190718-5425647203373-5425647227787-5425647266012-5425647267784-5425647271048-5425647277479-5425647293441-5425647299598-5425647303837-5425647315819-5425647317471-5425647319622-5425647320884-5425647320884-5425647344617-5425647364056-5425647364564-5425647371407-5425647379953-5425647400312-5425647403682-5425647411253-5425647431442-5425647431809-5425647438893-5425647438893-5425647440521-5425647444952-5425647445072-5425647445072-5425647446175-5425647447993-5425647448493,"[""Owner"", ""Unknown""]",,,2026-07-27T08:24:48.778539+00:00,2,https://www.halooglasi.com/nekretnine/prodaja-stanova/bw-eden---za-aktivan-zivot-u-apollo-centru/5425647303837?kid=4&sid=1785141015045,U pretrazi sajta možete željene oglase označiti kao izabrane i tako ih kasnije lakše pronaći. Želim da saznam više.
5425646970681,prodaja,"Beograd na vodi, zgrada Queens park , 76m2",375000.0,375.000 €,4905.17,,76.45,3.0,,,,,,,,Ulica Hercegovacka 14a,Savski venac,,False,False,,,,,,,,,True,87,dup-5425643715532-5425645207991-5425645385233-5425645389272-5425645392386-5425645685233-5425645728758-5425645809867-5425646220838-5425646232969-5425646300512-5425646334577-5425646478847-5425646480585-5425646481232-5425646485440-5425646529995-5425646613222-5425646639273-5425646755013-5425646758252-5425646758306-5425646766477-5425646778795-5425646782812-5425646784840-5425646786314-5425646791087-5425646821339-5425646824088-5425646850533-5425646862690-5425646885410-5425646885410-5425646911901-5425646950289-5425646970681-5425647004782-5425647035339-5425647048931-5425647054205-5425647055337-5425647056834-5425647060884-5425647093727-5425647093727-5425647118443-5425647122162-5425647131799-5425647137401-5425647146496-5425647151079-5425647182857-5425647190718-5425647203373-5425647227787-5425647266012-5425647267784-5425647271048-5425647277479-5425647293441-5425647299598-5425647303837-5425647315819-5425647317471-5425647319622-5425647320884-5425647320884-5425647344617-5425647364056-5425647364564-5425647371407-5425647379953-5425647400312-5425647403682-5425647411253-5425647431442-5425647431809-5425647438893-5425647438893-5425647440521-5425647444952-5425647445072-5425647445072-5425647446175-5425647447993-5425647448493,"[""Owner"", ""Unknown""]",,,2026-07-27T08:24:48.778539+00:00,2,https://www.halooglasi.com/nekretnine/prodaja-stanova/beograd-na-vodi-zgrada-queens-park-76m2/5425646970681?kid=1&sid=1785141015045,U pretrazi sajta možete željene oglase označiti kao izabrane i tako ih kasnije lakše pronaći. Želim da saznam više.
5425646633458,prodaja,"Beograd na vodi, Bw Victoria, 116m2",665000.0,665.000 €,5709.62,,116.47,3.0,,,,,,,,Ulica Hercegovacka 14a,Savski venac,,False,True,,,,,,,,,True,2,dup-5425646633458-5425647176605,"[""Unknown""]",,,2026-07-27T08:24:48.778539+00:00,2,https://www.halooglasi.com/nekretnine/prodaja-stanova/beograd-na-vodi-bw-victoria-116m2/5425646633458?kid=3&sid=1785141015045,U pretrazi sajta možete željene oglase označiti kao izabrane i tako ih kasnije lakše pronaći. Želim da saznam više.
5425647046589,prodaja,Bw Riviera 3.0 sa dva garažna mesta,895000.0,895.000 €,7534.94,,118.78,3.0,,,,,,,,Ulica Šumatovačka 36,Savski venac,,False,,,,,,,,,,True,2,dup-5425647046589-5425647381742,"[""Unknown""]",,,2026-07-27T08:24:48.778539+00:00,2,https://www.halooglasi.com/nekretnine/prodaja-stanova/bw-riviera-3-0-sa-dva-garazna-mesta/5425647046589?kid=4&sid=1785141015045,U pretrazi sajta možete željene oglase označiti kao izabrane i tako ih kasnije lakše pronaći. Želim da saznam više.
5425647182858,prodaja,BW Metropolitan 42 | Beograd na vodi | Pogodan za,387000.0,387.000 €,4300.0,,90.0,3.0,,,,,,,,,Savski venac,,False,,,,,,,,,,True,5,dup-5425646151986-5425647059272-5425647182858-5425647241388-5425647329703,"[""Unknown""]",,,2026-07-27T08:24:48.778539+00:00,2,https://www.halooglasi.com/nekretnine/prodaja-stanova/bw-metropolitan-42-beograd-na-vodi-pogodan-za/5425647182858?kid=1&sid=1785141015045,U pretrazi sajta možete željene oglase označiti kao izabrane i tako ih kasnije lakše pronaći. Želim da saznam više.
5425647364564,prodaja,Beograd na vodi| BW Nika | 75 m2,387000.0,387.000 €,5126.51,,75.49,3.0,,,,,,,,"Ulica Vidovdanska 3, lokal br.2",Savski venac,,False,,,,,,,,,,True,87,dup-5425643715532-5425645207991-5425645385233-5425645389272-5425645392386-5425645685233-5425645728758-5425645809867-5425646220838-5425646232969-5425646300512-5425646334577-5425646478847-5425646480585-5425646481232-5425646485440-5425646529995-5425646613222-5425646639273-5425646755013-5425646758252-5425646758306-5425646766477-5425646778795-5425646782812-5425646784840-5425646786314-5425646791087-5425646821339-5425646824088-5425646850533-5425646862690-5425646885410-5425646885410-5425646911901-5425646950289-5425646970681-5425647004782-5425647035339-5425647048931-5425647054205-5425647055337-5425647056834-5425647060884-5425647093727-5425647093727-5425647118443-5425647122162-5425647131799-5425647137401-5425647146496-5425647151079-5425647182857-5425647190718-5425647203373-5425647227787-5425647266012-5425647267784-5425647271048-5425647277479-5425647293441-5425647299598-5425647303837-5425647315819-5425647317471-5425647319622-5425647320884-5425647320884-5425647344617-5425647364056-5425647364564-5425647371407-5425647379953-5425647400312-5425647403682-5425647411253-5425647431442-5425647431809-5425647438893-5425647438893-5425647440521-5425647444952-5425647445072-5425647445072-5425647446175-5425647447993-5425647448493,"[""Owner"", ""Unknown""]",,,2026-07-27T08:24:48.778539+00:00,2,https://www.halooglasi.com/nekretnine/prodaja-stanova/beograd-na-vodi-bw-nika-75-m2/5425647364564?kid=1&sid=1785141015045,U pretrazi sajta možete željene oglase označiti kao izabrane i tako ih kasnije lakše pronaći. Želim da saznam više.
5425647440521,prodaja,BW Metropolitan 43 | Beograd na vodi | Dizajnerski,435000.0,435.000 €,5304.88,,82.0,3.0,,,,,,,,,Savski venac,,False,False,,,,,,,,,True,87,dup-5425643715532-5425645207991-5425645385233-5425645389272-5425645392386-5425645685233-5425645728758-5425645809867-5425646220838-5425646232969-5425646300512-5425646334577-5425646478847-5425646480585-5425646481232-5425646485440-5425646529995-5425646613222-5425646639273-5425646755013-5425646758252-5425646758306-5425646766477-5425646778795-5425646782812-5425646784840-5425646786314-5425646791087-5425646821339-5425646824088-5425646850533-5425646862690-5425646885410-5425646885410-5425646911901-5425646950289-5425646970681-5425647004782-5425647035339-5425647048931-5425647054205-5425647055337-5425647056834-5425647060884-5425647093727-5425647093727-5425647118443-5425647122162-5425647131799-5425647137401-5425647146496-5425647151079-5425647182857-5425647190718-5425647203373-5425647227787-5425647266012-5425647267784-5425647271048-5425647277479-5425647293441-5425647299598-5425647303837-5425647315819-5425647317471-5425647319622-5425647320884-5425647320884-5425647344617-5425647364056-5425647364564-5425647371407-5425647379953-5425647400312-5425647403682-5425647411253-5425647431442-5425647431809-5425647438893-5425647438893-5425647440521-5425647444952-5425647445072-5425647445072-5425647446175-5425647447993-5425647448493,"[""Owner"", ""Unknown""]",,,2026-07-27T08:24:48.778539+00:00,2,https://www.halooglasi.com/nekretnine/prodaja-stanova/bw-metropolitan-43-beograd-na-vodi-dizajnersk/5425647440521?kid=1&sid=1785141015045,U pretrazi sajta možete željene oglase označiti kao izabrane i tako ih kasnije lakše pronaći. Želim da saznam više.
5425647379953,prodaja,"Nov,trosoban stan u zgradi Eden, Beograd na vodi",375000.0,375.000 €,4687.5,,80.0,3.0,3.0,3-Bedroom,,,,,,Ulica Bulevar despota Stefana 64a,Savski venac,,False,,,,,,,,,,True,87,dup-5425643715532-5425645207991-5425645385233-5425645389272-5425645392386-5425645685233-5425645728758-5425645809867-5425646220838-5425646232969-5425646300512-5425646334577-5425646478847-5425646480585-5425646481232-5425646485440-5425646529995-5425646613222-5425646639273-5425646755013-5425646758252-5425646758306-5425646766477-5425646778795-5425646782812-5425646784840-5425646786314-5425646791087-5425646821339-5425646824088-5425646850533-5425646862690-5425646885410-5425646885410-5425646911901-5425646950289-5425646970681-5425647004782-5425647035339-5425647048931-5425647054205-5425647055337-5425647056834-5425647060884-5425647093727-5425647093727-5425647118443-5425647122162-5425647131799-5425647137401-5425647146496-5425647151079-5425647182857-5425647190718-5425647203373-5425647227787-5425647266012-5425647267784-5425647271048-5425647277479-5425647293441-5425647299598-5425647303837-5425647315819-5425647317471-5425647319622-5425647320884-5425647320884-5425647344617-5425647364056-5425647364564-5425647371407-5425647379953-5425647400312-5425647403682-5425647411253-5425647431442-5425647431809-5425647438893-5425647438893-5425647440521-5425647444952-5425647445072-5425647445072-5425647446175-5425647447993-5425647448493,"[""Owner"", ""Unknown""]",,,2026-07-27T08:24:48.778539+00:00,2,https://www.halooglasi.com/nekretnine/prodaja-stanova/nov-trosoban-stan-u-zgradi-eden-beograd-na-vo/5425647379953?kid=4&sid=1785141015045,U pretrazi sajta možete željene oglase označiti kao izabrane i tako ih kasnije lakše pronaći. Želim da saznam više.
5425647343367,prodaja,Bw Victoria Premium Stan,585000.0,585.000 €,6024.1,,97.11,3.0,,,,,,,,Ulica Šumatovačka 36,Savski venac,,False,False,,,,,,,,,True,4,dup-5425646032963-5425647066693-5425647343367-5425647431431,"[""Unknown""]",,,2026-07-27T08:24:48.778539+00:00,2,https://www.halooglasi.com/nekretnine/prodaja-stanova/bw-victoria-premium-stan/5425647343367?kid=1&sid=1785141015045,U pretrazi sajta možete željene oglase označiti kao izabrane i tako ih kasnije lakše pronaći. Želim da saznam više.
5425647285290,prodaja,"BW Kula, pogled na ceo grad, izuzetan kvalitet ID#",749000.0,749.000 €,8511.36,,88.0,3.0,,,,,,,,"Ulica Hercegovačka 23/209, Savski Venac",Savski venac,,False,False,,,,,,,,,False,1,,[],,,2026-07-27T08:24:48.778539+00:00,2,https://www.halooglasi.com/nekretnine/prodaja-stanova/bw-kula-pogled-na-ceo-grad-izuzetan-kvalitet/5425647285290?kid=1&sid=1785141015045,U pretrazi sajta možete željene oglase označiti kao izabrane i tako ih kasnije lakše pronaći. Želim da saznam više.
5425647411253,prodaja,"Stan sa najlepšim rasporedom, BW, potpuno namešten",367000.0,367.000 €,4766.23,,77.0,3.0,,,,,,,,"Ulica Antifašističke borbe 23G/7, Beograd",Savski venac,,False,True,,,,,,,,,True,87,dup-5425643715532-5425645207991-5425645385233-5425645389272-5425645392386-5425645685233-5425645728758-5425645809867-5425646220838-5425646232969-5425646300512-5425646334577-5425646478847-5425646480585-5425646481232-5425646485440-5425646529995-5425646613222-5425646639273-5425646755013-5425646758252-5425646758306-5425646766477-5425646778795-5425646782812-5425646784840-5425646786314-5425646791087-5425646821339-5425646824088-5425646850533-5425646862690-5425646885410-5425646885410-5425646911901-5425646950289-5425646970681-5425647004782-5425647035339-5425647048931-5425647054205-5425647055337-5425647056834-5425647060884-5425647093727-5425647093727-5425647118443-5425647122162-5425647131799-5425647137401-5425647146496-5425647151079-5425647182857-5425647190718-5425647203373-5425647227787-5425647266012-5425647267784-5425647271048-5425647277479-5425647293441-5425647299598-5425647303837-5425647315819-5425647317471-5425647319622-5425647320884-5425647320884-5425647344617-5425647364056-5425647364564-5425647371407-5425647379953-5425647400312-5425647403682-5425647411253-5425647431442-5425647431809-5425647438893-5425647438893-5425647440521-5425647444952-5425647445072-5425647445072-5425647446175-5425647447993-5425647448493,"[""Owner"", ""Unknown""]",,,2026-07-27T08:24:48.778539+00:00,2,https://www.halooglasi.com/nekretnine/prodaja-stanova/stan-sa-najlepsim-rasporedom-bw-potpuno-names/5425647411253?sid=1785141015045,U pretrazi sajta možete željene oglase označiti kao izabrane i tako ih kasnije lakše pronaći. Želim da saznam više.
5425647324751,prodaja,"Prodaja, Bw Bonaca, 108m2",575000.0,575.000 €,5325.55,,107.97,3.0,,,,,,,,Ulica Hercegovacka 14a,Savski venac,,False,False,,,,,,,,,True,26,dup-5425643813480-5425645654575-5425645804705-5425646236023-5425646507250-5425646656965-5425646728417-5425646821617-5425646856466-5425646867192-5425646970667-5425646978446-5425647054241-5425647059274-5425647064092-5425647077948-5425647096081-5425647107120-5425647111575-5425647135601-5425647165430-5425647165458-5425647202836-5425647202864-5425647324751-5425647387495,"[""Owner"", ""Unknown""]",,,2026-07-27T08:24:48.778539+00:00,2,https://www.halooglasi.com/nekretnine/prodaja-stanova/prodaja-bw-bonaca-108m2/5425647324751?kid=1&sid=1785141015045,U pretrazi sajta možete željene oglase označiti kao izabrane i tako ih kasnije lakše pronaći. Želim da saznam više.
5425647261908,prodaja,"BW Residences, lux, velika terasa , dva parking me",795000.0,795.000 €,5224.08,,152.18,3.0,,,,,,Sava Residences,,"Ulica Hercegovačka 23/209, Savski Venac",Savski venac,,False,,,,,,,,,,True,6,dup-5425646992417-5425647226628-5425647259802-5425647261908-5425647329532-5425647445845,"[""Unknown""]",,,2026-07-27T08:24:48.778539+00:00,2,https://www.halooglasi.com/nekretnine/prodaja-stanova/bw-residences-lux-velika-terasa-dva-parking-m/5425647261908?kid=1&sid=1785141015045,U pretrazi sajta možete željene oglase označiti kao izabrane i tako ih kasnije lakše pronaći. Želim da saznam više.
5425646480585,prodaja,"Savski venac, Beograd na vodi - Hercegovačka",375000.0,375.000 €,4573.17,,82.0,3.0,,,,,,,,Ulica Beogradska br.71,Savski venac,,False,,,,,,,,,,True,87,dup-5425643715532-5425645207991-5425645385233-5425645389272-5425645392386-5425645685233-5425645728758-5425645809867-5425646220838-5425646232969-5425646300512-5425646334577-5425646478847-5425646480585-5425646481232-5425646485440-5425646529995-5425646613222-5425646639273-5425646755013-5425646758252-5425646758306-5425646766477-5425646778795-5425646782812-5425646784840-5425646786314-5425646791087-5425646821339-5425646824088-5425646850533-5425646862690-5425646885410-5425646885410-5425646911901-5425646950289-5425646970681-5425647004782-5425647035339-5425647048931-5425647054205-5425647055337-5425647056834-5425647060884-5425647093727-5425647093727-5425647118443-5425647122162-5425647131799-5425647137401-5425647146496-5425647151079-5425647182857-5425647190718-5425647203373-5425647227787-5425647266012-5425647267784-5425647271048-5425647277479-5425647293441-5425647299598-5425647303837-5425647315819-5425647317471-5425647319622-5425647320884-5425647320884-5425647344617-5425647364056-5425647364564-5425647371407-5425647379953-5425647400312-5425647403682-5425647411253-5425647431442-5425647431809-5425647438893-5425647438893-5425647440521-5425647444952-5425647445072-5425647445072-5425647446175-5425647447993-5425647448493,"[""Owner"", ""Unknown""]",,,2026-07-27T08:24:48.778539+00:00,2,https://www.halooglasi.com/nekretnine/prodaja-stanova/savski-venac-beograd-na-vodi---hercegovacka/5425646480585?kid=1&sid=1785141015045,U pretrazi sajta možete željene oglase označiti kao izabrane i tako ih kasnije lakše pronaći. Želim da saznam više.
5425644078819,prodaja,BW-Beograd na vodi-93m2-Namešten-Garažno mesto ID#,500000.0,500.000 €,5376.34,,93.0,3.0,,,,,,,,"Ulica Uroša Martinovića 23/17, Beograd",Savski venac,,False,False,,,,,,,,,True,2,dup-5425644078819-5425645291075,"[""Unknown""]",,,2026-07-27T08:24:48.778539+00:00,2,https://www.halooglasi.com/nekretnine/prodaja-stanova/bw-beograd-na-vodi-93m2-namesten-garazno-mest/5425644078819?kid=1&sid=1785141015045,U pretrazi sajta možete željene oglase označiti kao izabrane i tako ih kasnije lakše pronaći. Želim da saznam više.
5425646613222,prodaja,Izuzetan trosoban stan sa garazom u zgradi Aria –,375000.0,375.000 €,4573.17,,82.0,3.0,3.0,3-Bedroom,,,,,,Ulica Terazije 27,Savski venac,,False,False,,,,,,,,,True,87,dup-5425643715532-5425645207991-5425645385233-5425645389272-5425645392386-5425645685233-5425645728758-5425645809867-5425646220838-5425646232969-5425646300512-5425646334577-5425646478847-5425646480585-5425646481232-5425646485440-5425646529995-5425646613222-5425646639273-5425646755013-5425646758252-5425646758306-5425646766477-5425646778795-5425646782812-5425646784840-5425646786314-5425646791087-5425646821339-5425646824088-5425646850533-5425646862690-5425646885410-5425646885410-5425646911901-5425646950289-5425646970681-5425647004782-5425647035339-5425647048931-5425647054205-5425647055337-5425647056834-5425647060884-5425647093727-5425647093727-5425647118443-5425647122162-5425647131799-5425647137401-5425647146496-5425647151079-5425647182857-5425647190718-5425647203373-5425647227787-5425647266012-5425647267784-5425647271048-5425647277479-5425647293441-5425647299598-5425647303837-5425647315819-5425647317471-5425647319622-5425647320884-5425647320884-5425647344617-5425647364056-5425647364564-5425647371407-5425647379953-5425647400312-5425647403682-5425647411253-5425647431442-5425647431809-5425647438893-5425647438893-5425647440521-5425647444952-5425647445072-5425647445072-5425647446175-5425647447993-5425647448493,"[""Owner"", ""Unknown""]",,,2026-07-27T08:24:48.778539+00:00,2,https://www.halooglasi.com/nekretnine/prodaja-stanova/izuzetan-trosoban-stan-sa-garazom-u-zgradi-ar/5425646613222?kid=1&sid=1785141015045,U pretrazi sajta možete željene oglase označiti kao izabrane i tako ih kasnije lakše pronaći. Želim da saznam više.
5425647059274,prodaja,"BW Topaz, premium zgrada, ugaona pozicija ID#4521",585000.0,585.000 €,5318.18,,110.0,3.0,,,,,,,,"Ulica Hercegovačka 23/209, Savski Venac",Savski venac,,False,,,,,,,,,,True,26,dup-5425643813480-5425645654575-5425645804705-5425646236023-5425646507250-5425646656965-5425646728417-5425646821617-5425646856466-5425646867192-5425646970667-5425646978446-5425647054241-5425647059274-5425647064092-5425647077948-5425647096081-5425647107120-5425647111575-5425647135601-5425647165430-5425647165458-5425647202836-5425647202864-5425647324751-5425647387495,"[""Owner"", ""Unknown""]",,,2026-07-27T08:24:48.778539+00:00,2,https://www.halooglasi.com/nekretnine/prodaja-stanova/bw-topaz-premium-zgrada-ugaona-pozicija-id452/5425647059274?kid=1&sid=1785141015045,U pretrazi sajta možete željene oglase označiti kao izabrane i tako ih kasnije lakše pronaći. Želim da saznam više.
5425647151079,prodaja,BW Sole 38 | Beograd na vodi | Kompletno opremljen,345000.0,345.000 €,4345.09,,79.4,3.0,,,,,,,,,Savski venac,,False,False,,,,,,,,,True,87,dup-5425643715532-5425645207991-5425645385233-5425645389272-5425645392386-5425645685233-5425645728758-5425645809867-5425646220838-5425646232969-5425646300512-5425646334577-5425646478847-5425646480585-5425646481232-5425646485440-5425646529995-5425646613222-5425646639273-5425646755013-5425646758252-5425646758306-5425646766477-5425646778795-5425646782812-5425646784840-5425646786314-5425646791087-5425646821339-5425646824088-5425646850533-5425646862690-5425646885410-5425646885410-5425646911901-5425646950289-5425646970681-5425647004782-5425647035339-5425647048931-5425647054205-5425647055337-5425647056834-5425647060884-5425647093727-5425647093727-5425647118443-5425647122162-5425647131799-5425647137401-5425647146496-5425647151079-5425647182857-5425647190718-5425647203373-5425647227787-5425647266012-5425647267784-5425647271048-5425647277479-5425647293441-5425647299598-5425647303837-5425647315819-5425647317471-5425647319622-5425647320884-5425647320884-5425647344617-5425647364056-5425647364564-5425647371407-5425647379953-5425647400312-5425647403682-5425647411253-5425647431442-5425647431809-5425647438893-5425647438893-5425647440521-5425647444952-5425647445072-5425647445072-5425647446175-5425647447993-5425647448493,"[""Owner"", ""Unknown""]",,,2026-07-27T08:24:48.778539+00:00,2,https://www.halooglasi.com/nekretnine/prodaja-stanova/bw-sole-38-beograd-na-vodi-kompletno-opremlje/5425647151079?kid=1&sid=1785141015045,U pretrazi sajta možete željene oglase označiti kao izabrane i tako ih kasnije lakše pronaći. Želim da saznam više.
5425647303654,prodaja,"BW Metropolitan, lux, novogradnja,garaža, ID 25793",435000.0,435.000 €,4833.33,,90.0,3.0,,,,,,,,Ulica Uroša Martinovića 13,Savski venac,,False,False,,,,,,,,,True,12,dup-5425646435640-5425647006614-5425647006614-5425647059275-5425647066407-5425647163578-5425647303654-5425647303656-5425647325597-5425647374917-5425647429056-5425647431400,"[""Unknown""]",,,2026-07-27T08:24:48.778539+00:00,2,https://www.halooglasi.com/nekretnine/prodaja-stanova/bw-metropolitan-lux-novogradnja-garaza-id-257/5425647303654?kid=1&sid=1785141015045,U pretrazi sajta možete željene oglase označiti kao izabrane i tako ih kasnije lakše pronaći. Želim da saznam više.
5425647131799,prodaja,"Beograd na vodi, zgrada Bw Eterna, 74m2",387000.0,387.000 €,5248.88,,73.73,3.0,,,,,,,,Ulica Hercegovacka 14a,Savski venac,,False,False,,,,,,,,,True,87,dup-5425643715532-5425645207991-5425645385233-5425645389272-5425645392386-5425645685233-5425645728758-5425645809867-5425646220838-5425646232969-5425646300512-5425646334577-5425646478847-5425646480585-5425646481232-5425646485440-5425646529995-5425646613222-5425646639273-5425646755013-5425646758252-5425646758306-5425646766477-5425646778795-5425646782812-5425646784840-5425646786314-5425646791087-5425646821339-5425646824088-5425646850533-5425646862690-5425646885410-5425646885410-5425646911901-5425646950289-5425646970681-5425647004782-5425647035339-5425647048931-5425647054205-5425647055337-5425647056834-5425647060884-5425647093727-5425647093727-5425647118443-5425647122162-5425647131799-5425647137401-5425647146496-5425647151079-5425647182857-5425647190718-5425647203373-5425647227787-5425647266012-5425647267784-5425647271048-5425647277479-5425647293441-5425647299598-5425647303837-5425647315819-5425647317471-5425647319622-5425647320884-5425647320884-5425647344617-5425647364056-5425647364564-5425647371407-5425647379953-5425647400312-5425647403682-5425647411253-5425647431442-5425647431809-5425647438893-5425647438893-5425647440521-5425647444952-5425647445072-5425647445072-5425647446175-5425647447993-5425647448493,"[""Owner"", ""Unknown""]",,,2026-07-27T08:24:48.778539+00:00,2,https://www.halooglasi.com/nekretnine/prodaja-stanova/beograd-na-vodi-zgrada-bw-eterna-74m2/5425647131799?kid=1&sid=1785141015045,U pretrazi sajta možete željene oglase označiti kao izabrane i tako ih kasnije lakše pronaći. Želim da saznam više.
5425646151986,prodaja,Divan 3.0 stan u BW Aria sa garažnim mestom,367000.0,367.000 €,3989.13,,92.0,3.0,,,,,,,,Ulica Dr. Aleksandra Kostića 17,Savski venac,,False,False,,,,,,,,,True,5,dup-5425646151986-5425647059272-5425647182858-5425647241388-5425647329703,"[""Unknown""]",,,2026-07-27T08:24:48.778539+00:00,2,https://www.halooglasi.com/nekretnine/prodaja-stanova/divan-3-0-stan-u-bw-aria-sa-garaznim-mestom/5425646151986?kid=1&sid=1785141015045,U pretrazi sajta možete željene oglase označiti kao izabrane i tako ih kasnije lakše pronaći. Želim da saznam više.
5425646778795,prodaja,"Beograd na vodi, panoramski pogled na grad, 3.0 ID",375000.0,375.000 €,4667.08,,80.35,3.0,,,,,,,,Ulica Bulevar Mihajla Pupina 165a,Savski venac,,False,False,,,,,,,,,True,87,dup-5425643715532-5425645207991-5425645385233-5425645389272-5425645392386-5425645685233-5425645728758-5425645809867-5425646220838-5425646232969-5425646300512-5425646334577-5425646478847-5425646480585-5425646481232-5425646485440-5425646529995-5425646613222-5425646639273-5425646755013-5425646758252-5425646758306-5425646766477-5425646778795-5425646782812-5425646784840-5425646786314-5425646791087-5425646821339-5425646824088-5425646850533-5425646862690-5425646885410-5425646885410-5425646911901-5425646950289-5425646970681-5425647004782-5425647035339-5425647048931-5425647054205-5425647055337-5425647056834-5425647060884-5425647093727-5425647093727-5425647118443-5425647122162-5425647131799-5425647137401-5425647146496-5425647151079-5425647182857-5425647190718-5425647203373-5425647227787-5425647266012-5425647267784-5425647271048-5425647277479-5425647293441-5425647299598-5425647303837-5425647315819-5425647317471-5425647319622-5425647320884-5425647320884-5425647344617-5425647364056-5425647364564-5425647371407-5425647379953-5425647400312-5425647403682-5425647411253-5425647431442-5425647431809-5425647438893-5425647438893-5425647440521-5425647444952-5425647445072-5425647445072-5425647446175-5425647447993-5425647448493,"[""Owner"", ""Unknown""]",,,2026-07-27T08:24:48.778539+00:00,2,https://www.halooglasi.com/nekretnine/prodaja-stanova/beograd-na-vodi-panoramski-pogled-na-grad-3-0/5425646778795?kid=1&sid=1785141015045,U pretrazi sajta možete željene oglase označiti kao izabrane i tako ih kasnije lakše pronaći. Želim da saznam više.
5425646232969,prodaja,"Bw Vista , 82m2",375000.0,375.000 €,4573.17,,82.0,3.0,,,,,,,,Ulica Hercegovacka 14a,Savski venac,,False,False,,,,,,,,,True,87,dup-5425643715532-5425645207991-5425645385233-5425645389272-5425645392386-5425645685233-5425645728758-5425645809867-5425646220838-5425646232969-5425646300512-5425646334577-5425646478847-5425646480585-5425646481232-5425646485440-5425646529995-5425646613222-5425646639273-5425646755013-5425646758252-5425646758306-5425646766477-5425646778795-5425646782812-5425646784840-5425646786314-5425646791087-5425646821339-5425646824088-5425646850533-5425646862690-5425646885410-5425646885410-5425646911901-5425646950289-5425646970681-5425647004782-5425647035339-5425647048931-5425647054205-5425647055337-5425647056834-5425647060884-5425647093727-5425647093727-5425647118443-5425647122162-5425647131799-5425647137401-5425647146496-5425647151079-5425647182857-5425647190718-5425647203373-5425647227787-5425647266012-5425647267784-5425647271048-5425647277479-5425647293441-5425647299598-5425647303837-5425647315819-5425647317471-5425647319622-5425647320884-5425647320884-5425647344617-5425647364056-5425647364564-5425647371407-5425647379953-5425647400312-5425647403682-5425647411253-5425647431442-5425647431809-5425647438893-5425647438893-5425647440521-5425647444952-5425647445072-5425647445072-5425647446175-5425647447993-5425647448493,"[""Owner"", ""Unknown""]",,,2026-07-27T08:24:48.778539+00:00,2,https://www.halooglasi.com/nekretnine/prodaja-stanova/bw-vista-82m2/5425646232969?kid=1&sid=1785141015045,U pretrazi sajta možete željene oglase označiti kao izabrane i tako ih kasnije lakše pronaći. Želim da saznam više.
5425647267784,prodaja,"Beograd na Vodi– BW QUARTET 4 - luksuzan 3.0, 78m2",387000.0,387.000 €,4961.54,,78.0,3.0,,,,,,,,,Savski venac,,False,,,,,,,,,,True,87,dup-5425643715532-5425645207991-5425645385233-5425645389272-5425645392386-5425645685233-5425645728758-5425645809867-5425646220838-5425646232969-5425646300512-5425646334577-5425646478847-5425646480585-5425646481232-5425646485440-5425646529995-5425646613222-5425646639273-5425646755013-5425646758252-5425646758306-5425646766477-5425646778795-5425646782812-5425646784840-5425646786314-5425646791087-5425646821339-5425646824088-5425646850533-5425646862690-5425646885410-5425646885410-5425646911901-5425646950289-5425646970681-5425647004782-5425647035339-5425647048931-5425647054205-5425647055337-5425647056834-5425647060884-5425647093727-5425647093727-5425647118443-5425647122162-5425647131799-5425647137401-5425647146496-5425647151079-5425647182857-5425647190718-5425647203373-5425647227787-5425647266012-5425647267784-5425647271048-5425647277479-5425647293441-5425647299598-5425647303837-5425647315819-5425647317471-5425647319622-5425647320884-5425647320884-5425647344617-5425647364056-5425647364564-5425647371407-5425647379953-5425647400312-5425647403682-5425647411253-5425647431442-5425647431809-5425647438893-5425647438893-5425647440521-5425647444952-5425647445072-5425647445072-5425647446175-5425647447993-5425647448493,"[""Owner"", ""Unknown""]",,,2026-07-27T08:24:48.778539+00:00,2,https://www.halooglasi.com/nekretnine/prodaja-stanova/beograd-na-vodi-bw-quartet-4---luksuzan-3-0-7/5425647267784?kid=4&sid=1785141015045,U pretrazi sajta možete željene oglase označiti kao izabrane i tako ih kasnije lakše pronaći. Želim da saznam više.
5425647317471,prodaja,Trosoban | BW Rima | Master apartman,410000.0,410.000 €,4942.74,,82.95,3.0,3.0,3-Bedroom,,,,,,Ulica Hercegovačka 16,Savski venac,,False,,,,,,,,,,True,87,dup-5425643715532-5425645207991-5425645385233-5425645389272-5425645392386-5425645685233-5425645728758-5425645809867-5425646220838-5425646232969-5425646300512-5425646334577-5425646478847-5425646480585-5425646481232-5425646485440-5425646529995-5425646613222-5425646639273-5425646755013-5425646758252-5425646758306-5425646766477-5425646778795-5425646782812-5425646784840-5425646786314-5425646791087-5425646821339-5425646824088-5425646850533-5425646862690-5425646885410-5425646885410-5425646911901-5425646950289-5425646970681-5425647004782-5425647035339-5425647048931-5425647054205-5425647055337-5425647056834-5425647060884-5425647093727-5425647093727-5425647118443-5425647122162-5425647131799-5425647137401-5425647146496-5425647151079-5425647182857-5425647190718-5425647203373-5425647227787-5425647266012-5425647267784-5425647271048-5425647277479-5425647293441-5425647299598-5425647303837-5425647315819-5425647317471-5425647319622-5425647320884-5425647320884-5425647344617-5425647364056-5425647364564-5425647371407-5425647379953-5425647400312-5425647403682-5425647411253-5425647431442-5425647431809-5425647438893-5425647438893-5425647440521-5425647444952-5425647445072-5425647445072-5425647446175-5425647447993-5425647448493,"[""Owner"", ""Unknown""]",,,2026-07-27T08:24:48.778539+00:00,2,https://www.halooglasi.com/nekretnine/prodaja-stanova/trosoban-bw-rima-master-apartman/5425647317471?kid=4&sid=1785141015045,U pretrazi sajta možete željene oglase označiti kao izabrane i tako ih kasnije lakše pronaći. Želim da saznam više.
5425647176605,prodaja,BW Victoria - Otvoren pogled na reku ID#1581,665000.0,665.000 €,5709.62,,116.47,3.0,,,,,,,,"Ulica Smiljanićeva 6, Beograd",Savski venac,,False,,,,,,,,,,True,2,dup-5425646633458-5425647176605,"[""Unknown""]",,,2026-07-27T08:24:48.778539+00:00,2,https://www.halooglasi.com/nekretnine/prodaja-stanova/bw-victoria---otvoren-pogled-na-reku-id1581/5425647176605?kid=4&sid=1785141015045,U pretrazi sajta možete željene oglase označiti kao izabrane i tako ih kasnije lakše pronaći. Želim da saznam više.
5425646755013,prodaja,BW Eterna - Odmah useljiv i kompletno opremljen,345000.0,345.000 €,4679.24,,73.73,3.0,,,,,,,,Ulica Luke Ćelovića Trebinjca 18,Savski venac,,False,False,,,,,,,,,True,87,dup-5425643715532-5425645207991-5425645385233-5425645389272-5425645392386-5425645685233-5425645728758-5425645809867-5425646220838-5425646232969-5425646300512-5425646334577-5425646478847-5425646480585-5425646481232-5425646485440-5425646529995-5425646613222-5425646639273-5425646755013-5425646758252-5425646758306-5425646766477-5425646778795-5425646782812-5425646784840-5425646786314-5425646791087-5425646821339-5425646824088-5425646850533-5425646862690-5425646885410-5425646885410-5425646911901-5425646950289-5425646970681-5425647004782-5425647035339-5425647048931-5425647054205-5425647055337-5425647056834-5425647060884-5425647093727-5425647093727-5425647118443-5425647122162-5425647131799-5425647137401-5425647146496-5425647151079-5425647182857-5425647190718-5425647203373-5425647227787-5425647266012-5425647267784-5425647271048-5425647277479-5425647293441-5425647299598-5425647303837-5425647315819-5425647317471-5425647319622-5425647320884-5425647320884-5425647344617-5425647364056-5425647364564-5425647371407-5425647379953-5425647400312-5425647403682-5425647411253-5425647431442-5425647431809-5425647438893-5425647438893-5425647440521-5425647444952-5425647445072-5425647445072-5425647446175-5425647447993-5425647448493,"[""Owner"", ""Unknown""]",,,2026-07-27T08:24:48.778539+00:00,2,https://www.halooglasi.com/nekretnine/prodaja-stanova/bw-eterna---odmah-useljiv-i-kompletno-opremlj/5425646755013?kid=4&sid=1785141015045,U pretrazi sajta možete željene oglase označiti kao izabrane i tako ih kasnije lakše pronaći. Želim da saznam više.
5425647423622,prodaja,BW Victoria 01 | Beograd na vodi | Pogled na reku,665000.0,665.000 €,6584.16,,101.0,3.0,,,,,,,,,Savski venac,,False,False,,,,,,,,,True,5,dup-5425646225900-5425646942399-5425647214426-5425647423622-5425647423680,"[""Owner"", ""Unknown""]",,,2026-07-27T08:24:48.778539+00:00,2,https://www.halooglasi.com/nekretnine/prodaja-stanova/bw-victoria-01-beograd-na-vodi-pogled-na-reku/5425647423622?kid=1&sid=1785141015045,U pretrazi sajta možete željene oglase označiti kao izabrane i tako ih kasnije lakše pronaći. Želim da saznam više.
5425647277479,prodaja,BW THALIA - pogled koji ostaje!,367000.0,367.000 €,4645.57,,79.0,3.0,,,,,,,,"Ulica CARA DUŠANA 35a, 1 sprat",Savski venac,,False,False,,,,,,,,,True,87,dup-5425643715532-5425645207991-5425645385233-5425645389272-5425645392386-5425645685233-5425645728758-5425645809867-5425646220838-5425646232969-5425646300512-5425646334577-5425646478847-5425646480585-5425646481232-5425646485440-5425646529995-5425646613222-5425646639273-5425646755013-5425646758252-5425646758306-5425646766477-5425646778795-5425646782812-5425646784840-5425646786314-5425646791087-5425646821339-5425646824088-5425646850533-5425646862690-5425646885410-5425646885410-5425646911901-5425646950289-5425646970681-5425647004782-5425647035339-5425647048931-5425647054205-5425647055337-5425647056834-5425647060884-5425647093727-5425647093727-5425647118443-5425647122162-5425647131799-5425647137401-5425647146496-5425647151079-5425647182857-5425647190718-5425647203373-5425647227787-5425647266012-5425647267784-5425647271048-5425647277479-5425647293441-5425647299598-5425647303837-5425647315819-5425647317471-5425647319622-5425647320884-5425647320884-5425647344617-5425647364056-5425647364564-5425647371407-5425647379953-5425647400312-5425647403682-5425647411253-5425647431442-5425647431809-5425647438893-5425647438893-5425647440521-5425647444952-5425647445072-5425647445072-5425647446175-5425647447993-5425647448493,"[""Owner"", ""Unknown""]",,,2026-07-27T08:24:48.778539+00:00,2,https://www.halooglasi.com/nekretnine/prodaja-stanova/bw-thalia---pogled-koji-ostaje/5425647277479?kid=1&sid=1785141015045,U pretrazi sajta možete željene oglase označiti kao izabrane i tako ih kasnije lakše pronaći. Želim da saznam više.
5425647303656,prodaja,"BW Quartet 2, 3.0, 86.50m2, opremljen",387000.0,387.000 €,4473.99,,86.5,3.0,,,,,,,,Ulica Stevana Markovića 3,Savski venac,,False,False,,,,,,,,,True,12,dup-5425646435640-5425647006614-5425647006614-5425647059275-5425647066407-5425647163578-5425647303654-5425647303656-5425647325597-5425647374917-5425647429056-5425647431400,"[""Unknown""]",,,2026-07-27T08:24:48.778539+00:00,2,https://www.halooglasi.com/nekretnine/prodaja-stanova/bw-quartet-2-3-0-86-50m2-opremljen/5425647303656?kid=1&sid=1785141015045,U pretrazi sajta možete željene oglase označiti kao izabrane i tako ih kasnije lakše pronaći. Želim da saznam više.
5425646766477,prodaja,"BW Iris, 80m2, 3.0, 2 garaže, lux",375000.0,375.000 €,4687.5,,80.0,3.0,,,,,,,,Ulica Bul. Nikole Tesle 36,Savski venac,,False,False,,,,,,,,,True,87,dup-5425643715532-5425645207991-5425645385233-5425645389272-5425645392386-5425645685233-5425645728758-5425645809867-5425646220838-5425646232969-5425646300512-5425646334577-5425646478847-5425646480585-5425646481232-5425646485440-5425646529995-5425646613222-5425646639273-5425646755013-5425646758252-5425646758306-5425646766477-5425646778795-5425646782812-5425646784840-5425646786314-5425646791087-5425646821339-5425646824088-5425646850533-5425646862690-5425646885410-5425646885410-5425646911901-5425646950289-5425646970681-5425647004782-5425647035339-5425647048931-5425647054205-5425647055337-5425647056834-5425647060884-5425647093727-5425647093727-5425647118443-5425647122162-5425647131799-5425647137401-5425647146496-5425647151079-5425647182857-5425647190718-5425647203373-5425647227787-5425647266012-5425647267784-5425647271048-5425647277479-5425647293441-5425647299598-5425647303837-5425647315819-5425647317471-5425647319622-5425647320884-5425647320884-5425647344617-5425647364056-5425647364564-5425647371407-5425647379953-5425647400312-5425647403682-5425647411253-5425647431442-5425647431809-5425647438893-5425647438893-5425647440521-5425647444952-5425647445072-5425647445072-5425647446175-5425647447993-5425647448493,"[""Owner"", ""Unknown""]",,,2026-07-27T08:24:48.778539+00:00,2,https://www.halooglasi.com/nekretnine/prodaja-stanova/bw-iris-80m2-3-0-2-garaze-lux/5425646766477?kid=1&sid=1785141015045,U pretrazi sajta možete željene oglase označiti kao izabrane i tako ih kasnije lakše pronaći. Želim da saznam više.
5425647293441,prodaja,BW Eden: ugaoni stan sa garažom,369900.0,369.900 €,4682.28,,79.0,3.0,,,,,,,,,Savski venac,,False,False,,,,,,,,,True,87,dup-5425643715532-5425645207991-5425645385233-5425645389272-5425645392386-5425645685233-5425645728758-5425645809867-5425646220838-5425646232969-5425646300512-5425646334577-5425646478847-5425646480585-5425646481232-5425646485440-5425646529995-5425646613222-5425646639273-5425646755013-5425646758252-5425646758306-5425646766477-5425646778795-5425646782812-5425646784840-5425646786314-5425646791087-5425646821339-5425646824088-5425646850533-5425646862690-5425646885410-5425646885410-5425646911901-5425646950289-5425646970681-5425647004782-5425647035339-5425647048931-5425647054205-5425647055337-5425647056834-5425647060884-5425647093727-5425647093727-5425647118443-5425647122162-5425647131799-5425647137401-5425647146496-5425647151079-5425647182857-5425647190718-5425647203373-5425647227787-5425647266012-5425647267784-5425647271048-5425647277479-5425647293441-5425647299598-5425647303837-5425647315819-5425647317471-5425647319622-5425647320884-5425647320884-5425647344617-5425647364056-5425647364564-5425647371407-5425647379953-5425647400312-5425647403682-5425647411253-5425647431442-5425647431809-5425647438893-5425647438893-5425647440521-5425647444952-5425647445072-5425647445072-5425647446175-5425647447993-5425647448493,"[""Owner"", ""Unknown""]",,,2026-07-27T08:24:48.778539+00:00,2,https://www.halooglasi.com/nekretnine/prodaja-stanova/bw-eden-ugaoni-stan-sa-garazom/5425647293441?kid=4&sid=1785141015045,U pretrazi sajta možete željene oglase označiti kao izabrane i tako ih kasnije lakše pronaći. Želim da saznam više.
5425647436494,prodaja,"Beograd na vodi, Bw Metropolitan, 102m²",560000.0,560.000 €,5492.89,,101.95,3.0,,,,,,,,Ulica Hercegovacka 14a,Savski venac,,False,False,,,,,,,,,True,5,dup-5425645901390-5425646941963-5425647179235-5425647417764-5425647436494,"[""Unknown""]",,,2026-07-27T08:24:48.778539+00:00,2,https://www.halooglasi.com/nekretnine/prodaja-stanova/beograd-na-vodi-bw-metropolitan-102m/5425647436494?kid=1&sid=1785141015045,U pretrazi sajta možete željene oglase označiti kao izabrane i tako ih kasnije lakše pronaći. Želim da saznam više.
5425644889605,prodaja,"BW Terraces, otvoren pogled na reku ID#3517",815000.0,815.000 €,8018.5,,101.64,3.0,,,,,,,,"Ulica Hercegovačka 23/209, Savski Venac",Savski venac,,False,,,,,,,,,,False,1,,[],,,2026-07-27T08:24:48.778539+00:00,2,https://www.halooglasi.com/nekretnine/prodaja-stanova/bw-terraces-otvoren-pogled-na-reku-id3517/5425644889605?kid=1&sid=1785141015045,U pretrazi sajta možete željene oglase označiti kao izabrane i tako ih kasnije lakše pronaći. Želim da saznam više.
5425645389272,prodaja,"BW Kings Park - Odlična pozicija, odmah useljivo",345000.0,345.000 €,4404.44,,78.33,3.0,,,,,,,,Ulica Hercegovačka 16,Savski venac,,False,False,,,,,,,,,True,87,dup-5425643715532-5425645207991-5425645385233-5425645389272-5425645392386-5425645685233-5425645728758-5425645809867-5425646220838-5425646232969-5425646300512-5425646334577-5425646478847-5425646480585-5425646481232-5425646485440-5425646529995-5425646613222-5425646639273-5425646755013-5425646758252-5425646758306-5425646766477-5425646778795-5425646782812-5425646784840-5425646786314-5425646791087-5425646821339-5425646824088-5425646850533-5425646862690-5425646885410-5425646885410-5425646911901-5425646950289-5425646970681-5425647004782-5425647035339-5425647048931-5425647054205-5425647055337-5425647056834-5425647060884-5425647093727-5425647093727-5425647118443-5425647122162-5425647131799-5425647137401-5425647146496-5425647151079-5425647182857-5425647190718-5425647203373-5425647227787-5425647266012-5425647267784-5425647271048-5425647277479-5425647293441-5425647299598-5425647303837-5425647315819-5425647317471-5425647319622-5425647320884-5425647320884-5425647344617-5425647364056-5425647364564-5425647371407-5425647379953-5425647400312-5425647403682-5425647411253-5425647431442-5425647431809-5425647438893-5425647438893-5425647440521-5425647444952-5425647445072-5425647445072-5425647446175-5425647447993-5425647448493,"[""Owner"", ""Unknown""]",,,2026-07-27T08:24:48.778539+00:00,2,https://www.halooglasi.com/nekretnine/prodaja-stanova/bw-kings-park---odlicna-pozicija-odmah-uselji/5425645389272?kid=4&sid=1785141015045,U pretrazi sajta možete željene oglase označiti kao izabrane i tako ih kasnije lakše pronaći. Želim da saznam više.
5425645804705,prodaja,"BW Quartet 1, 3.0-stan na VIII spratu",610000.0,610.000 €,5350.88,,114.0,3.0,,,,,,,,Ulica Maleška 28a,Savski venac,,False,True,,,,,,,,,True,26,dup-5425643813480-5425645654575-5425645804705-5425646236023-5425646507250-5425646656965-5425646728417-5425646821617-5425646856466-5425646867192-5425646970667-5425646978446-5425647054241-5425647059274-5425647064092-5425647077948-5425647096081-5425647107120-5425647111575-5425647135601-5425647165430-5425647165458-5425647202836-5425647202864-5425647324751-5425647387495,"[""Owner"", ""Unknown""]",,,2026-07-27T08:24:48.778539+00:00,2,https://www.halooglasi.com/nekretnine/prodaja-stanova/bw-quartet-1-3-0-stan-na-viii-spratu/5425645804705?kid=1&sid=1785141015045,U pretrazi sajta možete željene oglase označiti kao izabrane i tako ih kasnije lakše pronaći. Želim da saznam više.
5425647403682,prodaja,"BW Hudson, premium zgrada, bez provizije ID#4758",425000.0,425.000 €,5448.72,,78.0,3.0,,,,,,,,"Ulica Hercegovačka 23/209, Savski Venac",Savski venac,,False,False,,,,,,,,,True,87,dup-5425643715532-5425645207991-5425645385233-5425645389272-5425645392386-5425645685233-5425645728758-5425645809867-5425646220838-5425646232969-5425646300512-5425646334577-5425646478847-5425646480585-5425646481232-5425646485440-5425646529995-5425646613222-5425646639273-5425646755013-5425646758252-5425646758306-5425646766477-5425646778795-5425646782812-5425646784840-5425646786314-5425646791087-5425646821339-5425646824088-5425646850533-5425646862690-5425646885410-5425646885410-5425646911901-5425646950289-5425646970681-5425647004782-5425647035339-5425647048931-5425647054205-5425647055337-5425647056834-5425647060884-5425647093727-5425647093727-5425647118443-5425647122162-5425647131799-5425647137401-5425647146496-5425647151079-5425647182857-5425647190718-5425647203373-5425647227787-5425647266012-5425647267784-5425647271048-5425647277479-5425647293441-5425647299598-5425647303837-5425647315819-5425647317471-5425647319622-5425647320884-5425647320884-5425647344617-5425647364056-5425647364564-5425647371407-5425647379953-5425647400312-5425647403682-5425647411253-5425647431442-5425647431809-5425647438893-5425647438893-5425647440521-5425647444952-5425647445072-5425647445072-5425647446175-5425647447993-5425647448493,"[""Owner"", ""Unknown""]",,,2026-07-27T08:24:48.778539+00:00,2,https://www.halooglasi.com/nekretnine/prodaja-stanova/bw-hudson-premium-zgrada-bez-provizije-id4758/5425647403682?kid=1&sid=1785141015045,U pretrazi sajta možete željene oglase označiti kao izabrane i tako ih kasnije lakše pronaći. Želim da saznam više.
5425646850533,prodaja,"BW Iris, 80m2, 3.0, 2 garaže, lux",375000.0,375.000 €,4687.5,,80.0,3.0,,,,,,,,Ulica Bul. Nikole Tesle 36,Savski venac,,False,False,,,,,,,,,True,87,dup-5425643715532-5425645207991-5425645385233-5425645389272-5425645392386-5425645685233-5425645728758-5425645809867-5425646220838-5425646232969-5425646300512-5425646334577-5425646478847-5425646480585-5425646481232-5425646485440-5425646529995-5425646613222-5425646639273-5425646755013-5425646758252-5425646758306-5425646766477-5425646778795-5425646782812-5425646784840-5425646786314-5425646791087-5425646821339-5425646824088-5425646850533-5425646862690-5425646885410-5425646885410-5425646911901-5425646950289-5425646970681-5425647004782-5425647035339-5425647048931-5425647054205-5425647055337-5425647056834-5425647060884-5425647093727-5425647093727-5425647118443-5425647122162-5425647131799-5425647137401-5425647146496-5425647151079-5425647182857-5425647190718-5425647203373-5425647227787-5425647266012-5425647267784-5425647271048-5425647277479-5425647293441-5425647299598-5425647303837-5425647315819-5425647317471-5425647319622-5425647320884-5425647320884-5425647344617-5425647364056-5425647364564-5425647371407-5425647379953-5425647400312-5425647403682-5425647411253-5425647431442-5425647431809-5425647438893-5425647438893-5425647440521-5425647444952-5425647445072-5425647445072-5425647446175-5425647447993-5425647448493,"[""Owner"", ""Unknown""]",,,2026-07-27T08:24:48.778539+00:00,2,https://www.halooglasi.com/nekretnine/prodaja-stanova/bw-iris-80m2-3-0-2-garaze-lux/5425646850533?kid=1&sid=1785141015045,U pretrazi sajta možete željene oglase označiti kao izabrane i tako ih kasnije lakše pronaći. Želim da saznam više.
5425647118443,prodaja,"BW Scala, namešten",349500.0,349.500 €,4314.81,,81.0,3.0,,,,,,,,"Ulica Beograd, Sinđelićeva br. 5",Savski venac,,False,False,,,,,,,,,True,87,dup-5425643715532-5425645207991-5425645385233-5425645389272-5425645392386-5425645685233-5425645728758-5425645809867-5425646220838-5425646232969-5425646300512-5425646334577-5425646478847-5425646480585-5425646481232-5425646485440-5425646529995-5425646613222-5425646639273-5425646755013-5425646758252-5425646758306-5425646766477-5425646778795-5425646782812-5425646784840-5425646786314-5425646791087-5425646821339-5425646824088-5425646850533-5425646862690-5425646885410-5425646885410-5425646911901-5425646950289-5425646970681-5425647004782-5425647035339-5425647048931-5425647054205-5425647055337-5425647056834-5425647060884-5425647093727-5425647093727-5425647118443-5425647122162-5425647131799-5425647137401-5425647146496-5425647151079-5425647182857-5425647190718-5425647203373-5425647227787-5425647266012-5425647267784-5425647271048-5425647277479-5425647293441-5425647299598-5425647303837-5425647315819-5425647317471-5425647319622-5425647320884-5425647320884-5425647344617-5425647364056-5425647364564-5425647371407-5425647379953-5425647400312-5425647403682-5425647411253-5425647431442-5425647431809-5425647438893-5425647438893-5425647440521-5425647444952-5425647445072-5425647445072-5425647446175-5425647447993-5425647448493,"[""Owner"", ""Unknown""]",,,2026-07-27T08:24:48.778539+00:00,2,https://www.halooglasi.com/nekretnine/prodaja-stanova/bw-scala-namesten/5425647118443?kid=1&sid=1785141015045,U pretrazi sajta možete željene oglase označiti kao izabrane i tako ih kasnije lakše pronaći. Želim da saznam više.
5425646687135,prodaja,"BW Simfonija 2, lux namešten 3.0 stan, 69m2",345000.0,345.000 €,5000.0,,69.0,3.0,,,,,,,,Ulica Bulevar despota Stefana 64a,Savski venac,,False,False,,,,,,,,,True,15,dup-5425645739672-5425645739672-5425645741358-5425646687135-5425646868783-5425646881265-5425647041770-5425647054204-5425647060887-5425647241366-5425647255093-5425647325470-5425647349233-5425647349264-5425647361950,"[""Owner"", ""Unknown""]",,,2026-07-27T08:24:48.778539+00:00,2,https://www.halooglasi.com/nekretnine/prodaja-stanova/bw-simfonija-2-lux-namesten-3-0-stan-69m2/5425646687135?kid=1&sid=1785141015045,U pretrazi sajta možete željene oglase označiti kao izabrane i tako ih kasnije lakše pronaći. Želim da saznam više.
5425647285687,prodaja,BW Magnolia - Retka prilika u ovoj zgradi,585000.0,585.000 €,6428.57,,91.0,3.0,,,,,,,,Ulica Luke Ćelovića Trebinjca 18,Savski venac,,False,,,,,,,,,,False,1,,[],,,2026-07-27T08:24:48.778539+00:00,2,https://www.halooglasi.com/nekretnine/prodaja-stanova/bw-magnolia---retka-prilika-u-ovoj-zgradi/5425647285687?kid=4&sid=1785141015045,U pretrazi sajta možete željene oglase označiti kao izabrane i tako ih kasnije lakše pronaći. Želim da saznam više.
5425647054204,prodaja,"BW Iskra, pogled na grad ID#4476",335000.0,335.000 €,4926.47,,68.0,3.0,,,,,,,,"Ulica Hercegovačka 23/209, Savski Venac",Savski venac,,False,,,,,,,,,,True,15,dup-5425645739672-5425645739672-5425645741358-5425646687135-5425646868783-5425646881265-5425647041770-5425647054204-5425647060887-5425647241366-5425647255093-5425647325470-5425647349233-5425647349264-5425647361950,"[""Owner"", ""Unknown""]",,,2026-07-27T08:24:48.778539+00:00,2,https://www.halooglasi.com/nekretnine/prodaja-stanova/bw-iskra-pogled-na-grad-id4476/5425647054204?kid=1&sid=1785141015045,U pretrazi sajta možete željene oglase označiti kao izabrane i tako ih kasnije lakše pronaći. Želim da saznam više.
5425646862690,prodaja,3.0 stan u Bw Scala,367000.0,367.000 €,4518.59,,81.22,3.0,,,,,,,,Ulica Zlatiborska 43,Savski venac,,False,,,,,,,,,,True,87,dup-5425643715532-5425645207991-5425645385233-5425645389272-5425645392386-5425645685233-5425645728758-5425645809867-5425646220838-5425646232969-5425646300512-5425646334577-5425646478847-5425646480585-5425646481232-5425646485440-5425646529995-5425646613222-5425646639273-5425646755013-5425646758252-5425646758306-5425646766477-5425646778795-5425646782812-5425646784840-5425646786314-5425646791087-5425646821339-5425646824088-5425646850533-5425646862690-5425646885410-5425646885410-5425646911901-5425646950289-5425646970681-5425647004782-5425647035339-5425647048931-5425647054205-5425647055337-5425647056834-5425647060884-5425647093727-5425647093727-5425647118443-5425647122162-5425647131799-5425647137401-5425647146496-5425647151079-5425647182857-5425647190718-5425647203373-5425647227787-5425647266012-5425647267784-5425647271048-5425647277479-5425647293441-5425647299598-5425647303837-5425647315819-5425647317471-5425647319622-5425647320884-5425647320884-5425647344617-5425647364056-5425647364564-5425647371407-5425647379953-5425647400312-5425647403682-5425647411253-5425647431442-5425647431809-5425647438893-5425647438893-5425647440521-5425647444952-5425647445072-5425647445072-5425647446175-5425647447993-5425647448493,"[""Owner"", ""Unknown""]",,,2026-07-27T08:24:48.778539+00:00,2,https://www.halooglasi.com/nekretnine/prodaja-stanova/3-0-stan-u-bw-scala/5425646862690?kid=1&sid=1785141015045,U pretrazi sajta možete željene oglase označiti kao izabrane i tako ih kasnije lakše pronaći. Želim da saznam više.
5425645910670,prodaja,"Top ponuda , Savska preko puta BW 43m2",105000.0,105.000 €,2441.86,,43.0,3.0,,,,,,,,Ulica Mirijevski bulevar 92,Savski venac,,False,False,,,,,,,,,True,2,dup-5425645910670-5425646027320,"[""Unknown""]",,,2026-07-27T08:24:48.778539+00:00,2,https://www.halooglasi.com/nekretnine/prodaja-stanova/top-ponuda-savska-preko-puta-bw-43m2/5425645910670?kid=1&sid=1785141015045,U pretrazi sajta možete željene oglase označiti kao izabrane i tako ih kasnije lakše pronaći. Želim da saznam više.
5425647436505,prodaja,"BW Victoria, dvostrana orijentacija, otvoren pogle",665000.0,665.000 €,6927.08,,96.0,3.0,,,,,,,,"Ulica Hercegovačka 23/209, Savski Venac",Savski venac,,False,,,,,,,,,,True,3,dup-5425646921152-5425647423829-5425647436505,"[""Unknown""]",,,2026-07-27T08:24:48.778539+00:00,2,https://www.halooglasi.com/nekretnine/prodaja-stanova/bw-victoria-dvostrana-orijentacija-otvoren-po/5425647436505?kid=1&sid=1785141015045,U pretrazi sajta možete željene oglase označiti kao izabrane i tako ih kasnije lakše pronaći. Želim da saznam više.
5425647106197,prodaja,BW Riviera-Sava Promenada-fantastična prilika! ID#,820000.0,820.000 €,6840.74,,119.87,3.0,,,,,,,,"Ulica Kneza Mihaila 7/1, Beograd",Savski venac,,False,,,,,,,,,,True,2,dup-5425645882901-5425647106197,"[""Owner"", ""Unknown""]",,,2026-07-27T08:24:48.778539+00:00,2,https://www.halooglasi.com/nekretnine/prodaja-stanova/bw-riviera-sava-promenada-fantasticna-prilika/5425647106197?kid=4&sid=1785141015045,U pretrazi sajta možete željene oglase označiti kao izabrane i tako ih kasnije lakše pronaći. Želim da saznam više.
5425647055337,prodaja,Bw Eden 3.0 odlična prilika,345000.0,345.000 €,4367.09,,79.0,3.0,,,,,,,,Ulica Šumatovačka 36,Savski venac,,False,False,,,,,,,,,True,87,dup-5425643715532-5425645207991-5425645385233-5425645389272-5425645392386-5425645685233-5425645728758-5425645809867-5425646220838-5425646232969-5425646300512-5425646334577-5425646478847-5425646480585-5425646481232-5425646485440-5425646529995-5425646613222-5425646639273-5425646755013-5425646758252-5425646758306-5425646766477-5425646778795-5425646782812-5425646784840-5425646786314-5425646791087-5425646821339-5425646824088-5425646850533-5425646862690-5425646885410-5425646885410-5425646911901-5425646950289-5425646970681-5425647004782-5425647035339-5425647048931-5425647054205-5425647055337-5425647056834-5425647060884-5425647093727-5425647093727-5425647118443-5425647122162-5425647131799-5425647137401-5425647146496-5425647151079-5425647182857-5425647190718-5425647203373-5425647227787-5425647266012-5425647267784-5425647271048-5425647277479-5425647293441-5425647299598-5425647303837-5425647315819-5425647317471-5425647319622-5425647320884-5425647320884-5425647344617-5425647364056-5425647364564-5425647371407-5425647379953-5425647400312-5425647403682-5425647411253-5425647431442-5425647431809-5425647438893-5425647438893-5425647440521-5425647444952-5425647445072-5425647445072-5425647446175-5425647447993-5425647448493,"[""Owner"", ""Unknown""]",,,2026-07-27T08:24:48.778539+00:00,2,https://www.halooglasi.com/nekretnine/prodaja-stanova/bw-eden-3-0-odlicna-prilika/5425647055337?kid=4&sid=1785141015045,U pretrazi sajta možete željene oglase označiti kao izabrane i tako ih kasnije lakše pronaći. Želim da saznam više.
5425646847283,prodaja,Dizajnerski namešten stan,1800000.0,1.800.000 €,9848.44,,182.77,3.0,,,,,,,,Ulica Zlatiborska 43,Savski venac,,False,,,,,,,,,,False,1,,[],,,2026-07-27T08:24:48.778539+00:00,2,https://www.halooglasi.com/nekretnine/prodaja-stanova/dizajnerski-namesten-stan/5425646847283?kid=1&sid=1785141015045,U pretrazi sajta možete željene oglase označiti kao izabrane i tako ih kasnije lakše pronaći. Želim da saznam više.
5425646300512,prodaja,Bw Quartet4 Pogled na Kulu,365000.0,365.000 €,4679.49,,78.0,3.0,,,,,,,,Ulica Šumatovačka 36,Savski venac,,False,False,,,,,,,,,True,87,dup-5425643715532-5425645207991-5425645385233-5425645389272-5425645392386-5425645685233-5425645728758-5425645809867-5425646220838-5425646232969-5425646300512-5425646334577-5425646478847-5425646480585-5425646481232-5425646485440-5425646529995-5425646613222-5425646639273-5425646755013-5425646758252-5425646758306-5425646766477-5425646778795-5425646782812-5425646784840-5425646786314-5425646791087-5425646821339-5425646824088-5425646850533-5425646862690-5425646885410-5425646885410-5425646911901-5425646950289-5425646970681-5425647004782-5425647035339-5425647048931-5425647054205-5425647055337-5425647056834-5425647060884-5425647093727-5425647093727-5425647118443-5425647122162-5425647131799-5425647137401-5425647146496-5425647151079-5425647182857-5425647190718-5425647203373-5425647227787-5425647266012-5425647267784-5425647271048-5425647277479-5425647293441-5425647299598-5425647303837-5425647315819-5425647317471-5425647319622-5425647320884-5425647320884-5425647344617-5425647364056-5425647364564-5425647371407-5425647379953-5425647400312-5425647403682-5425647411253-5425647431442-5425647431809-5425647438893-5425647438893-5425647440521-5425647444952-5425647445072-5425647445072-5425647446175-5425647447993-5425647448493,"[""Owner"", ""Unknown""]",,,2026-07-27T08:24:48.778539+00:00,2,https://www.halooglasi.com/nekretnine/prodaja-stanova/bw-quartet4-pogled-na-kulu/5425646300512?kid=4&sid=1785141015045,U pretrazi sajta možete željene oglase označiti kao izabrane i tako ih kasnije lakše pronaći. Želim da saznam više.
5425646529995,prodaja,"BW Lena, pored reke, bez provizije ID#4302",416871.0,416.871 €,5210.89,,80.0,3.0,,,,,,,,"Ulica Hercegovačka 23/209, Savski Venac",Savski venac,,False,,,,,,,,,,True,87,dup-5425643715532-5425645207991-5425645385233-5425645389272-5425645392386-5425645685233-5425645728758-5425645809867-5425646220838-5425646232969-5425646300512-5425646334577-5425646478847-5425646480585-5425646481232-5425646485440-5425646529995-5425646613222-5425646639273-5425646755013-5425646758252-5425646758306-5425646766477-5425646778795-5425646782812-5425646784840-5425646786314-5425646791087-5425646821339-5425646824088-5425646850533-5425646862690-5425646885410-5425646885410-5425646911901-5425646950289-5425646970681-5425647004782-5425647035339-5425647048931-5425647054205-5425647055337-5425647056834-5425647060884-5425647093727-5425647093727-5425647118443-5425647122162-5425647131799-5425647137401-5425647146496-5425647151079-5425647182857-5425647190718-5425647203373-5425647227787-5425647266012-5425647267784-5425647271048-5425647277479-5425647293441-5425647299598-5425647303837-5425647315819-5425647317471-5425647319622-5425647320884-5425647320884-5425647344617-5425647364056-5425647364564-5425647371407-5425647379953-5425647400312-5425647403682-5425647411253-5425647431442-5425647431809-5425647438893-5425647438893-5425647440521-5425647444952-5425647445072-5425647445072-5425647446175-5425647447993-5425647448493,"[""Owner"", ""Unknown""]",,,2026-07-27T08:24:48.778539+00:00,2,https://www.halooglasi.com/nekretnine/prodaja-stanova/bw-lena-pored-reke-bez-provizije-id4302/5425646529995?kid=1&sid=1785141015045,U pretrazi sajta možete željene oglase označiti kao izabrane i tako ih kasnije lakše pronaći. Želim da saznam više.
5425647423680,prodaja,"Direktan pogled na reku, Bw Victoria",665000.0,665.000 €,6584.16,,101.0,3.0,,,,,,,,Ulica Milutina Milankovića 11g,Savski venac,,False,False,,,,,,,,,True,5,dup-5425646225900-5425646942399-5425647214426-5425647423622-5425647423680,"[""Owner"", ""Unknown""]",,,2026-07-27T08:24:48.778539+00:00,2,https://www.halooglasi.com/nekretnine/prodaja-stanova/direktan-pogled-na-reku-bw-victoria/5425647423680?kid=4&sid=1785141015045,U pretrazi sajta možete željene oglase označiti kao izabrane i tako ih kasnije lakše pronaći. Želim da saznam više.
5425647324792,prodaja,"Bw Bristol Residences , 3.0 , 93 m2",560000.0,560.000 €,6043.6,,92.66,3.0,,,,,,BW Residence,,Ulica Hercegovacka 14a,Savski venac,,False,False,,,,,,,,,False,1,,[],,,2026-07-27T08:24:48.778539+00:00,2,https://www.halooglasi.com/nekretnine/prodaja-stanova/bw-bristol-residences-3-0-93-m2/5425647324792?kid=1&sid=1785141015045,U pretrazi sajta možete željene oglase označiti kao izabrane i tako ih kasnije lakše pronaći. Želim da saznam više.
5425647429056,prodaja,BW-Beograd na vodi-Trosoban-Garažno mesto ID#3285,387000.0,387.000 €,4448.28,,87.0,3.0,3.0,3-Bedroom,,,,,,"Ulica Uroša Martinovića 23/17, Beograd",Savski venac,,False,False,,,,,,,,,True,12,dup-5425646435640-5425647006614-5425647006614-5425647059275-5425647066407-5425647163578-5425647303654-5425647303656-5425647325597-5425647374917-5425647429056-5425647431400,"[""Unknown""]",,,2026-07-27T08:24:48.778539+00:00,2,https://www.halooglasi.com/nekretnine/prodaja-stanova/bw-beograd-na-vodi-trosoban-garazno-mesto-id3/5425647429056?kid=3&sid=1785141015045,U pretrazi sajta možete željene oglase označiti kao izabrane i tako ih kasnije lakše pronaći. Želim da saznam više.
5425647435343,prodaja,BW Perla 07 | Beograd na vodi | Prvoklasan stan |,750000.0,750.000 €,6767.73,,110.82,3.0,,,,,,,,,Savski venac,,False,,,,,,,,,,True,8,dup-5425645290982-5425646917155-5425646982526-5425647032412-5425647064091-5425647175233-5425647177812-5425647435343,"[""Unknown""]",,,2026-07-27T08:24:48.778539+00:00,1,https://www.halooglasi.com/nekretnine/prodaja-stanova/bw-perla-07-beograd-na-vodi-prvoklasan-stan/5425647435343?kid=1&sid=1785141015045,U pretrazi sajta možete željene oglase označiti kao izabrane i tako ih kasnije lakše pronaći. Želim da saznam više.
5425647093727,prodaja,Snižena cena- Najpovoljniji stan u BW,343000.0,343.000 €,4397.44,,78.0,3.0,,,,,,,,Ulica Hercegovačka 15,Savski venac,,False,False,,,,,,,,,True,87,dup-5425643715532-5425645207991-5425645385233-5425645389272-5425645392386-5425645685233-5425645728758-5425645809867-5425646220838-5425646232969-5425646300512-5425646334577-5425646478847-5425646480585-5425646481232-5425646485440-5425646529995-5425646613222-5425646639273-5425646755013-5425646758252-5425646758306-5425646766477-5425646778795-5425646782812-5425646784840-5425646786314-5425646791087-5425646821339-5425646824088-5425646850533-5425646862690-5425646885410-5425646885410-5425646911901-5425646950289-5425646970681-5425647004782-5425647035339-5425647048931-5425647054205-5425647055337-5425647056834-5425647060884-5425647093727-5425647093727-5425647118443-5425647122162-5425647131799-5425647137401-5425647146496-5425647151079-5425647182857-5425647190718-5425647203373-5425647227787-5425647266012-5425647267784-5425647271048-5425647277479-5425647293441-5425647299598-5425647303837-5425647315819-5425647317471-5425647319622-5425647320884-5425647320884-5425647344617-5425647364056-5425647364564-5425647371407-5425647379953-5425647400312-5425647403682-5425647411253-5425647431442-5425647431809-5425647438893-5425647438893-5425647440521-5425647444952-5425647445072-5425647445072-5425647446175-5425647447993-5425647448493,"[""Owner"", ""Unknown""]",,,2026-07-27T08:24:48.778539+00:00,2,https://www.halooglasi.com/nekretnine/prodaja-stanova/snizena-cena--najpovoljniji-stan-u-bw/5425647093727?kid=3&sid=1785141015045,U pretrazi sajta možete željene oglase označiti kao izabrane i tako ih kasnije lakše pronaći. Želim da saznam više.
5425647179235,prodaja,"Beograd na vodi, zgrada Victoria , 100m2",585000.0,585.000 €,5809.91,,100.69,3.0,,,,,,,,Ulica Hercegovacka 14a,Savski venac,,False,,,,,,,,,,True,5,dup-5425645901390-5425646941963-5425647179235-5425647417764-5425647436494,"[""Unknown""]",,,2026-07-27T08:24:48.778539+00:00,2,https://www.halooglasi.com/nekretnine/prodaja-stanova/beograd-na-vodi-zgrada-victoria-100m2/5425647179235?kid=1&sid=1785141015045,U pretrazi sajta možete željene oglase označiti kao izabrane i tako ih kasnije lakše pronaći. Želim da saznam više.
5425645165102,prodaja,Spektakularan trosoban stan u Kuli Beograd,838400.0,838.400 €,9636.78,,87.0,3.0,3.0,3-Bedroom,,,,Kula Beograd,Kula Beograd,Ulica Bulevar Mihajla Pupina 165g,Savski venac,,False,,,,,,,,,,False,1,,[],,,2026-07-27T08:24:48.778539+00:00,2,https://www.halooglasi.com/nekretnine/prodaja-stanova/spektakularan-trosoban-stan-u-kuli-beograd/5425645165102?kid=1&sid=1785141015045,U pretrazi sajta možete željene oglase označiti kao izabrane i tako ih kasnije lakše pronaći. Želim da saznam više.
5425647190718,prodaja,Bw Scala lux opremljen stan,421000.0,421.000 €,5197.53,,81.0,3.0,,,,,,,,Ulica Patrijarha Varnave 20,Savski venac,,False,False,,,,,,,,,True,87,dup-5425643715532-5425645207991-5425645385233-5425645389272-5425645392386-5425645685233-5425645728758-5425645809867-5425646220838-5425646232969-5425646300512-5425646334577-5425646478847-5425646480585-5425646481232-5425646485440-5425646529995-5425646613222-5425646639273-5425646755013-5425646758252-5425646758306-5425646766477-5425646778795-5425646782812-5425646784840-5425646786314-5425646791087-5425646821339-5425646824088-5425646850533-5425646862690-5425646885410-5425646885410-5425646911901-5425646950289-5425646970681-5425647004782-5425647035339-5425647048931-5425647054205-5425647055337-5425647056834-5425647060884-5425647093727-5425647093727-5425647118443-5425647122162-5425647131799-5425647137401-5425647146496-5425647151079-5425647182857-5425647190718-5425647203373-5425647227787-5425647266012-5425647267784-5425647271048-5425647277479-5425647293441-5425647299598-5425647303837-5425647315819-5425647317471-5425647319622-5425647320884-5425647320884-5425647344617-5425647364056-5425647364564-5425647371407-5425647379953-5425647400312-5425647403682-5425647411253-5425647431442-5425647431809-5425647438893-5425647438893-5425647440521-5425647444952-5425647445072-5425647445072-5425647446175-5425647447993-5425647448493,"[""Owner"", ""Unknown""]",,,2026-07-27T08:24:48.778539+00:00,2,https://www.halooglasi.com/nekretnine/prodaja-stanova/bw-scala-lux-opremljen-stan/5425647190718?kid=1&sid=1785141015045,U pretrazi sajta možete željene oglase označiti kao izabrane i tako ih kasnije lakše pronaći. Želim da saznam više.
5425646992428,prodaja,BW Quartet 3 25 | Beograd na vodi | Privatno dvor,387000.0,387.000 €,4031.25,,96.0,3.0,,,,,,,,,Savski venac,,False,,,,,,,,,,False,1,,[],,,2026-07-27T08:24:48.778539+00:00,2,https://www.halooglasi.com/nekretnine/prodaja-stanova/bw-quartet-3-25-beograd-na-vodi-privatno-dvor/5425646992428?kid=1&sid=1785141015045,U pretrazi sajta možete željene oglase označiti kao izabrane i tako ih kasnije lakše pronaći. Želim da saznam više.
5425646758306,prodaja,"BW Kings Park, kompletno namešten, odmah useljiv",425000.0,425.000 €,5379.75,,79.0,3.0,,,,,,,,"Ulica Hercegovačka 23/209, Savski Venac",Savski venac,,False,False,,,,,,,,,True,87,dup-5425643715532-5425645207991-5425645385233-5425645389272-5425645392386-5425645685233-5425645728758-5425645809867-5425646220838-5425646232969-5425646300512-5425646334577-5425646478847-5425646480585-5425646481232-5425646485440-5425646529995-5425646613222-5425646639273-5425646755013-5425646758252-5425646758306-5425646766477-5425646778795-5425646782812-5425646784840-5425646786314-5425646791087-5425646821339-5425646824088-5425646850533-5425646862690-5425646885410-5425646885410-5425646911901-5425646950289-5425646970681-5425647004782-5425647035339-5425647048931-5425647054205-5425647055337-5425647056834-5425647060884-5425647093727-5425647093727-5425647118443-5425647122162-5425647131799-5425647137401-5425647146496-5425647151079-5425647182857-5425647190718-5425647203373-5425647227787-5425647266012-5425647267784-5425647271048-5425647277479-5425647293441-5425647299598-5425647303837-5425647315819-5425647317471-5425647319622-5425647320884-5425647320884-5425647344617-5425647364056-5425647364564-5425647371407-5425647379953-5425647400312-5425647403682-5425647411253-5425647431442-5425647431809-5425647438893-5425647438893-5425647440521-5425647444952-5425647445072-5425647445072-5425647446175-5425647447993-5425647448493,"[""Owner"", ""Unknown""]",,,2026-07-27T08:24:48.778539+00:00,2,https://www.halooglasi.com/nekretnine/prodaja-stanova/bw-kings-park-kompletno-namesten-odmah-uselji/5425646758306?kid=1&sid=1785141015045,U pretrazi sajta možete željene oglase označiti kao izabrane i tako ih kasnije lakše pronaći. Želim da saznam više.
5425645728758,prodaja,"Bw Aria Trosoban, Odmah Useljiv",345000.0,345.000 €,4207.32,,82.0,3.0,3.0,3-Bedroom,,,,,,Ulica Šumatovačka 36,Savski venac,,False,False,,,,,,,,,True,87,dup-5425643715532-5425645207991-5425645385233-5425645389272-5425645392386-5425645685233-5425645728758-5425645809867-5425646220838-5425646232969-5425646300512-5425646334577-5425646478847-5425646480585-5425646481232-5425646485440-5425646529995-5425646613222-5425646639273-5425646755013-5425646758252-5425646758306-5425646766477-5425646778795-5425646782812-5425646784840-5425646786314-5425646791087-5425646821339-5425646824088-5425646850533-5425646862690-5425646885410-5425646885410-5425646911901-5425646950289-5425646970681-5425647004782-5425647035339-5425647048931-5425647054205-5425647055337-5425647056834-5425647060884-5425647093727-5425647093727-5425647118443-5425647122162-5425647131799-5425647137401-5425647146496-5425647151079-5425647182857-5425647190718-5425647203373-5425647227787-5425647266012-5425647267784-5425647271048-5425647277479-5425647293441-5425647299598-5425647303837-5425647315819-5425647317471-5425647319622-5425647320884-5425647320884-5425647344617-5425647364056-5425647364564-5425647371407-5425647379953-5425647400312-5425647403682-5425647411253-5425647431442-5425647431809-5425647438893-5425647438893-5425647440521-5425647444952-5425647445072-5425647445072-5425647446175-5425647447993-5425647448493,"[""Owner"", ""Unknown""]",,,2026-07-27T08:24:48.778539+00:00,2,https://www.halooglasi.com/nekretnine/prodaja-stanova/bw-aria-trosoban-odmah-useljiv/5425645728758?kid=1&sid=1785141015045,U pretrazi sajta možete željene oglase označiti kao izabrane i tako ih kasnije lakše pronaći. Želim da saznam više.
5425647137401,prodaja,Panoramski pogled na reku i park - BW Eden,365000.0,365.000 €,4620.25,,79.0,3.0,,,,,,,,Ulica Bulevar Mihajla Pupina 165g,Savski venac,,False,,,,,,,,,,True,87,dup-5425643715532-5425645207991-5425645385233-5425645389272-5425645392386-5425645685233-5425645728758-5425645809867-5425646220838-5425646232969-5425646300512-5425646334577-5425646478847-5425646480585-5425646481232-5425646485440-5425646529995-5425646613222-5425646639273-5425646755013-5425646758252-5425646758306-5425646766477-5425646778795-5425646782812-5425646784840-5425646786314-5425646791087-5425646821339-5425646824088-5425646850533-5425646862690-5425646885410-5425646885410-5425646911901-5425646950289-5425646970681-5425647004782-5425647035339-5425647048931-5425647054205-5425647055337-5425647056834-5425647060884-5425647093727-5425647093727-5425647118443-5425647122162-5425647131799-5425647137401-5425647146496-5425647151079-5425647182857-5425647190718-5425647203373-5425647227787-5425647266012-5425647267784-5425647271048-5425647277479-5425647293441-5425647299598-5425647303837-5425647315819-5425647317471-5425647319622-5425647320884-5425647320884-5425647344617-5425647364056-5425647364564-5425647371407-5425647379953-5425647400312-5425647403682-5425647411253-5425647431442-5425647431809-5425647438893-5425647438893-5425647440521-5425647444952-5425647445072-5425647445072-5425647446175-5425647447993-5425647448493,"[""Owner"", ""Unknown""]",,,2026-07-27T08:24:48.778539+00:00,2,https://www.halooglasi.com/nekretnine/prodaja-stanova/panoramski-pogled-na-reku-i-park---bw-eden/5425647137401?kid=1&sid=1785141015045,U pretrazi sajta možete željene oglase označiti kao izabrane i tako ih kasnije lakše pronaći. Želim da saznam više.
5425645882901,prodaja,Luksuz bez premca - BW Kula St. Regis trosoban sta,832860.0,832.860 €,6998.82,,119.0,3.0,3.0,3-Bedroom,,,,,,Ulica Bulevar Mihajla Pupina 165g,Savski venac,,True,,,,,,,,,,True,2,dup-5425645882901-5425647106197,"[""Owner"", ""Unknown""]",,,2026-07-27T08:24:48.778539+00:00,2,https://www.halooglasi.com/nekretnine/prodaja-stanova/luksuz-bez-premca---bw-kula-st-regis-trosoban/5425645882901?kid=1&sid=1785141015045,U pretrazi sajta možete željene oglase označiti kao izabrane i tako ih kasnije lakše pronaći. Želim da saznam više.
5425645728797,prodaja,"Beograd na vodi, Bw Perla, 118m2",750000.0,750.000 €,6365.1,,117.83,3.0,,,,,,,,Ulica Hercegovacka 14a,Savski venac,,False,,,,,,,,,,True,6,dup-5425645728797-5425647097390-5425647131821-5425647174483-5425647298786-5425647362339,"[""Unknown""]",,,2026-07-27T08:24:48.778539+00:00,2,https://www.halooglasi.com/nekretnine/prodaja-stanova/beograd-na-vodi-bw-perla-118m2/5425645728797?kid=1&sid=1785141015045,U pretrazi sajta možete željene oglase označiti kao izabrane i tako ih kasnije lakše pronaći. Želim da saznam više.
5425645301292,prodaja,"Beograd na vodi, zgrada Bw Residences, 158m2",795000.0,795.000 €,5031.65,,158.0,3.0,,,,,,BW Residence,,Ulica Hercegovacka 14a,Savski venac,,False,,,,,,,,,,False,1,,[],,,2026-07-27T08:24:48.778539+00:00,2,https://www.halooglasi.com/nekretnine/prodaja-stanova/beograd-na-vodi-zgrada-bw-residences-158m2/5425645301292?kid=1&sid=1785141015045,U pretrazi sajta možete željene oglase označiti kao izabrane i tako ih kasnije lakše pronaći. Želim da saznam više.
5425647059275,prodaja,"BW Topaz, prva linija do reke, bez provizije za kl",416871.0,416.871 €,4683.94,,89.0,3.0,,,,,,,,"Ulica Hercegovačka 23/209, Savski Venac",Savski venac,,False,False,,,,,,,,,True,12,dup-5425646435640-5425647006614-5425647006614-5425647059275-5425647066407-5425647163578-5425647303654-5425647303656-5425647325597-5425647374917-5425647429056-5425647431400,"[""Unknown""]",,,2026-07-27T08:24:48.778539+00:00,2,https://www.halooglasi.com/nekretnine/prodaja-stanova/bw-topaz-prva-linija-do-reke-bez-provizije-za/5425647059275?kid=1&sid=1785141015045,U pretrazi sajta možete željene oglase označiti kao izabrane i tako ih kasnije lakše pronaći. Želim da saznam više.
5425647299598,prodaja,"Beograd na vodi / 3,0 s, 82 m2, lux uređen",387000.0,387.000 €,4719.51,,82.0,3.0,,,,,,,,"Ulica Jurija Gagarina 14-E lokal br. 5, Novi Beogra",Savski venac,,False,True,,,,,,,,,True,87,dup-5425643715532-5425645207991-5425645385233-5425645389272-5425645392386-5425645685233-5425645728758-5425645809867-5425646220838-5425646232969-5425646300512-5425646334577-5425646478847-5425646480585-5425646481232-5425646485440-5425646529995-5425646613222-5425646639273-5425646755013-5425646758252-5425646758306-5425646766477-5425646778795-5425646782812-5425646784840-5425646786314-5425646791087-5425646821339-5425646824088-5425646850533-5425646862690-5425646885410-5425646885410-5425646911901-5425646950289-5425646970681-5425647004782-5425647035339-5425647048931-5425647054205-5425647055337-5425647056834-5425647060884-5425647093727-5425647093727-5425647118443-5425647122162-5425647131799-5425647137401-5425647146496-5425647151079-5425647182857-5425647190718-5425647203373-5425647227787-5425647266012-5425647267784-5425647271048-5425647277479-5425647293441-5425647299598-5425647303837-5425647315819-5425647317471-5425647319622-5425647320884-5425647320884-5425647344617-5425647364056-5425647364564-5425647371407-5425647379953-5425647400312-5425647403682-5425647411253-5425647431442-5425647431809-5425647438893-5425647438893-5425647440521-5425647444952-5425647445072-5425647445072-5425647446175-5425647447993-5425647448493,"[""Owner"", ""Unknown""]",,,2026-07-27T08:24:48.778539+00:00,2,https://www.halooglasi.com/nekretnine/prodaja-stanova/beograd-na-vodi-3-0-s-82-m2-lux-uredjen/5425647299598?kid=1&sid=1785141015045,U pretrazi sajta možete željene oglase označiti kao izabrane i tako ih kasnije lakše pronaći. Želim da saznam više.
5425646824088,prodaja,"Bw Nika, 3.0 Top Cena!",335000.0,335.000 €,4437.67,,75.49,3.0,,,,,,,,Ulica Šumatovačka 36,Savski venac,,False,,,,,,,,,,True,87,dup-5425643715532-5425645207991-5425645385233-5425645389272-5425645392386-5425645685233-5425645728758-5425645809867-5425646220838-5425646232969-5425646300512-5425646334577-5425646478847-5425646480585-5425646481232-5425646485440-5425646529995-5425646613222-5425646639273-5425646755013-5425646758252-5425646758306-5425646766477-5425646778795-5425646782812-5425646784840-5425646786314-5425646791087-5425646821339-5425646824088-5425646850533-5425646862690-5425646885410-5425646885410-5425646911901-5425646950289-5425646970681-5425647004782-5425647035339-5425647048931-5425647054205-5425647055337-5425647056834-5425647060884-5425647093727-5425647093727-5425647118443-5425647122162-5425647131799-5425647137401-5425647146496-5425647151079-5425647182857-5425647190718-5425647203373-5425647227787-5425647266012-5425647267784-5425647271048-5425647277479-5425647293441-5425647299598-5425647303837-5425647315819-5425647317471-5425647319622-5425647320884-5425647320884-5425647344617-5425647364056-5425647364564-5425647371407-5425647379953-5425647400312-5425647403682-5425647411253-5425647431442-5425647431809-5425647438893-5425647438893-5425647440521-5425647444952-5425647445072-5425647445072-5425647446175-5425647447993-5425647448493,"[""Owner"", ""Unknown""]",,,2026-07-27T08:24:48.778539+00:00,2,https://www.halooglasi.com/nekretnine/prodaja-stanova/bw-nika-3-0-top-cena/5425646824088?kid=4&sid=1785141015045,U pretrazi sajta možete željene oglase označiti kao izabrane i tako ih kasnije lakše pronaći. Želim da saznam više.
5425645253410,prodaja,"Beograd na vodi, sa garažnim mestom",759000.0,759.000 €,8074.47,,94.0,3.0,,,,,,,,"Ulica Beograd, Sinđelićeva br. 5",Savski venac,,False,False,,,,,,,,,False,1,,[],,,2026-07-27T08:24:48.778539+00:00,2,https://www.halooglasi.com/nekretnine/prodaja-stanova/beograd-na-vodi-sa-garaznim-mestom/5425645253410?kid=1&sid=1785141015045,U pretrazi sajta možete željene oglase označiti kao izabrane i tako ih kasnije lakše pronaći. Želim da saznam više.
5425647438893,prodaja,"Jedinstven trosoban, renoviran, sa garažom, BW ID#",369900.0,369.900 €,4502.19,,82.16,3.0,3.0,3-Bedroom,,,,,,"Ulica Antifašističke borbe 23G/7, Beograd",Savski venac,,False,False,,,,,,,,,True,87,dup-5425643715532-5425645207991-5425645385233-5425645389272-5425645392386-5425645685233-5425645728758-5425645809867-5425646220838-5425646232969-5425646300512-5425646334577-5425646478847-5425646480585-5425646481232-5425646485440-5425646529995-5425646613222-5425646639273-5425646755013-5425646758252-5425646758306-5425646766477-5425646778795-5425646782812-5425646784840-5425646786314-5425646791087-5425646821339-5425646824088-5425646850533-5425646862690-5425646885410-5425646885410-5425646911901-5425646950289-5425646970681-5425647004782-5425647035339-5425647048931-5425647054205-5425647055337-5425647056834-5425647060884-5425647093727-5425647093727-5425647118443-5425647122162-5425647131799-5425647137401-5425647146496-5425647151079-5425647182857-5425647190718-5425647203373-5425647227787-5425647266012-5425647267784-5425647271048-5425647277479-5425647293441-5425647299598-5425647303837-5425647315819-5425647317471-5425647319622-5425647320884-5425647320884-5425647344617-5425647364056-5425647364564-5425647371407-5425647379953-5425647400312-5425647403682-5425647411253-5425647431442-5425647431809-5425647438893-5425647438893-5425647440521-5425647444952-5425647445072-5425647445072-5425647446175-5425647447993-5425647448493,"[""Owner"", ""Unknown""]",,,2026-07-27T08:24:48.778539+00:00,2,https://www.halooglasi.com/nekretnine/prodaja-stanova/jedinstven-trosoban-renoviran-sa-garazom-bw-i/5425647438893?kid=4&sid=1785141015045,U pretrazi sajta možete željene oglase označiti kao izabrane i tako ih kasnije lakše pronaći. Želim da saznam više.
5425647325470,prodaja,BW Aqua | 23. sprat | Panoramski pogled | 68m2,375000.0,375.000 €,5514.71,,68.0,3.0,,,,,,,,Ulica Sarajevska 40,Savski venac,,False,False,,,,,,,,,True,15,dup-5425645739672-5425645739672-5425645741358-5425646687135-5425646868783-5425646881265-5425647041770-5425647054204-5425647060887-5425647241366-5425647255093-5425647325470-5425647349233-5425647349264-5425647361950,"[""Owner"", ""Unknown""]",,,2026-07-27T08:24:48.778539+00:00,2,https://www.halooglasi.com/nekretnine/prodaja-stanova/bw-aqua-23-sprat-panoramski-pogled-68m2/5425647325470?kid=4&sid=1785141015045,U pretrazi sajta možete željene oglase označiti kao izabrane i tako ih kasnije lakše pronaći. Želim da saznam više.
5425646973174,prodaja,Luksuzan stan sa dve spavaće sobe - BW Hudson,435000.0,435.000 €,4531.25,,96.0,3.0,,,,,,,,Ulica Bulevar Mihajla Pupina 165g,Savski venac,,False,False,,,,,,,,,True,3,dup-5425646973174-5425647056814-5425647431432,"[""Unknown""]",,,2026-07-27T08:24:48.778539+00:00,2,https://www.halooglasi.com/nekretnine/prodaja-stanova/luksuzan-stan-sa-dve-spavace-sobe---bw-hudson/5425646973174?kid=1&sid=1785141015045,U pretrazi sajta možete željene oglase označiti kao izabrane i tako ih kasnije lakše pronaći. Želim da saznam više.
5425646950289,prodaja,BW KING 3.0 - Lux opremljen,345000.0,345.000 €,4480.52,,77.0,3.0,,,,,,,,Ulica Majke Jevrosime 50,Savski venac,,False,False,,,,,,,,,True,87,dup-5425643715532-5425645207991-5425645385233-5425645389272-5425645392386-5425645685233-5425645728758-5425645809867-5425646220838-5425646232969-5425646300512-5425646334577-5425646478847-5425646480585-5425646481232-5425646485440-5425646529995-5425646613222-5425646639273-5425646755013-5425646758252-5425646758306-5425646766477-5425646778795-5425646782812-5425646784840-5425646786314-5425646791087-5425646821339-5425646824088-5425646850533-5425646862690-5425646885410-5425646885410-5425646911901-5425646950289-5425646970681-5425647004782-5425647035339-5425647048931-5425647054205-5425647055337-5425647056834-5425647060884-5425647093727-5425647093727-5425647118443-5425647122162-5425647131799-5425647137401-5425647146496-5425647151079-5425647182857-5425647190718-5425647203373-5425647227787-5425647266012-5425647267784-5425647271048-5425647277479-5425647293441-5425647299598-5425647303837-5425647315819-5425647317471-5425647319622-5425647320884-5425647320884-5425647344617-5425647364056-5425647364564-5425647371407-5425647379953-5425647400312-5425647403682-5425647411253-5425647431442-5425647431809-5425647438893-5425647438893-5425647440521-5425647444952-5425647445072-5425647445072-5425647446175-5425647447993-5425647448493,"[""Owner"", ""Unknown""]",,,2026-07-27T08:24:48.778539+00:00,2,https://www.halooglasi.com/nekretnine/prodaja-stanova/bw-king-3-0---lux-opremljen/5425646950289?kid=1&sid=1785141015045,U pretrazi sajta možete željene oglase označiti kao izabrane i tako ih kasnije lakše pronaći. Želim da saznam više.
5425647059277,prodaja,"BW Emerald, specijalna ponuda, pogled na reku ID#4",950000.0,950.000 €,7421.88,,128.0,3.0,,,,,,,,"Ulica Hercegovačka 23/209, Savski Venac",Savski venac,,False,False,,,,,,,,,True,2,dup-5425646970665-5425647059277,"[""Unknown""]",,,2026-07-27T08:24:48.778539+00:00,2,https://www.halooglasi.com/nekretnine/prodaja-stanova/bw-emerald-specijalna-ponuda-pogled-na-reku-i/5425647059277?kid=1&sid=1785141015045,U pretrazi sajta možete željene oglase označiti kao izabrane i tako ih kasnije lakše pronaći. Želim da saznam više.
5425647431431,prodaja,"BW Hudson, na šetalištu Sava Promenada ID#4781",575000.0,575.000 €,5989.58,,96.0,3.0,,,,,,,,"Ulica Hercegovačka 23/209, Savski Venac",Savski venac,,False,False,,,,,,,,,True,4,dup-5425646032963-5425647066693-5425647343367-5425647431431,"[""Unknown""]",,,2026-07-27T08:24:48.778539+00:00,2,https://www.halooglasi.com/nekretnine/prodaja-stanova/bw-hudson-na-setalistu-sava-promenada-id4781/5425647431431?kid=1&sid=1785141015045,U pretrazi sajta možete željene oglase označiti kao izabrane i tako ih kasnije lakše pronaći. Želim da saznam više.
5425644951296,prodaja,Odličan stan sa pogledom na reku i Kulu u zgradi B,349500.0,349.500 €,4854.17,,72.0,3.0,,,,,,,,Ulica Bulevar Mihajla Pupina 165g,Savski venac,,False,True,,,,,,,,,True,3,dup-5425644951296-5425647241364-5425647241365,"[""Unknown""]",,,2026-07-27T08:24:48.778539+00:00,2,https://www.halooglasi.com/nekretnine/prodaja-stanova/odlican-stan-sa-pogledom-na-reku-i-kulu-u-zgr/5425644951296?kid=1&sid=1785141015045,U pretrazi sajta možete željene oglase označiti kao izabrane i tako ih kasnije lakše pronaći. Želim da saznam više.
5425647044497,prodaja,"BW Arcadia, nov, lux 3.0, garažno mesto",345000.0,345.000 €,3965.52,,87.0,3.0,,,,,,,,Ulica Obilićev venac 10/I/2,Savski venac,,False,,,,,,,,,,False,1,,[],,,2026-07-27T08:24:48.778539+00:00,2,https://www.halooglasi.com/nekretnine/prodaja-stanova/bw-arcadia-nov-lux-3-0-garazno-mesto/5425647044497?kid=1&sid=1785141015045,U pretrazi sajta možete željene oglase označiti kao izabrane i tako ih kasnije lakše pronaći. Želim da saznam više.
5425647349233,prodaja,Dvosoban stan u BW Nova,349500.0,349.500 €,5290.64,,66.06,3.0,2.0,2-Bedroom,,,,,,Ulica Bulevar Mihajla Pupina 165g,Savski venac,,False,False,,,,,,,,,True,15,dup-5425645739672-5425645739672-5425645741358-5425646687135-5425646868783-5425646881265-5425647041770-5425647054204-5425647060887-5425647241366-5425647255093-5425647325470-5425647349233-5425647349264-5425647361950,"[""Owner"", ""Unknown""]",,,2026-07-27T08:24:48.778539+00:00,2,https://www.halooglasi.com/nekretnine/prodaja-stanova/dvosoban-stan-u-bw-nova/5425647349233?kid=1&sid=1785141015045,U pretrazi sajta možete željene oglase označiti kao izabrane i tako ih kasnije lakše pronaći. Želim da saznam više.
5425646220838,prodaja,Moderan dizajnerski stan u zgradi BW Vista,435000.0,435.000 €,5304.88,,82.0,3.0,,,,,,,,Ulica Bulevar Mihajla Pupina 165g,Savski venac,,False,,,,,,,,,,True,87,dup-5425643715532-5425645207991-5425645385233-5425645389272-5425645392386-5425645685233-5425645728758-5425645809867-5425646220838-5425646232969-5425646300512-5425646334577-5425646478847-5425646480585-5425646481232-5425646485440-5425646529995-5425646613222-5425646639273-5425646755013-5425646758252-5425646758306-5425646766477-5425646778795-5425646782812-5425646784840-5425646786314-5425646791087-5425646821339-5425646824088-5425646850533-5425646862690-5425646885410-5425646885410-5425646911901-5425646950289-5425646970681-5425647004782-5425647035339-5425647048931-5425647054205-5425647055337-5425647056834-5425647060884-5425647093727-5425647093727-5425647118443-5425647122162-5425647131799-5425647137401-5425647146496-5425647151079-5425647182857-5425647190718-5425647203373-5425647227787-5425647266012-5425647267784-5425647271048-5425647277479-5425647293441-5425647299598-5425647303837-5425647315819-5425647317471-5425647319622-5425647320884-5425647320884-5425647344617-5425647364056-5425647364564-5425647371407-5425647379953-5425647400312-5425647403682-5425647411253-5425647431442-5425647431809-5425647438893-5425647438893-5425647440521-5425647444952-5425647445072-5425647445072-5425647446175-5425647447993-5425647448493,"[""Owner"", ""Unknown""]",,,2026-07-27T08:24:48.778539+00:00,2,https://www.halooglasi.com/nekretnine/prodaja-stanova/moderan-dizajnerski-stan-u-zgradi-bw-vista/5425646220838?kid=1&sid=1785141015045,U pretrazi sajta možete željene oglase označiti kao izabrane i tako ih kasnije lakše pronaći. Želim da saznam više.
5425647214426,prodaja,"Bw Victoria | 99,52 m² | Luksuzan stan",665000.0,665.000 €,6682.07,,99.52,3.0,,,,,,,,Ulica Marije Bursać 44V,Savski venac,,False,,,,,,,,,,True,5,dup-5425646225900-5425646942399-5425647214426-5425647423622-5425647423680,"[""Owner"", ""Unknown""]",,,2026-07-27T08:24:48.778539+00:00,2,https://www.halooglasi.com/nekretnine/prodaja-stanova/bw-victoria-99-52-m-luksuzan-stan/5425647214426?kid=1&sid=1785141015045,U pretrazi sajta možete željene oglase označiti kao izabrane i tako ih kasnije lakše pronaći. Želim da saznam više.
5425647090981,prodaja,"BW Terraces, 3.0. Lux, Useljiv",720000.0,720.000 €,7058.82,,102.0,3.0,,,,,,,,Ulica Sarajevska 40,Savski venac,,False,False,,,,,,,,,False,1,,[],,,2026-07-27T08:24:48.778539+00:00,2,https://www.halooglasi.com/nekretnine/prodaja-stanova/bw-terraces-3-0-lux-useljiv/5425647090981?kid=4&sid=1785141015045,U pretrazi sajta možete željene oglase označiti kao izabrane i tako ih kasnije lakše pronaći. Želim da saznam više.
5425646478847,prodaja,"BW Vista, Hercegovačka, 3.0, lux, opremljen",375000.0,375.000 €,4518.07,,83.0,3.0,,,,,,,,Ulica Bul. Nikole Tesle 36,Savski venac,,False,False,,,,,,,,,True,87,dup-5425643715532-5425645207991-5425645385233-5425645389272-5425645392386-5425645685233-5425645728758-5425645809867-5425646220838-5425646232969-5425646300512-5425646334577-5425646478847-5425646480585-5425646481232-5425646485440-5425646529995-5425646613222-5425646639273-5425646755013-5425646758252-5425646758306-5425646766477-5425646778795-5425646782812-5425646784840-5425646786314-5425646791087-5425646821339-5425646824088-5425646850533-5425646862690-5425646885410-5425646885410-5425646911901-5425646950289-5425646970681-5425647004782-5425647035339-5425647048931-5425647054205-5425647055337-5425647056834-5425647060884-5425647093727-5425647093727-5425647118443-5425647122162-5425647131799-5425647137401-5425647146496-5425647151079-5425647182857-5425647190718-5425647203373-5425647227787-5425647266012-5425647267784-5425647271048-5425647277479-5425647293441-5425647299598-5425647303837-5425647315819-5425647317471-5425647319622-5425647320884-5425647320884-5425647344617-5425647364056-5425647364564-5425647371407-5425647379953-5425647400312-5425647403682-5425647411253-5425647431442-5425647431809-5425647438893-5425647438893-5425647440521-5425647444952-5425647445072-5425647445072-5425647446175-5425647447993-5425647448493,"[""Owner"", ""Unknown""]",,,2026-07-27T08:24:48.778539+00:00,2,https://www.halooglasi.com/nekretnine/prodaja-stanova/bw-vista-hercegovacka-3-0-lux-opremljen/5425646478847?kid=1&sid=1785141015045,U pretrazi sajta možete željene oglase označiti kao izabrane i tako ih kasnije lakše pronaći. Želim da saznam više.
5425647263144,prodaja,Beograd na vodi – BW Quartet 3 – Odmah useljiv,416871.0,416.871 €,4904.36,,85.0,3.5,,,,,,,,,Savski venac,,False,False,,,,,,,,,False,1,,[],,,2026-07-27T08:24:48.778539+00:00,2,https://www.halooglasi.com/nekretnine/prodaja-stanova/beograd-na-vodi-bw-quartet-3-odmah-useljiv/5425647263144?kid=3&sid=1785141215311,U pretrazi sajta možete željene oglase označiti kao izabrane i tako ih kasnije lakše pronaći. Želim da saznam više.
5425646267391,prodaja,Centar-Savski Venac-Mihaila Bogićevića ID#1515,285000.0,285.000 €,3958.33,,72.0,3.5,,,,,,,,"Ulica Smiljanićeva 6, Beograd",Savski venac,,False,True,,,,,,,,,True,2,dup-5425646126709-5425646267391,"[""Owner"", ""Unknown""]",,,2026-07-27T08:24:48.778539+00:00,2,https://www.halooglasi.com/nekretnine/prodaja-stanova/centar-savski-venac-mihaila-bogicevica-id1515/5425646267391?kid=4&sid=1785141215311,U pretrazi sajta možete željene oglase označiti kao izabrane i tako ih kasnije lakše pronaći. Želim da saznam više.
5425647446175,prodaja,Metropolitan lux dizajnerski stan ID#15807,416871.0,416.871 €,5073.89,,82.16,3.5,,,,,,,,"Ulica Dositejeva 9/3, Beograd",Savski venac,,False,False,,,,,,,,,True,87,dup-5425643715532-5425645207991-5425645385233-5425645389272-5425645392386-5425645685233-5425645728758-5425645809867-5425646220838-5425646232969-5425646300512-5425646334577-5425646478847-5425646480585-5425646481232-5425646485440-5425646529995-5425646613222-5425646639273-5425646755013-5425646758252-5425646758306-5425646766477-5425646778795-5425646782812-5425646784840-5425646786314-5425646791087-5425646821339-5425646824088-5425646850533-5425646862690-5425646885410-5425646885410-5425646911901-5425646950289-5425646970681-5425647004782-5425647035339-5425647048931-5425647054205-5425647055337-5425647056834-5425647060884-5425647093727-5425647093727-5425647118443-5425647122162-5425647131799-5425647137401-5425647146496-5425647151079-5425647182857-5425647190718-5425647203373-5425647227787-5425647266012-5425647267784-5425647271048-5425647277479-5425647293441-5425647299598-5425647303837-5425647315819-5425647317471-5425647319622-5425647320884-5425647320884-5425647344617-5425647364056-5425647364564-5425647371407-5425647379953-5425647400312-5425647403682-5425647411253-5425647431442-5425647431809-5425647438893-5425647438893-5425647440521-5425647444952-5425647445072-5425647445072-5425647446175-5425647447993-5425647448493,"[""Owner"", ""Unknown""]",,,2026-07-27T08:24:48.778539+00:00,2,https://www.halooglasi.com/nekretnine/prodaja-stanova/metropolitan-lux-dizajnerski-stan-id15807/5425647446175?kid=1&sid=1785141215311,U pretrazi sajta možete željene oglase označiti kao izabrane i tako ih kasnije lakše pronaći. Želim da saznam više.
5425646410221,prodaja,"Pogled na reku, BW! Lux! Osunčan! ID#134940",525000.0,525.000 €,4861.11,,108.0,3.5,,,,,,,,Ulica Bulevar Arsenija Čarnojevića 108/4,Savski venac,,False,False,,,,,,,,,True,4,dup-5425645989663-5425646358378-5425646410221-5425647077108,"[""Unknown""]",,,2026-07-27T08:24:48.778539+00:00,2,https://www.halooglasi.com/nekretnine/prodaja-stanova/pogled-na-reku-bw-lux-osuncan-id134940/5425646410221?kid=1&sid=1785141215311,U pretrazi sajta možete željene oglase označiti kao izabrane i tako ih kasnije lakše pronaći. Želim da saznam više.
5425646126709,prodaja,"Savska ulica, 72m2",285000.0,285.000 €,3958.33,,72.0,3.5,,,,,,,,,Savski venac,,True,False,,,,,,,,,True,2,dup-5425646126709-5425646267391,"[""Owner"", ""Unknown""]",,,2026-07-27T08:24:48.778539+00:00,1,https://www.halooglasi.com/nekretnine/prodaja-stanova/savska-ulica-72m2/5425646126709?kid=1&sid=1785141215311,U pretrazi sajta možete željene oglase označiti kao izabrane i tako ih kasnije lakše pronaći. Želim da saznam više.
5425645291075,prodaja,Bulevar Vudroa Vilsona (BW Aria),525000.0,525.000 €,5706.52,,92.0,3.5,,,,,,,,Ulica Beogradska br.71,Savski venac,,False,False,,,,,,,,,True,2,dup-5425644078819-5425645291075,"[""Unknown""]",,,2026-07-27T08:24:48.778539+00:00,2,https://www.halooglasi.com/nekretnine/prodaja-stanova/bulevar-vudroa-vilsona-bw-aria/5425645291075?kid=1&sid=1785141215311,U pretrazi sajta možete željene oglase označiti kao izabrane i tako ih kasnije lakše pronaći. Želim da saznam više.
5425646564718,prodaja,"Savski trg-Risanska, 3,5, lux renoviran",265000.0,265.000 €,3397.44,,78.0,3.5,,,,,,,,"Ulica Antifasisticke borbe 36, lok br 8",Savski venac,,False,False,,,,,,,,,False,1,,[],,,2026-07-27T08:24:48.778539+00:00,2,https://www.halooglasi.com/nekretnine/prodaja-stanova/savski-trg-risanska-3-5-lux-renoviran/5425646564718?kid=1&sid=1785141215311,U pretrazi sajta možete željene oglase označiti kao izabrane i tako ih kasnije lakše pronaći. Želim da saznam više.
5425645063398,prodaja,"Beograd na vodi, novogradnja, sensa ID#6780",620000.0,620.000 €,5102.88,,121.5,4.0,,,,,,,,Ulica Bulevar Mihajla Pupina 165a,Savski venac,,False,False,,,,,,,,,True,13,dup-5425643858817-5425644824876-5425645063398-5425645583517-5425646324046-5425646563513-5425646748257-5425646813152-5425646915497-5425647168722-5425647319676-5425647330402-5425647343426,"[""Unknown""]",,,2026-07-27T08:24:48.778539+00:00,2,https://www.halooglasi.com/nekretnine/prodaja-stanova/beograd-na-vodi-novogradnja-sensa-id6780/5425645063398?kid=1&sid=1785141254999,U pretrazi sajta možete željene oglase označiti kao izabrane i tako ih kasnije lakše pronaći. Želim da saznam više.
5425647111575,prodaja,Četvorosoban stan u BW Sena,575000.0,575.000 €,5149.1,,111.67,4.0,4.0,4-Bedroom,,,,,,Ulica Bulevar Mihajla Pupina 165g,Savski venac,,False,False,,,,,,,,,True,26,dup-5425643813480-5425645654575-5425645804705-5425646236023-5425646507250-5425646656965-5425646728417-5425646821617-5425646856466-5425646867192-5425646970667-5425646978446-5425647054241-5425647059274-5425647064092-5425647077948-5425647096081-5425647107120-5425647111575-5425647135601-5425647165430-5425647165458-5425647202836-5425647202864-5425647324751-5425647387495,"[""Owner"", ""Unknown""]",,,2026-07-27T08:24:48.778539+00:00,2,https://www.halooglasi.com/nekretnine/prodaja-stanova/cetvorosoban-stan-u-bw-sena/5425647111575?kid=1&sid=1785141254999,U pretrazi sajta možete željene oglase označiti kao izabrane i tako ih kasnije lakše pronaći. Želim da saznam više.
5425647239251,prodaja,"Kula, odmah useljiv duplex sa spektakularanim pogl",1176500.0,1.176.500 €,7262.35,,162.0,4.0,,,,,,,,"Ulica Hercegovačka 23/209, Savski Venac",Savski venac,,False,False,,,,,,,,,False,1,,[],,,2026-07-27T08:24:48.778539+00:00,2,https://www.halooglasi.com/nekretnine/prodaja-stanova/kula-odmah-useljiv-duplex-sa-spektakularanim/5425647239251?kid=1&sid=1785141254999,U pretrazi sajta možete željene oglase označiti kao izabrane i tako ih kasnije lakše pronaći. Želim da saznam više.
5425647292047,prodaja,Bw - 4.0 - pogled na reku,610000.0,610.000 €,4292.75,,142.1,4.0,,,,,,,,Ulica Zlatiborska 43,Savski venac,,False,False,,,,,,,,,True,3,dup-5425646877972-5425647255104-5425647292047,"[""Unknown""]",,,2026-07-27T08:24:48.778539+00:00,2,https://www.halooglasi.com/nekretnine/prodaja-stanova/bw---4-0---pogled-na-reku/5425647292047?kid=4&sid=1785141254999,U pretrazi sajta možete željene oglase označiti kao izabrane i tako ih kasnije lakše pronaći. Želim da saznam više.
5425646982059,prodaja,"Prodaja, BW Lumia sa dve odvojene celine,114m2",450000.0,450.000 €,3947.37,,114.0,4.0,,,,,,,,Ulica Bulevar despota Stefana 64a,Savski venac,,False,False,,,,,,,,,True,3,dup-5425646981912-5425646982059-5425647202839,"[""Owner"", ""Unknown""]",,,2026-07-27T08:24:48.778539+00:00,2,https://www.halooglasi.com/nekretnine/prodaja-stanova/prodaja-bw-lumia-sa-dve-odvojene-celine-114m2/5425646982059?kid=1&sid=1785141254999,U pretrazi sajta možete željene oglase označiti kao izabrane i tako ih kasnije lakše pronaći. Želim da saznam više.
5425647408393,prodaja,BW Victoria-luksuzan threebedroom/pogled na reku,832860.0,832.860 €,6501.13,,128.11,4.0,,,,,,,,Ulica Mileševska 43,Savski venac,,False,,,,,,,,,,False,1,,[],,,2026-07-27T08:24:48.778539+00:00,2,https://www.halooglasi.com/nekretnine/prodaja-stanova/bw-victoria-luksuzan-threebedroompogled-na-re/5425647408393?kid=4&sid=1785141254999,U pretrazi sajta možete željene oglase označiti kao izabrane i tako ih kasnije lakše pronaći. Želim da saznam više.
5425647250420,prodaja,BW Victoria|luksuzan stan 4.0 (pogled na reku),720000.0,720.000 €,5186.95,,138.81,4.0,,,,,,,,,Savski venac,,True,,,,,,,,,,True,2,dup-5425647250420-5425647266959,"[""Owner"", ""Unknown""]",,,2026-07-27T08:24:48.778539+00:00,2,https://www.halooglasi.com/nekretnine/prodaja-stanova/bw-victorialuksuzan-stan-4-0-pogled-na-reku/5425647250420?kid=1&sid=1785141254999,U pretrazi sajta možete željene oglase označiti kao izabrane i tako ih kasnije lakše pronaći. Želim da saznam više.
5425646981912,prodaja,Luksuzan stan Bw Lumia – investicija i dom,450000.0,450.000 €,3947.37,,114.0,4.0,,,,,,,,,Savski venac,,True,False,,,,,,,,,True,3,dup-5425646981912-5425646982059-5425647202839,"[""Owner"", ""Unknown""]",,,2026-07-27T08:24:48.778539+00:00,2,https://www.halooglasi.com/nekretnine/prodaja-stanova/luksuzan-stan-bw-lumia-investicija-i-dom/5425646981912?kid=1&sid=1785141254999,U pretrazi sajta možete željene oglase označiti kao izabrane i tako ih kasnije lakše pronaći. Želim da saznam više.
5425647414643,prodaja,Četvorosoban stan - BW Lumia,450000.0,450.000 €,3846.15,,117.0,4.0,4.0,4-Bedroom,,,,,,Ulica Terazije 27,Savski venac,,True,False,,,,,,,,,True,5,dup-5425646866592-5425646969732-5425646973184-5425647414643-5425647436970,"[""Owner"", ""Unknown""]",,,2026-07-27T08:24:48.778539+00:00,2,https://www.halooglasi.com/nekretnine/prodaja-stanova/cetvorosoban-stan---bw-lumia/5425647414643?kid=1&sid=1785141254999,U pretrazi sajta možete željene oglase označiti kao izabrane i tako ih kasnije lakše pronaći. Želim da saznam više.
5425647444979,prodaja,Predivan četvorosoban stan u BW Simfoniji/Namešten,682000.0,682.000 €,5500.0,,124.0,4.0,4.0,4-Bedroom,,,,,,,Savski venac,,False,False,,,,,,,,,True,3,dup-5425646494789-5425646670267-5425647444979,"[""Unknown""]",,,2026-07-27T08:24:48.778539+00:00,2,https://www.halooglasi.com/nekretnine/prodaja-stanova/predivan-cetvorosoban-stan-u-bw-simfonijiname/5425647444979?kid=3&sid=1785141254999,U pretrazi sajta možete željene oglase označiti kao izabrane i tako ih kasnije lakše pronaći. Želim da saznam više.
5425647362235,prodaja,"BW Perla - Četvorosoban stan - 144,30m2",969000.0,969.000 €,6715.18,,144.3,4.0,4.0,4-Bedroom,,,,,,Ulica Hercegovačka 15,Savski venac,,False,,,,,,,,,,True,8,dup-5425644303289-5425645728774-5425646815454-5425647174497-5425647290613-5425647324863-5425647327045-5425647362235,"[""Unknown""]",,,2026-07-27T08:24:48.778539+00:00,2,https://www.halooglasi.com/nekretnine/prodaja-stanova/bw-perla---cetvorosoban-stan---144-30m2/5425647362235?kid=1&sid=1785141254999,U pretrazi sajta možete željene oglase označiti kao izabrane i tako ih kasnije lakše pronaći. Želim da saznam više.
5425646656965,prodaja,Predivan četvorosoban stan sa pogledom na grad za,560000.0,560.000 €,4972.03,,112.63,4.0,4.0,4-Bedroom,,,,,,Ulica Bulevar Mihajla Pupina 165g,Savski venac,,True,False,,,,,,,,,True,26,dup-5425643813480-5425645654575-5425645804705-5425646236023-5425646507250-5425646656965-5425646728417-5425646821617-5425646856466-5425646867192-5425646970667-5425646978446-5425647054241-5425647059274-5425647064092-5425647077948-5425647096081-5425647107120-5425647111575-5425647135601-5425647165430-5425647165458-5425647202836-5425647202864-5425647324751-5425647387495,"[""Owner"", ""Unknown""]",,,2026-07-27T08:24:48.778539+00:00,2,https://www.halooglasi.com/nekretnine/prodaja-stanova/predivan-cetvorosoban-stan-sa-pogledom-na-gra/5425646656965?kid=1&sid=1785141254999,U pretrazi sajta možete željene oglase označiti kao izabrane i tako ih kasnije lakše pronaći. Želim da saznam više.
5425647445845,prodaja,Penthaus BW Kings Park Residences,795000.0,795.000 €,5236.81,,151.81,4.0,,,,,,BW Residence,,Ulica Hercegovačka 15,Savski venac,,False,,,,,,,,,,True,6,dup-5425646992417-5425647226628-5425647259802-5425647261908-5425647329532-5425647445845,"[""Unknown""]",,,2026-07-27T08:24:48.778539+00:00,2,https://www.halooglasi.com/nekretnine/prodaja-stanova/penthaus-bw-kings-park-residences/5425647445845?kid=1&sid=1785141254999,U pretrazi sajta možete željene oglase označiti kao izabrane i tako ih kasnije lakše pronaći. Želim da saznam više.
5425647054658,prodaja,"BW Bonaca, ugaona pozicija, pogled na reku ID#4480",720000.0,720.000 €,5070.42,,142.0,4.0,,,,,,,,"Ulica Hercegovačka 23/209, Savski Venac",Savski venac,,False,,,,,,,,,,True,3,dup-5425647054658-5425647226591-5425647429713,"[""Unknown""]",,,2026-07-27T08:24:48.778539+00:00,2,https://www.halooglasi.com/nekretnine/prodaja-stanova/bw-bonaca-ugaona-pozicija-pogled-na-reku-id44/5425647054658?kid=1&sid=1785141254999,U pretrazi sajta možete željene oglase označiti kao izabrane i tako ih kasnije lakše pronaći. Želim da saznam više.
5425647226628,prodaja,"Penthouse 4.0, Bw Kings Park Residences",795000.0,795.000 €,5196.08,,153.0,4.0,,,,,,BW Residence,,Ulica Šumatovačka 36,Savski venac,,False,,,,,,,,,,True,6,dup-5425646992417-5425647226628-5425647259802-5425647261908-5425647329532-5425647445845,"[""Unknown""]",,,2026-07-27T08:24:48.778539+00:00,2,https://www.halooglasi.com/nekretnine/prodaja-stanova/penthouse-4-0-bw-kings-park-residences/5425647226628?kid=4&sid=1785141254999,U pretrazi sajta možete željene oglase označiti kao izabrane i tako ih kasnije lakše pronaći. Želim da saznam više.
5425646921743,prodaja,"Savska, 4.0, 99m2, uknjižen ID#14513",450000.0,450.000 €,4545.45,,99.0,4.0,,,,,,,,"Ulica Dositejeva 9/3, Beograd",Savski venac,,False,,,,,,,,,,False,1,,[],,,2026-07-27T08:24:48.778539+00:00,2,https://www.halooglasi.com/nekretnine/prodaja-stanova/savska-4-0-99m2-uknjizen-id14513/5425646921743?kid=1&sid=1785141254999,U pretrazi sajta možete željene oglase označiti kao izabrane i tako ih kasnije lakše pronaći. Želim da saznam više.
5425647330402,prodaja,Četvorosoban | BW Simfonija 2 | Pogled na reku,610000.0,610.000 €,4929.69,,123.74,4.0,4.0,4-Bedroom,,,,,,Ulica Hercegovačka 16,Savski venac,,False,False,,,,,,,,,True,13,dup-5425643858817-5425644824876-5425645063398-5425645583517-5425646324046-5425646563513-5425646748257-5425646813152-5425646915497-5425647168722-5425647319676-5425647330402-5425647343426,"[""Unknown""]",,,2026-07-27T08:24:48.778539+00:00,2,https://www.halooglasi.com/nekretnine/prodaja-stanova/cetvorosoban-bw-simfonija-2-pogled-na-reku/5425647330402?kid=4&sid=1785141254999,U pretrazi sajta možete željene oglase označiti kao izabrane i tako ih kasnije lakše pronaći. Želim da saznam više.
5425647165430,prodaja,Četvorosoban stan u BW Sena,575000.0,575.000 €,5198.44,,110.61,4.0,4.0,4-Bedroom,,,,,,Ulica Bulevar Mihajla Pupina 165g,Savski venac,,False,False,,,,,,,,,True,26,dup-5425643813480-5425645654575-5425645804705-5425646236023-5425646507250-5425646656965-5425646728417-5425646821617-5425646856466-5425646867192-5425646970667-5425646978446-5425647054241-5425647059274-5425647064092-5425647077948-5425647096081-5425647107120-5425647111575-5425647135601-5425647165430-5425647165458-5425647202836-5425647202864-5425647324751-5425647387495,"[""Owner"", ""Unknown""]",,,2026-07-27T08:24:48.778539+00:00,2,https://www.halooglasi.com/nekretnine/prodaja-stanova/cetvorosoban-stan-u-bw-sena/5425647165430?kid=1&sid=1785141254999,U pretrazi sajta možete željene oglase označiti kao izabrane i tako ih kasnije lakše pronaći. Želim da saznam više.
5425647174497,prodaja,BW Aria | Lux stan 143m² | Dve terase,894000.0,894.000 €,6208.33,,144.0,4.0,,,,,,,,Ulica Terazije 27,Savski venac,,False,,,,,,,,,,True,8,dup-5425644303289-5425645728774-5425646815454-5425647174497-5425647290613-5425647324863-5425647327045-5425647362235,"[""Unknown""]",,,2026-07-27T08:24:48.778539+00:00,2,https://www.halooglasi.com/nekretnine/prodaja-stanova/bw-aria-lux-stan-143m-dve-terase/5425647174497?kid=1&sid=1785141254999,U pretrazi sajta možete željene oglase označiti kao izabrane i tako ih kasnije lakše pronaći. Želim da saznam više.
5425647362635,prodaja,BW Perla - Četvorosoban stan - 150m2,969000.0,969.000 €,6460.0,,150.0,4.0,4.0,4-Bedroom,,,,,,Ulica Hercegovačka 15,Savski venac,,False,,,,,,,,,,True,4,dup-5425645904086-5425646442345-5425647334238-5425647362635,"[""Unknown""]",,,2026-07-27T08:24:48.778539+00:00,2,https://www.halooglasi.com/nekretnine/prodaja-stanova/bw-perla---cetvorosoban-stan---150m2/5425647362635?kid=1&sid=1785141254999,U pretrazi sajta možete željene oglase označiti kao izabrane i tako ih kasnije lakše pronaći. Želim da saznam više.
5425646997452,prodaja,BW Riviera 03 | Beograd na vodi | Pogled na reku,1590000.0,1.590.000 €,7395.35,,215.0,4.0,,,,,,,,,Savski venac,,False,,,,,,,,,,False,1,,[],,,2026-07-27T08:24:48.778539+00:00,2,https://www.halooglasi.com/nekretnine/prodaja-stanova/bw-riviera-03-beograd-na-vodi-pogled-na-reku/5425646997452?kid=1&sid=1785141254999,U pretrazi sajta možete željene oglase označiti kao izabrane i tako ih kasnije lakše pronaći. Želim da saznam više.
5425647135601,prodaja,BW Terra 27 | Beograd na vodi | Odlična lokacija |,575000.0,575.000 €,5133.93,,112.0,4.0,,,,,,,,,Savski venac,,False,,,,,,,,,,True,26,dup-5425643813480-5425645654575-5425645804705-5425646236023-5425646507250-5425646656965-5425646728417-5425646821617-5425646856466-5425646867192-5425646970667-5425646978446-5425647054241-5425647059274-5425647064092-5425647077948-5425647096081-5425647107120-5425647111575-5425647135601-5425647165430-5425647165458-5425647202836-5425647202864-5425647324751-5425647387495,"[""Owner"", ""Unknown""]",,,2026-07-27T08:24:48.778539+00:00,2,https://www.halooglasi.com/nekretnine/prodaja-stanova/bw-terra-27-beograd-na-vodi-odlicna-lokacija/5425647135601?kid=1&sid=1785141254999,U pretrazi sajta možete željene oglase označiti kao izabrane i tako ih kasnije lakše pronaći. Želim da saznam više.
5425646867192,prodaja,"BW Vista, spektakularan, uknjižen ID#4409",575000.0,575.000 €,5180.18,,111.0,4.0,,,,,,,,"Ulica Hercegovačka 23/209, Savski Venac",Savski venac,,False,False,,,,,,,,,True,26,dup-5425643813480-5425645654575-5425645804705-5425646236023-5425646507250-5425646656965-5425646728417-5425646821617-5425646856466-5425646867192-5425646970667-5425646978446-5425647054241-5425647059274-5425647064092-5425647077948-5425647096081-5425647107120-5425647111575-5425647135601-5425647165430-5425647165458-5425647202836-5425647202864-5425647324751-5425647387495,"[""Owner"", ""Unknown""]",,,2026-07-27T08:24:48.778539+00:00,2,https://www.halooglasi.com/nekretnine/prodaja-stanova/bw-vista-spektakularan-uknjizen-id4409/5425646867192?kid=1&sid=1785141254999,U pretrazi sajta možete željene oglase označiti kao izabrane i tako ih kasnije lakše pronaći. Želim da saznam više.
5425646866592,prodaja,BW Lumia 117m2 pogled kula i park/Hitno/Fiksno,450000.0,450.000 €,3846.15,,117.0,4.0,,,,,,,,,Savski venac,,True,False,,,,,,,,,True,5,dup-5425646866592-5425646969732-5425646973184-5425647414643-5425647436970,"[""Owner"", ""Unknown""]",,,2026-07-27T08:24:48.778539+00:00,2,https://www.halooglasi.com/nekretnine/prodaja-stanova/bw-lumia-117m2-pogled-kula-i-parkhitnofiksno/5425646866592?kid=4&sid=1785141254999,U pretrazi sajta možete željene oglase označiti kao izabrane i tako ih kasnije lakše pronaći. Želim da saznam više.
5425646877972,prodaja,"Stan sa tri spavaće sobe, BW Topaz, na rate, bez p",610000.0,610.000 €,4361.5,,139.86,4.0,,,,,,,,Ulica Bulevar Mihajla Pupina 165g,Savski venac,,False,,,,,,,,,,True,3,dup-5425646877972-5425647255104-5425647292047,"[""Unknown""]",,,2026-07-27T08:24:48.778539+00:00,2,https://www.halooglasi.com/nekretnine/prodaja-stanova/stan-sa-tri-spavace-sobe-bw-topaz-na-rate-bez/5425646877972?kid=1&sid=1785141254999,U pretrazi sajta možete željene oglase označiti kao izabrane i tako ih kasnije lakše pronaći. Želim da saznam više.
5425647411274,prodaja,Brz povrat investicije,610000.0,610.000 €,4236.11,,144.0,4.0,,,,,,,,Ulica Zlatiborska 43,Savski venac,,False,False,,,,,,,,,True,3,dup-5425647131769-5425647349263-5425647411274,"[""Unknown""]",,,2026-07-27T08:24:48.778539+00:00,2,https://www.halooglasi.com/nekretnine/prodaja-stanova/brz-povrat-investicije/5425647411274?kid=4&sid=1785141254999,U pretrazi sajta možete željene oglase označiti kao izabrane i tako ih kasnije lakše pronaći. Želim da saznam više.
5425646821617,prodaja,Direktan pogled na reku - BW Vista,575000.0,575.000 €,5133.93,,112.0,4.0,,,,,,,,Ulica Bulevar Mihajla Pupina 165g,Savski venac,,False,False,,,,,,,,,True,26,dup-5425643813480-5425645654575-5425645804705-5425646236023-5425646507250-5425646656965-5425646728417-5425646821617-5425646856466-5425646867192-5425646970667-5425646978446-5425647054241-5425647059274-5425647064092-5425647077948-5425647096081-5425647107120-5425647111575-5425647135601-5425647165430-5425647165458-5425647202836-5425647202864-5425647324751-5425647387495,"[""Owner"", ""Unknown""]",,,2026-07-27T08:24:48.778539+00:00,2,https://www.halooglasi.com/nekretnine/prodaja-stanova/direktan-pogled-na-reku---bw-vista/5425646821617?kid=1&sid=1785141254999,U pretrazi sajta možete željene oglase označiti kao izabrane i tako ih kasnije lakše pronaći. Želim da saznam više.
5425646728417,prodaja,"Lux 4.0 stan sa garažnim mestom, Beograd na vodi",610000.0,610.000 €,5545.45,,110.0,4.0,,,,,,,,Ulica Patrijarha Varnave 20,Savski venac,,False,False,,,,,,,,,True,26,dup-5425643813480-5425645654575-5425645804705-5425646236023-5425646507250-5425646656965-5425646728417-5425646821617-5425646856466-5425646867192-5425646970667-5425646978446-5425647054241-5425647059274-5425647064092-5425647077948-5425647096081-5425647107120-5425647111575-5425647135601-5425647165430-5425647165458-5425647202836-5425647202864-5425647324751-5425647387495,"[""Owner"", ""Unknown""]",,,2026-07-27T08:24:48.778539+00:00,2,https://www.halooglasi.com/nekretnine/prodaja-stanova/lux-4-0-stan-sa-garaznim-mestom-beograd-na-vo/5425646728417?kid=1&sid=1785141254999,U pretrazi sajta možete željene oglase označiti kao izabrane i tako ih kasnije lakše pronaći. Želim da saznam više.
5425647423829,prodaja,BW Queens Park - Odmah useljiv četvorosoban stan,660000.0,660.000 €,6793.62,,97.15,4.0,4.0,4-Bedroom,,,,,,Ulica Luke Ćelovića Trebinjca 18,Savski venac,,False,False,,,,,,,,,True,3,dup-5425646921152-5425647423829-5425647436505,"[""Unknown""]",,,2026-07-27T08:24:48.778539+00:00,2,https://www.halooglasi.com/nekretnine/prodaja-stanova/bw-queens-park---odmah-useljiv-cetvorosoban-s/5425647423829?kid=4&sid=1785141254999,U pretrazi sajta možete željene oglase označiti kao izabrane i tako ih kasnije lakše pronaći. Želim da saznam više.
5425646095210,prodaja,Trostrano orijentisan stan sa pogledom na reku - B,1176500.0,1.176.500 €,8520.42,,138.08,4.0,,,,,,,,Ulica Bulevar Mihajla Pupina 165g,Savski venac,,False,,,,,,,,,,True,11,dup-5425644987096-5425645717554-5425646095210-5425646184757-5425646442310-5425646862691-5425646994189-5425647068206-5425647226574-5425647247884-5425647319663,"[""Unknown""]",,,2026-07-27T08:24:48.778539+00:00,2,https://www.halooglasi.com/nekretnine/prodaja-stanova/trostrano-orijentisan-stan-sa-pogledom-na-rek/5425646095210?kid=1&sid=1785141254999,U pretrazi sajta možete željene oglase označiti kao izabrane i tako ih kasnije lakše pronaći. Želim da saznam više.
5425643858817,prodaja,Lux 4.0 / 2 garazna,610000.0,610.000 €,5041.32,,121.0,4.0,,,,,,,,"Ulica Mačvanska 9, Vračar",Savski venac,,False,False,,,,,,,,,True,13,dup-5425643858817-5425644824876-5425645063398-5425645583517-5425646324046-5425646563513-5425646748257-5425646813152-5425646915497-5425647168722-5425647319676-5425647330402-5425647343426,"[""Unknown""]",,,2026-07-27T08:24:48.778539+00:00,2,https://www.halooglasi.com/nekretnine/prodaja-stanova/lux-4-0-2-garazna/5425643858817?kid=3&sid=1785141254999,U pretrazi sajta možete željene oglase označiti kao izabrane i tako ih kasnije lakše pronaći. Želim da saznam više.
5425647354954,prodaja,BW Perla - luksuzan četvorosoban,950000.0,950.000 €,6480.22,,146.6,4.0,4.0,4-Bedroom,,,,,,Ulica Dunavski kej 48,Savski venac,,False,,,,,,,,,,True,7,dup-5425645343233-5425645573418-5425645720212-5425645899673-5425646565639-5425647029319-5425647354954,"[""Unknown""]",,,2026-07-27T08:24:48.778539+00:00,2,https://www.halooglasi.com/nekretnine/prodaja-stanova/bw-perla---luksuzan-cetvorosoban/5425647354954?kid=1&sid=1785141254999,U pretrazi sajta možete željene oglase označiti kao izabrane i tako ih kasnije lakše pronaći. Želim da saznam više.
5425647259802,prodaja,BW Kings Park - Luksuzan četvorosoban penthouse,795000.0,795.000 €,5196.08,,153.0,4.0,4.0,4-Bedroom,,,,,,Ulica Luke Ćelovića Trebinjca 18,Savski venac,,False,,,,,,,,,,True,6,dup-5425646992417-5425647226628-5425647259802-5425647261908-5425647329532-5425647445845,"[""Unknown""]",,,2026-07-27T08:24:48.778539+00:00,2,https://www.halooglasi.com/nekretnine/prodaja-stanova/bw-kings-park---luksuzan-cetvorosoban-penthou/5425647259802?kid=4&sid=1785141254999,U pretrazi sajta možete željene oglase označiti kao izabrane i tako ih kasnije lakše pronaći. Želim da saznam više.
5425647334238,prodaja,BW Perla - Četvorosoban stan na 16. spratu,894000.0,894.000 €,5936.25,,150.6,4.0,4.0,4-Bedroom,,,,,,Ulica Luke Ćelovića Trebinjca 18,Savski venac,,False,,,,,,,,,,True,4,dup-5425645904086-5425646442345-5425647334238-5425647362635,"[""Unknown""]",,,2026-07-27T08:24:48.778539+00:00,2,https://www.halooglasi.com/nekretnine/prodaja-stanova/bw-perla---cetvorosoban-stan-na-16-spratu/5425647334238?kid=4&sid=1785141254999,U pretrazi sajta možete željene oglase označiti kao izabrane i tako ih kasnije lakše pronaći. Želim da saznam više.
5425647445107,prodaja,BW ODA - Beograd na vodi,949500.0,949.500 €,3998.74,,237.45,4.0,,,,,,,,,Savski venac,,False,,,,,,,,,,False,1,,[],,,2026-07-27T08:24:48.778539+00:00,2,https://www.halooglasi.com/nekretnine/prodaja-stanova/bw-oda---beograd-na-vodi/5425647445107?kid=1&sid=1785141254999,U pretrazi sajta možete željene oglase označiti kao izabrane i tako ih kasnije lakše pronaći. Želim da saznam više.
5425646881337,prodaja,"BW Topaz, pogled na reku, premium zgrada ID#4429",720000.0,720.000 €,4965.52,,145.0,4.0,,,,,,,,"Ulica Hercegovačka 23/209, Savski Venac",Savski venac,,False,,,,,,,,,,True,7,dup-5425644356122-5425645738135-5425646881337-5425647138409-5425647205362-5425647283386-5425647322768,"[""Unknown""]",,,2026-07-27T08:24:48.778539+00:00,2,https://www.halooglasi.com/nekretnine/prodaja-stanova/bw-topaz-pogled-na-reku-premium-zgrada-id4429/5425646881337?kid=1&sid=1785141254999,U pretrazi sajta možete željene oglase označiti kao izabrane i tako ih kasnije lakše pronaći. Želim da saznam više.
5425647084584,prodaja,"BW Aurora , 118m2 , luksuzno opremljen",575000.0,575.000 €,4872.88,,118.0,4.0,,,,,,,,Ulica Njegoševa 34,Savski venac,,False,False,,,,,,,,,True,6,dup-5425646251165-5425646251167-5425647060914-5425647063478-5425647084584-5425647311917,"[""Unknown""]",,,2026-07-27T08:24:48.778539+00:00,2,https://www.halooglasi.com/nekretnine/prodaja-stanova/bw-aurora-118m2-luksuzno-opremljen/5425647084584?kid=3&sid=1785141254999,U pretrazi sajta možete željene oglase označiti kao izabrane i tako ih kasnije lakše pronaći. Želim da saznam više.
5425647096081,prodaja,"Stan ispred Kule,BW Aqua-cena sa dva garazna mesta",610000.0,610.000 €,5304.35,,115.0,4.0,,,,,,,,,Savski venac,,True,,,,,,,,,,True,26,dup-5425643813480-5425645654575-5425645804705-5425646236023-5425646507250-5425646656965-5425646728417-5425646821617-5425646856466-5425646867192-5425646970667-5425646978446-5425647054241-5425647059274-5425647064092-5425647077948-5425647096081-5425647107120-5425647111575-5425647135601-5425647165430-5425647165458-5425647202836-5425647202864-5425647324751-5425647387495,"[""Owner"", ""Unknown""]",,,2026-07-27T08:24:48.778539+00:00,2,https://www.halooglasi.com/nekretnine/prodaja-stanova/stan-ispred-kule-bw-aqua-cena-sa-dva-garazna/5425647096081?kid=1&sid=1785141254999,U pretrazi sajta možete željene oglase označiti kao izabrane i tako ih kasnije lakše pronaći. Želim da saznam više.
5425647266959,prodaja,BW Victoria - Spa centar - Četvorosoban stan,682000.0,682.000 €,4906.47,,139.0,4.0,4.0,4-Bedroom,,,,,,Ulica Luke Ćelovića Trebinjca 18,Savski venac,,False,True,,,,,,,,,True,2,dup-5425647250420-5425647266959,"[""Owner"", ""Unknown""]",,,2026-07-27T08:24:48.778539+00:00,2,https://www.halooglasi.com/nekretnine/prodaja-stanova/bw-victoria---spa-centar---cetvorosoban-stan/5425647266959?kid=4&sid=1785141254999,U pretrazi sajta možete željene oglase označiti kao izabrane i tako ih kasnije lakše pronaći. Želim da saznam više.
5425647202864,prodaja,"BW Sena, direktan pogled na reku, premium zgrada I",575000.0,575.000 €,5133.93,,112.0,4.0,,,,,,,,"Ulica Hercegovačka 23/209, Savski Venac",Savski venac,,False,False,,,,,,,,,True,26,dup-5425643813480-5425645654575-5425645804705-5425646236023-5425646507250-5425646656965-5425646728417-5425646821617-5425646856466-5425646867192-5425646970667-5425646978446-5425647054241-5425647059274-5425647064092-5425647077948-5425647096081-5425647107120-5425647111575-5425647135601-5425647165430-5425647165458-5425647202836-5425647202864-5425647324751-5425647387495,"[""Owner"", ""Unknown""]",,,2026-07-27T08:24:48.778539+00:00,2,https://www.halooglasi.com/nekretnine/prodaja-stanova/bw-sena-direktan-pogled-na-reku-premium-zgrad/5425647202864?kid=1&sid=1785141254999,U pretrazi sajta možete željene oglase označiti kao izabrane i tako ih kasnije lakše pronaći. Želim da saznam više.
5425647349264,prodaja,Prelep jednosoban stan - BW EMERALD,375000.0,375.000 €,5633.17,,66.57,4.0,1.0,1-Bedroom,,,,,,Ulica Bulevar Mihajla Pupina 165g,Savski venac,,True,,,,,,,,,,True,15,dup-5425645739672-5425645739672-5425645741358-5425646687135-5425646868783-5425646881265-5425647041770-5425647054204-5425647060887-5425647241366-5425647255093-5425647325470-5425647349233-5425647349264-5425647361950,"[""Owner"", ""Unknown""]",,,2026-07-27T08:24:48.778539+00:00,2,https://www.halooglasi.com/nekretnine/prodaja-stanova/prelep-jednosoban-stan---bw-emerald/5425647349264?kid=1&sid=1785141254999,U pretrazi sajta možete željene oglase označiti kao izabrane i tako ih kasnije lakše pronaći. Želim da saznam više.
5425647349263,prodaja,BW Bonaca -trosoban stan,610000.0,610.000 €,4227.6,,144.29,4.0,3.0,3-Bedroom,,,,,,Ulica Bulevar Mihajla Pupina 165g,Savski venac,,False,,,,,,,,,,True,3,dup-5425647131769-5425647349263-5425647411274,"[""Unknown""]",,,2026-07-27T08:24:48.778539+00:00,2,https://www.halooglasi.com/nekretnine/prodaja-stanova/bw-bonaca--trosoban-stan/5425647349263?kid=1&sid=1785141254999,U pretrazi sajta možete željene oglase označiti kao izabrane i tako ih kasnije lakše pronaći. Želim da saznam više.
5425647406282,prodaja,"Riviera BW, NOV premium, 4-sobni, 176kvm",1590000.0,1.590.000 €,9034.09,,176.0,4.0,,,,,,,,,Savski venac,,True,,,,,,,,,,True,3,dup-5425647174464-5425647290184-5425647406282,"[""Owner"", ""Unknown""]",,,2026-07-27T08:24:48.778539+00:00,2,https://www.halooglasi.com/nekretnine/prodaja-stanova/riviera-bw-nov-premium-4-sobni-176kvm/5425647406282?kid=1&sid=1785141254999,U pretrazi sajta možete željene oglase označiti kao izabrane i tako ih kasnije lakše pronaći. Želim da saznam više.
5425647202836,prodaja,"BW Sena, direktan pogled na reku i šetalište ID#46",575000.0,575.000 €,5043.86,,114.0,4.0,,,,,,,,"Ulica Hercegovačka 23/209, Savski Venac",Savski venac,,False,False,,,,,,,,,True,26,dup-5425643813480-5425645654575-5425645804705-5425646236023-5425646507250-5425646656965-5425646728417-5425646821617-5425646856466-5425646867192-5425646970667-5425646978446-5425647054241-5425647059274-5425647064092-5425647077948-5425647096081-5425647107120-5425647111575-5425647135601-5425647165430-5425647165458-5425647202836-5425647202864-5425647324751-5425647387495,"[""Owner"", ""Unknown""]",,,2026-07-27T08:24:48.778539+00:00,2,https://www.halooglasi.com/nekretnine/prodaja-stanova/bw-sena-direktan-pogled-na-reku-i-setaliste-i/5425647202836?kid=1&sid=1785141254999,U pretrazi sajta možete željene oglase označiti kao izabrane i tako ih kasnije lakše pronaći. Želim da saznam više.
5425647054241,prodaja,"BW Hudson, premium zgrada, bazen, spa ID#4454",575000.0,575.000 €,5000.0,,115.0,4.0,,,,,,,,"Ulica Hercegovačka 23/209, Savski Venac",Savski venac,,False,False,,,,,,,,,True,26,dup-5425643813480-5425645654575-5425645804705-5425646236023-5425646507250-5425646656965-5425646728417-5425646821617-5425646856466-5425646867192-5425646970667-5425646978446-5425647054241-5425647059274-5425647064092-5425647077948-5425647096081-5425647107120-5425647111575-5425647135601-5425647165430-5425647165458-5425647202836-5425647202864-5425647324751-5425647387495,"[""Owner"", ""Unknown""]",,,2026-07-27T08:24:48.778539+00:00,2,https://www.halooglasi.com/nekretnine/prodaja-stanova/bw-hudson-premium-zgrada-bazen-spa-id4454/5425647054241?kid=1&sid=1785141254999,U pretrazi sajta možete željene oglase označiti kao izabrane i tako ih kasnije lakše pronaći. Želim da saznam više.
5425645569364,prodaja,BW Quartet 4 | 06 | Beograd na vodi | Pogled na Ku,499500.0,499.500 €,4306.03,,116.0,4.0,,,,,,,,,Savski venac,,False,False,,,,,,,,,False,1,,[],,,2026-07-27T08:24:48.778539+00:00,2,https://www.halooglasi.com/nekretnine/prodaja-stanova/bw-quartet-4-06-beograd-na-vodi-pogled-na-ku/5425645569364?kid=1&sid=1785141254999,U pretrazi sajta možete željene oglase označiti kao izabrane i tako ih kasnije lakše pronaći. Želim da saznam više.
5425647436970,prodaja,Hitna prodaja / Fiksna cena! 4.0 stan u BW Lumia,448700.0,448.700 €,3835.04,,117.0,4.0,,,,,,,,Ulica Hercegovačka 15,Savski venac,,True,False,,,,,,,,,True,5,dup-5425646866592-5425646969732-5425646973184-5425647414643-5425647436970,"[""Owner"", ""Unknown""]",,,2026-07-27T08:24:48.778539+00:00,2,https://www.halooglasi.com/nekretnine/prodaja-stanova/hitna-prodaja-fiksna-cena-4-0-stan-u-bw-lumia/5425647436970?kid=4&sid=1785141254999,U pretrazi sajta možete željene oglase označiti kao izabrane i tako ih kasnije lakše pronaći. Želim da saznam više.
5425645573418,prodaja,"Savski venac, Belgrade Waterfront - BW Perla",950000.0,950.000 €,6418.92,,148.0,4.0,,,,,,,,Ulica Beogradska br.71,Savski venac,,False,,,,,,,,,,True,7,dup-5425645343233-5425645573418-5425645720212-5425645899673-5425646565639-5425647029319-5425647354954,"[""Unknown""]",,,2026-07-27T08:24:48.778539+00:00,2,https://www.halooglasi.com/nekretnine/prodaja-stanova/savski-venac-belgrade-waterfront---bw-perla/5425645573418?kid=1&sid=1785141254999,U pretrazi sajta možete željene oglase označiti kao izabrane i tako ih kasnije lakše pronaći. Želim da saznam više.
5425647319676,prodaja,BW|Pažljivo dizajniran stan|Pogled na reku|124m2,575000.0,575.000 €,4637.1,,124.0,4.0,,,,,,,,Ulica Sarajevska 40,Savski venac,,False,False,,,,,,,,,True,13,dup-5425643858817-5425644824876-5425645063398-5425645583517-5425646324046-5425646563513-5425646748257-5425646813152-5425646915497-5425647168722-5425647319676-5425647330402-5425647343426,"[""Unknown""]",,,2026-07-27T08:24:48.778539+00:00,2,https://www.halooglasi.com/nekretnine/prodaja-stanova/bwpazljivo-dizajniran-stanpogled-na-reku124m2/5425647319676?kid=4&sid=1785141254999,U pretrazi sajta možete željene oglase označiti kao izabrane i tako ih kasnije lakše pronaći. Želim da saznam više.
5425647429713,prodaja,BW Eden: Penthouse iz snova,720000.0,720.000 €,5070.42,,142.0,4.0,,,,,,,,,Savski venac,,False,,,,,,,,,,True,3,dup-5425647054658-5425647226591-5425647429713,"[""Unknown""]",,,2026-07-27T08:24:48.778539+00:00,2,https://www.halooglasi.com/nekretnine/prodaja-stanova/bw-eden-penthouse-iz-snova/5425647429713?kid=3&sid=1785141254999,U pretrazi sajta možete željene oglase označiti kao izabrane i tako ih kasnije lakše pronaći. Želim da saznam više.
5425647107120,prodaja,"BW Sena, ugaona pozicija, prva linija do reke ID#4",575000.0,575.000 €,5275.23,,109.0,4.0,,,,,,,,"Ulica Hercegovačka 23/209, Savski Venac",Savski venac,,False,False,,,,,,,,,True,26,dup-5425643813480-5425645654575-5425645804705-5425646236023-5425646507250-5425646656965-5425646728417-5425646821617-5425646856466-5425646867192-5425646970667-5425646978446-5425647054241-5425647059274-5425647064092-5425647077948-5425647096081-5425647107120-5425647111575-5425647135601-5425647165430-5425647165458-5425647202836-5425647202864-5425647324751-5425647387495,"[""Owner"", ""Unknown""]",,,2026-07-27T08:24:48.778539+00:00,2,https://www.halooglasi.com/nekretnine/prodaja-stanova/bw-sena-ugaona-pozicija-prva-linija-do-reke-i/5425647107120?kid=1&sid=1785141254999,U pretrazi sajta možete željene oglase označiti kao izabrane i tako ih kasnije lakše pronaći. Želim da saznam više.
5425645640376,prodaja,"Bw Residences, Opremljen , 138m2",950000.0,950.000 €,6884.06,,138.0,4.0,,,,,,BW Residence,,Ulica Hercegovacka 14a,Savski venac,,False,,,,,,,,,,True,5,dup-5425645640376-5425645654529-5425646195493-5425647025653-5425647052561,"[""Unknown""]",,,2026-07-27T08:24:48.778539+00:00,2,https://www.halooglasi.com/nekretnine/prodaja-stanova/bw-residences-opremljen-138m2/5425645640376?kid=1&sid=1785141254999,U pretrazi sajta možete željene oglase označiti kao izabrane i tako ih kasnije lakše pronaći. Želim da saznam više.
5425646442345,prodaja,Bw Perla 150m² • Spa/bazen • pogled reka,950000.0,950.000 €,6333.33,,150.0,4.0,,,,,,,,,Savski venac,,False,,,,,,,,,,True,4,dup-5425645904086-5425646442345-5425647334238-5425647362635,"[""Unknown""]",,,2026-07-27T08:24:48.778539+00:00,2,https://www.halooglasi.com/nekretnine/prodaja-stanova/bw-perla-150m-spabazen-pogled-reka/5425646442345?kid=1&sid=1785141254999,U pretrazi sajta možete željene oglase označiti kao izabrane i tako ih kasnije lakše pronaći. Želim da saznam više.
5425647247884,prodaja,BW Terraces u svom najboljem izdanju,1220000.0,1.220.000 €,8840.58,,138.0,4.0,,,,,,,,"Ulica Macvanska 9, Vracar",Savski venac,,False,,,,,,,,,,True,11,dup-5425644987096-5425645717554-5425646095210-5425646184757-5425646442310-5425646862691-5425646994189-5425647068206-5425647226574-5425647247884-5425647319663,"[""Unknown""]",,,2026-07-27T08:24:48.778539+00:00,2,https://www.halooglasi.com/nekretnine/prodaja-stanova/bw-terraces-u-svom-najboljem-izdanju/5425647247884?kid=3&sid=1785141254999,U pretrazi sajta možete željene oglase označiti kao izabrane i tako ih kasnije lakše pronaći. Želim da saznam više.
5425645550064,prodaja,Bw Iris 4.0 Panoramski Pogled useljiv odmah!,499500.0,499.500 €,4500.0,,111.0,4.0,,,,,,,,Ulica Šumatovačka 36,Savski venac,,False,False,,,,,,,,,True,3,dup-5425645550064-5425646993978-5425647167789,"[""Unknown""]",,,2026-07-27T08:24:48.778539+00:00,2,https://www.halooglasi.com/nekretnine/prodaja-stanova/bw-iris-4-0-panoramski-pogled-useljiv-odmah/5425645550064?kid=4&sid=1785141254999,U pretrazi sajta možete željene oglase označiti kao izabrane i tako ih kasnije lakše pronaći. Želim da saznam više.
5425647290184,prodaja,RIVIERA BW – Luksuzan četvorosoban stan sa panoram,1590000.0,1.590.000 €,9034.09,,176.0,4.0,4.0,4-Bedroom,,,,,,Ulica Lazarevački drum 12b/1/10,Savski venac,,False,False,,,,,,,,,True,3,dup-5425647174464-5425647290184-5425647406282,"[""Owner"", ""Unknown""]",,,2026-07-27T08:24:48.778539+00:00,2,https://www.halooglasi.com/nekretnine/prodaja-stanova/riviera-bw-luksuzan-cetvorosoban-stan-sa-pano/5425647290184?kid=3&sid=1785141254999,U pretrazi sajta možete željene oglase označiti kao izabrane i tako ih kasnije lakše pronaći. Želim da saznam više.
5425647167789,prodaja,"Sređen stan sa pogledom na reku, u BW",525000.0,525.000 €,4729.73,,111.0,4.0,,,,,,,,Ulica Narodnih heroja 5/33,Savski venac,,False,False,,,,,,,,,True,3,dup-5425645550064-5425646993978-5425647167789,"[""Unknown""]",,,2026-07-27T08:24:48.778539+00:00,2,https://www.halooglasi.com/nekretnine/prodaja-stanova/sredjen-stan-sa-pogledom-na-reku-u-bw/5425647167789?kid=1&sid=1785141254999,U pretrazi sajta možete željene oglase označiti kao izabrane i tako ih kasnije lakše pronaći. Želim da saznam više.
5425647207941,prodaja,4.0 stan Riverview u Beogradu na vodi,450000.0,450.000 €,4058.44,,110.88,4.0,,,,,,,,Ulica Bulevar Vudroa Vilsona 17/209,Savski venac,,False,False,,,,,,,,,False,1,,[],,,2026-07-27T08:24:48.778539+00:00,2,https://www.halooglasi.com/nekretnine/prodaja-stanova/4-0-stan-riverview-u-beogradu-na-vodi/5425647207941?kid=1&sid=1785141254999,U pretrazi sajta možete željene oglase označiti kao izabrane i tako ih kasnije lakše pronaći. Želim da saznam više.
5425645343233,prodaja,"Beograd na vodi, zgrada Bw Perla, 147m2",950000.0,950.000 €,6444.17,,147.42,4.0,,,,,,,,Ulica Hercegovacka 14a,Savski venac,,False,False,,,,,,,,,True,7,dup-5425645343233-5425645573418-5425645720212-5425645899673-5425646565639-5425647029319-5425647354954,"[""Unknown""]",,,2026-07-27T08:24:48.778539+00:00,2,https://www.halooglasi.com/nekretnine/prodaja-stanova/beograd-na-vodi-zgrada-bw-perla-147m2/5425645343233?kid=1&sid=1785141254999,U pretrazi sajta možete željene oglase označiti kao izabrane i tako ih kasnije lakše pronaći. Želim da saznam više.
5425646442310,prodaja,"Bw Terraces, SavrŠen Pogled Na Reku",1220000.0,1.220.000 €,8794.06,,138.73,4.0,,,,,,,,Ulica Šumatovačka 36,Savski venac,,False,False,,,,,,,,,True,11,dup-5425644987096-5425645717554-5425646095210-5425646184757-5425646442310-5425646862691-5425646994189-5425647068206-5425647226574-5425647247884-5425647319663,"[""Unknown""]",,,2026-07-27T08:24:48.778539+00:00,2,https://www.halooglasi.com/nekretnine/prodaja-stanova/bw-terraces-savrsen-pogled-na-reku/5425646442310?kid=1&sid=1785141254999,U pretrazi sajta možete željene oglase označiti kao izabrane i tako ih kasnije lakše pronaći. Želim da saznam više.
5425647077108,prodaja,Savski venac-Beograd na vodi ID#1573,497000.0,497.000 €,4559.63,,109.0,4.0,,,,,,,,"Ulica Smiljanićeva 6, Beograd",Savski venac,,False,,,,,,,,,,True,4,dup-5425645989663-5425646358378-5425646410221-5425647077108,"[""Unknown""]",,,2026-07-27T08:24:48.778539+00:00,2,https://www.halooglasi.com/nekretnine/prodaja-stanova/savski-venac-beograd-na-vodi-id1573/5425647077108?kid=1&sid=1785141254999,U pretrazi sajta možete željene oglase označiti kao izabrane i tako ih kasnije lakše pronaći. Želim da saznam više.
5425647195279,prodaja,LUX 4.0 stan sa panoramskim pogledom,525000.0,525.000 €,4233.87,,124.0,4.0,,,,,,,,Ulica Cvijićeva 89,Savski venac,,False,False,,,,,,,,,True,3,dup-5425646323633-5425647195279-5425647438580,"[""Unknown""]",,,2026-07-27T08:24:48.778539+00:00,2,https://www.halooglasi.com/nekretnine/prodaja-stanova/lux-4-0-stan-sa-panoramskim-pogledom/5425647195279?kid=4&sid=1785141254999,U pretrazi sajta možete željene oglase označiti kao izabrane i tako ih kasnije lakše pronaći. Želim da saznam više.
5425646993978,prodaja,Lux BW Iris 4.0 od 111m2,499500.0,499.500 €,4500.0,,111.0,4.0,,,,,,,,Ulica Hercegovačka 15,Savski venac,,False,False,,,,,,,,,True,3,dup-5425645550064-5425646993978-5425647167789,"[""Unknown""]",,,2026-07-27T08:24:48.778539+00:00,2,https://www.halooglasi.com/nekretnine/prodaja-stanova/lux-bw-iris-4-0-od-111m2/5425646993978?kid=4&sid=1785141254999,U pretrazi sajta možete željene oglase označiti kao izabrane i tako ih kasnije lakše pronaći. Želim da saznam više.
5425647205362,prodaja,Pogled na reku | BW Aria | 4.0 |Ekskluzivan,720000.0,720.000 €,5000.0,,144.0,4.0,,,,,,,,,Savski venac,,False,,,,,,,,,,True,7,dup-5425644356122-5425645738135-5425646881337-5425647138409-5425647205362-5425647283386-5425647322768,"[""Unknown""]",,,2026-07-27T08:24:48.778539+00:00,2,https://www.halooglasi.com/nekretnine/prodaja-stanova/pogled-na-reku-bw-aria-4-0-ekskluzivan/5425647205362?kid=1&sid=1785141254999,U pretrazi sajta možete željene oglase označiti kao izabrane i tako ih kasnije lakše pronaći. Želim da saznam više.
5425647319663,prodaja,Četvorosoban | BW Terraces | Pogled na reku | Lux,1176500.0,1.176.500 €,8441.56,,139.37,4.0,4.0,4-Bedroom,,,,,,Ulica Hercegovačka 16,Savski venac,,False,,,,,,,,,,True,11,dup-5425644987096-5425645717554-5425646095210-5425646184757-5425646442310-5425646862691-5425646994189-5425647068206-5425647226574-5425647247884-5425647319663,"[""Unknown""]",,,2026-07-27T08:24:48.778539+00:00,2,https://www.halooglasi.com/nekretnine/prodaja-stanova/cetvorosoban-bw-terraces-pogled-na-reku-lux/5425647319663?kid=4&sid=1785141254999,U pretrazi sajta možete željene oglase označiti kao izabrane i tako ih kasnije lakše pronaći. Želim da saznam više.
5425646563513,prodaja,BW Kings Park - Četvorosoban stan na 9. spratu,575000.0,575.000 €,4637.1,,124.0,4.0,4.0,4-Bedroom,,,,,,Ulica Luke Ćelovića Trebinjca 18,Savski venac,,False,,,,,,,,,,True,13,dup-5425643858817-5425644824876-5425645063398-5425645583517-5425646324046-5425646563513-5425646748257-5425646813152-5425646915497-5425647168722-5425647319676-5425647330402-5425647343426,"[""Unknown""]",,,2026-07-27T08:24:48.778539+00:00,2,https://www.halooglasi.com/nekretnine/prodaja-stanova/bw-kings-park---cetvorosoban-stan-na-9-spratu/5425646563513?kid=4&sid=1785141254999,U pretrazi sajta možete željene oglase označiti kao izabrane i tako ih kasnije lakše pronaći. Želim da saznam više.
5425646236023,prodaja,Dizajnerski 4.0 sa spektakularnim pogledom,610000.0,610.000 €,5446.43,,112.0,4.0,,,,,,,,,Savski venac,,False,False,,,,,,,,,True,26,dup-5425643813480-5425645654575-5425645804705-5425646236023-5425646507250-5425646656965-5425646728417-5425646821617-5425646856466-5425646867192-5425646970667-5425646978446-5425647054241-5425647059274-5425647064092-5425647077948-5425647096081-5425647107120-5425647111575-5425647135601-5425647165430-5425647165458-5425647202836-5425647202864-5425647324751-5425647387495,"[""Owner"", ""Unknown""]",,,2026-07-27T08:24:48.778539+00:00,2,https://www.halooglasi.com/nekretnine/prodaja-stanova/dizajnerski-4-0-sa-spektakularnim-pogledom/5425646236023?kid=1&sid=1785141254999,U pretrazi sajta možete željene oglase označiti kao izabrane i tako ih kasnije lakše pronaći. Želim da saznam više.
5425647343426,prodaja,"BW Simfonija, lux, kompletno namešten ID#4710",610000.0,610.000 €,4959.35,,123.0,4.0,,,,,,,,"Ulica Hercegovačka 23/209, Savski Venac",Savski venac,,False,False,,,,,,,,,True,13,dup-5425643858817-5425644824876-5425645063398-5425645583517-5425646324046-5425646563513-5425646748257-5425646813152-5425646915497-5425647168722-5425647319676-5425647330402-5425647343426,"[""Unknown""]",,,2026-07-27T08:24:48.778539+00:00,2,https://www.halooglasi.com/nekretnine/prodaja-stanova/bw-simfonija-lux-kompletno-namesten-id4710/5425647343426?kid=1&sid=1785141254999,U pretrazi sajta možete željene oglase označiti kao izabrane i tako ih kasnije lakše pronaći. Želim da saznam više.
5425646973184,prodaja,"4.0 stan(2u1),117m2,BW Lumia,Top Biznis ID#14632",448700.0,448.700 €,3835.04,,117.0,4.0,,,,,,,,"Ulica Dositejeva 9/3, Beograd",Savski venac,,True,False,,,,,,,,,True,5,dup-5425646866592-5425646969732-5425646973184-5425647414643-5425647436970,"[""Owner"", ""Unknown""]",,,2026-07-27T08:24:48.778539+00:00,2,https://www.halooglasi.com/nekretnine/prodaja-stanova/4-0-stan2u1-117m2-bw-lumia-top-biznis-id14632/5425646973184?kid=1&sid=1785141254999,U pretrazi sajta možete željene oglase označiti kao izabrane i tako ih kasnije lakše pronaći. Želim da saznam više.
5425646856466,prodaja,"BW, ekskluzivan 4.0, pogled na reku",610000.0,610.000 €,5446.43,,112.0,4.0,,,,,,,,Ulica Terazije 27,Savski venac,,False,False,,,,,,,,,True,26,dup-5425643813480-5425645654575-5425645804705-5425646236023-5425646507250-5425646656965-5425646728417-5425646821617-5425646856466-5425646867192-5425646970667-5425646978446-5425647054241-5425647059274-5425647064092-5425647077948-5425647096081-5425647107120-5425647111575-5425647135601-5425647165430-5425647165458-5425647202836-5425647202864-5425647324751-5425647387495,"[""Owner"", ""Unknown""]",,,2026-07-27T08:24:48.778539+00:00,2,https://www.halooglasi.com/nekretnine/prodaja-stanova/bw-ekskluzivan-4-0-pogled-na-reku/5425646856466?kid=1&sid=1785141254999,U pretrazi sajta možete željene oglase označiti kao izabrane i tako ih kasnije lakše pronaći. Želim da saznam više.
5425644303289,prodaja,"Beograd na vodi, zgrada Perla, 144m2",950000.0,950.000 €,6582.59,,144.32,4.0,,,,,,,,Ulica Hercegovacka 14a,Savski venac,,False,True,,,,,,,,,True,8,dup-5425644303289-5425645728774-5425646815454-5425647174497-5425647290613-5425647324863-5425647327045-5425647362235,"[""Unknown""]",,,2026-07-27T08:24:48.778539+00:00,2,https://www.halooglasi.com/nekretnine/prodaja-stanova/beograd-na-vodi-zgrada-perla-144m2/5425644303289?kid=1&sid=1785141254999,U pretrazi sajta možete željene oglase označiti kao izabrane i tako ih kasnije lakše pronaći. Želim da saznam više.
5425647237006,prodaja,"Beograd na vodi,BW Magnolia, 128m2",620000.0,620.000 €,4843.75,,128.0,4.0,,,,,,,,Ulica Hercegovacka 14a,Savski venac,,False,False,,,,,,,,,True,2,dup-5425647237006-5425647381753,"[""Unknown""]",,,2026-07-27T08:24:48.778539+00:00,2,https://www.halooglasi.com/nekretnine/prodaja-stanova/beograd-na-vodi-bw-magnolia-128m2/5425647237006?kid=1&sid=1785141254999,U pretrazi sajta možete željene oglase označiti kao izabrane i tako ih kasnije lakše pronaći. Želim da saznam više.
5425647168722,prodaja,"Beograd na vodi, Simfonija 2, lux (ID: 1309) ID#13",610000.0,610.000 €,4919.35,,124.0,4.0,,,,,,,,"Ulica Beograd, Stanoja Glavaša 1A",Savski venac,,False,False,,,,,,,,,True,13,dup-5425643858817-5425644824876-5425645063398-5425645583517-5425646324046-5425646563513-5425646748257-5425646813152-5425646915497-5425647168722-5425647319676-5425647330402-5425647343426,"[""Unknown""]",,,2026-07-27T08:24:48.778539+00:00,2,https://www.halooglasi.com/nekretnine/prodaja-stanova/beograd-na-vodi-simfonija-2-lux-id-1309-id13/5425647168722?kid=1&sid=1785141254999,U pretrazi sajta možete željene oglase označiti kao izabrane i tako ih kasnije lakše pronaći. Želim da saznam više.
5425647131769,prodaja,"Bw Aria, 4.0 , 144m2",620000.0,620.000 €,4300.18,,144.18,4.0,,,,,,,,Ulica Hercegovacka 14a,Savski venac,,False,,,,,,,,,,True,3,dup-5425647131769-5425647349263-5425647411274,"[""Unknown""]",,,2026-07-27T08:24:48.778539+00:00,2,https://www.halooglasi.com/nekretnine/prodaja-stanova/bw-aria-4-0-144m2/5425647131769?kid=1&sid=1785141254999,U pretrazi sajta možete željene oglase označiti kao izabrane i tako ih kasnije lakše pronaći. Želim da saznam više.
5425646978446,prodaja,BW Lumia 14 | Beograd na vodi | Pogled na reku i K,575000.0,575.000 €,5043.86,,114.0,4.0,,,,,,,,,Savski venac,,False,False,,,,,,,,,True,26,dup-5425643813480-5425645654575-5425645804705-5425646236023-5425646507250-5425646656965-5425646728417-5425646821617-5425646856466-5425646867192-5425646970667-5425646978446-5425647054241-5425647059274-5425647064092-5425647077948-5425647096081-5425647107120-5425647111575-5425647135601-5425647165430-5425647165458-5425647202836-5425647202864-5425647324751-5425647387495,"[""Owner"", ""Unknown""]",,,2026-07-27T08:24:48.778539+00:00,2,https://www.halooglasi.com/nekretnine/prodaja-stanova/bw-lumia-14-beograd-na-vodi-pogled-na-reku-i/5425646978446?kid=3&sid=1785141254999,U pretrazi sajta možete željene oglase označiti kao izabrane i tako ih kasnije lakše pronaći. Želim da saznam više.
5425647298786,prodaja,BW Bella pogled ka reci na uglu zgrade,720000.0,720.000 €,6077.49,,118.47,4.0,,,,,,,,Ulica Marka Oreškovića 18,Savski venac,,False,False,,,,,,,,,True,6,dup-5425645728797-5425647097390-5425647131821-5425647174483-5425647298786-5425647362339,"[""Unknown""]",,,2026-07-27T08:24:48.778539+00:00,2,https://www.halooglasi.com/nekretnine/prodaja-stanova/bw-bella-pogled-ka-reci-na-uglu-zgrade/5425647298786?kid=1&sid=1785141254999,U pretrazi sajta možete željene oglase označiti kao izabrane i tako ih kasnije lakše pronaći. Želim da saznam više.
5425646915497,prodaja,"BW Simfonija- ekskluzivan stan, pogled na reku",610000.0,610.000 €,4929.69,,123.74,4.0,,,,,,,,Ulica Mileševska 43,Savski venac,,False,False,,,,,,,,,True,13,dup-5425643858817-5425644824876-5425645063398-5425645583517-5425646324046-5425646563513-5425646748257-5425646813152-5425646915497-5425647168722-5425647319676-5425647330402-5425647343426,"[""Unknown""]",,,2026-07-27T08:24:48.778539+00:00,2,https://www.halooglasi.com/nekretnine/prodaja-stanova/bw-simfonija--ekskluzivan-stan-pogled-na-reku/5425646915497?kid=4&sid=1785141254999,U pretrazi sajta možete željene oglase označiti kao izabrane i tako ih kasnije lakše pronaći. Želim da saznam više.
5425646970665,prodaja,Prelep četvorosoban stan sa pogledom na reku - BW,950000.0,950.000 €,7432.33,,127.82,4.0,4.0,4-Bedroom,,,,,,Ulica Bulevar Mihajla Pupina 165g,Savski venac,,False,,,,,,,,,,True,2,dup-5425646970665-5425647059277,"[""Unknown""]",,,2026-07-27T08:24:48.778539+00:00,2,https://www.halooglasi.com/nekretnine/prodaja-stanova/prelep-cetvorosoban-stan-sa-pogledom-na-reku/5425646970665?kid=1&sid=1785141254999,U pretrazi sajta možete željene oglase označiti kao izabrane i tako ih kasnije lakše pronaći. Želim da saznam više.
5425645686851,prodaja,BW Simfonija 22 | Beograd na vodi | Penthouse | Du,620000.0,620.000 €,4492.75,,138.0,4.0,,,,,,,,,Savski venac,,False,,,,,,,,,,False,1,,[],,,2026-07-27T08:24:48.778539+00:00,2,https://www.halooglasi.com/nekretnine/prodaja-stanova/bw-simfonija-22-beograd-na-vodi-penthouse-du/5425645686851?kid=1&sid=1785141254999,U pretrazi sajta možete željene oglase označiti kao izabrane i tako ih kasnije lakše pronaći. Želim da saznam više.
5425646689726,prodaja,"BW Riviera, najpoželjniji stan, direktno na reci I",1496000.0,1.496.000 €,7333.33,,204.0,4.0,,,,,,,,"Ulica Hercegovačka 23/209, Savski Venac",Savski venac,,False,,,,,,,,,,True,3,dup-5425646689726-5425646689726-5425646968875,"[""Unknown""]",,,2026-07-27T08:24:48.778539+00:00,2,https://www.halooglasi.com/nekretnine/prodaja-stanova/bw-riviera-najpozeljniji-stan-direktno-na-rec/5425646689726?kid=1&sid=1785141254999,U pretrazi sajta možete željene oglase označiti kao izabrane i tako ih kasnije lakše pronaći. Želim da saznam više.
5425646992417,prodaja,BW Kings park 08 | Beograd na vodi | Penthouse,795000.0,795.000 €,5196.08,,153.0,4.0,,,,,,,,,Savski venac,,False,,,,,,,,,,True,6,dup-5425646992417-5425647226628-5425647259802-5425647261908-5425647329532-5425647445845,"[""Unknown""]",,,2026-07-27T08:24:48.778539+00:00,2,https://www.halooglasi.com/nekretnine/prodaja-stanova/bw-kings-park-08-beograd-na-vodi-penthouse/5425646992417?kid=1&sid=1785141254999,U pretrazi sajta možete željene oglase označiti kao izabrane i tako ih kasnije lakše pronaći. Želim da saznam više.
5425646964285,prodaja,"BW Sole, jedinstven stan sa kaskadnom terasom ID#4",895000.0,895.000 €,7217.74,,124.0,4.0,,,,,,,,"Ulica Hercegovačka 23/209, Savski Venac",Savski venac,,False,,,,,,,,,,False,1,,[],,,2026-07-27T08:24:48.778539+00:00,2,https://www.halooglasi.com/nekretnine/prodaja-stanova/bw-sole-jedinstven-stan-sa-kaskadnom-terasom/5425646964285?kid=1&sid=1785141254999,U pretrazi sajta možete željene oglase označiti kao izabrane i tako ih kasnije lakše pronaći. Želim da saznam više.
5425644993071,prodaja,"Savski venac, Beograd na vodi - Hercegovačka",1496000.0,1.496.000 €,6862.39,,218.0,4.0,,,,,,,,Ulica Beogradska br.71,Savski venac,,False,,,,,,,,,,False,1,,[],,,2026-07-27T08:24:48.778539+00:00,2,https://www.halooglasi.com/nekretnine/prodaja-stanova/savski-venac-beograd-na-vodi---hercegovacka/5425644993071?kid=1&sid=1785141254999,U pretrazi sajta možete željene oglase označiti kao izabrane i tako ih kasnije lakše pronaći. Želim da saznam više.
5425647394305,prodaja,"Top lokacija,Durmitorska,3 spavaće sobe, pogled",448700.0,448.700 €,4154.63,,108.0,4.0,,,,,,,,Ulica Bulevar Kralja Aleksandra I Karađorđevića 33,Savski venac,,True,False,,,,,,,,,False,1,,[],,,2026-07-27T08:24:48.778539+00:00,2,https://www.halooglasi.com/nekretnine/prodaja-stanova/top-lokacija-durmitorska-3-spavace-sobe-pogle/5425647394305?kid=1&sid=1785141254999,U pretrazi sajta možete željene oglase označiti kao izabrane i tako ih kasnije lakše pronaći. Želim da saznam više.
5425646323633,prodaja,Bw prostran 4.0 stan sa pogledom na reku,525000.0,525.000 €,4268.29,,123.0,4.0,,,,,,,,,Savski venac,,False,,,,,,,,,,True,3,dup-5425646323633-5425647195279-5425647438580,"[""Unknown""]",,,2026-07-27T08:24:48.778539+00:00,2,https://www.halooglasi.com/nekretnine/prodaja-stanova/bw-prostran-4-0-stan-sa-pogledom-na-reku/5425646323633?kid=1&sid=1785141254999,U pretrazi sajta možete željene oglase označiti kao izabrane i tako ih kasnije lakše pronaći. Želim da saznam više.
5425646324046,prodaja,"Bw Sensa 4.0, Luksuzan Enterijer, Odmah Useljiv",620000.0,620.000 €,5040.65,,123.0,4.0,,,,,,,,Ulica Šumatovačka 36,Savski venac,,False,,,,,,,,,,True,13,dup-5425643858817-5425644824876-5425645063398-5425645583517-5425646324046-5425646563513-5425646748257-5425646813152-5425646915497-5425647168722-5425647319676-5425647330402-5425647343426,"[""Unknown""]",,,2026-07-27T08:24:48.778539+00:00,2,https://www.halooglasi.com/nekretnine/prodaja-stanova/bw-sensa-4-0-luksuzan-enterijer-odmah-useljiv/5425646324046?kid=1&sid=1785141254999,U pretrazi sajta možete željene oglase označiti kao izabrane i tako ih kasnije lakše pronaći. Želim da saznam više.
5425647226591,prodaja,Bw Eden Penthouse River View,727550.0,727.550 €,5119.99,,142.1,4.0,,,,,,,,Ulica Šumatovačka 36,Savski venac,,False,,,,,,,,,,True,3,dup-5425647054658-5425647226591-5425647429713,"[""Unknown""]",,,2026-07-27T08:24:48.778539+00:00,2,https://www.halooglasi.com/nekretnine/prodaja-stanova/bw-eden-penthouse-river-view/5425647226591?kid=4&sid=1785141254999,U pretrazi sajta možete željene oglase označiti kao izabrane i tako ih kasnije lakše pronaći. Želim da saznam više.
5425647327045,prodaja,BW Perla - ekskluzivan porodican stan na prodaju!,893000.0,893.000 €,6188.5,,144.3,4.0,,,,,,,,,Savski venac,,False,,,,,,,,,,True,8,dup-5425644303289-5425645728774-5425646815454-5425647174497-5425647290613-5425647324863-5425647327045-5425647362235,"[""Unknown""]",,,2026-07-27T08:24:48.778539+00:00,2,https://www.halooglasi.com/nekretnine/prodaja-stanova/bw-perla---ekskluzivan-porodican-stan-na-prod/5425647327045?kid=4&sid=1785141254999,U pretrazi sajta možete željene oglase označiti kao izabrane i tako ih kasnije lakše pronaći. Želim da saznam više.
5425645654529,prodaja,BW Residences | Beograd na vodi | Pogled na reku |,950000.0,950.000 €,6884.06,,138.0,4.0,,,,,,BW Residence,,,Savski venac,,False,,,,,,,,,,True,5,dup-5425645640376-5425645654529-5425646195493-5425647025653-5425647052561,"[""Unknown""]",,,2026-07-27T08:24:48.778539+00:00,2,https://www.halooglasi.com/nekretnine/prodaja-stanova/bw-residences-beograd-na-vodi-pogled-na-reku/5425645654529?kid=1&sid=1785141254999,U pretrazi sajta možete željene oglase označiti kao izabrane i tako ih kasnije lakše pronaći. Želim da saznam više.
5425647381742,prodaja,"BW Arcadia, kompletno namešten, tri garažna mesta",895000.0,895.000 €,7521.01,,119.0,4.0,,,,,,,,"Ulica Hercegovačka 23/209, Savski Venac",Savski venac,,False,,,,,,,,,,True,2,dup-5425647046589-5425647381742,"[""Unknown""]",,,2026-07-27T08:24:48.778539+00:00,2,https://www.halooglasi.com/nekretnine/prodaja-stanova/bw-arcadia-kompletno-namesten-tri-garazna-mes/5425647381742?kid=1&sid=1785141254999,U pretrazi sajta možete željene oglase označiti kao izabrane i tako ih kasnije lakše pronaći. Želim da saznam više.
5425645738135,prodaja,Bw Thalia Penthouse,720000.0,720.000 €,4948.11,,145.51,4.0,,,,,,,,Ulica Šumatovačka 36,Savski venac,,False,,,,,,,,,,True,7,dup-5425644356122-5425645738135-5425646881337-5425647138409-5425647205362-5425647283386-5425647322768,"[""Unknown""]",,,2026-07-27T08:24:48.778539+00:00,2,https://www.halooglasi.com/nekretnine/prodaja-stanova/bw-thalia-penthouse/5425645738135?kid=4&sid=1785141254999,U pretrazi sajta možete željene oglase označiti kao izabrane i tako ih kasnije lakše pronaći. Želim da saznam više.
5425647059250,prodaja,BW Aurora-prestižan 4.0 stan u Beogradu na vodi! I,499500.0,499.500 €,4197.48,,119.0,4.0,,,,,,,,"Ulica Kneza Mihaila 7/1, Beograd",Savski venac,,False,False,,,,,,,,,False,1,,[],,,2026-07-27T08:24:48.778539+00:00,2,https://www.halooglasi.com/nekretnine/prodaja-stanova/bw-aurora-prestizan-4-0-stan-u-beogradu-na-vo/5425647059250?kid=1&sid=1785141254999,U pretrazi sajta možete željene oglase označiti kao izabrane i tako ih kasnije lakše pronaći. Želim da saznam više.
5425646748257,prodaja,BW Simfonija - četvorosoban stan sa pogledom na re,610000.0,610.000 €,4929.69,,123.74,4.0,4.0,4-Bedroom,,,,,,Ulica Bulevar Mihajla Pupina 165g,Savski venac,,False,,,,,,,,,,True,13,dup-5425643858817-5425644824876-5425645063398-5425645583517-5425646324046-5425646563513-5425646748257-5425646813152-5425646915497-5425647168722-5425647319676-5425647330402-5425647343426,"[""Unknown""]",,,2026-07-27T08:24:48.778539+00:00,2,https://www.halooglasi.com/nekretnine/prodaja-stanova/bw-simfonija---cetvorosoban-stan-sa-pogledom/5425646748257?kid=1&sid=1785141254999,U pretrazi sajta možete željene oglase označiti kao izabrane i tako ih kasnije lakše pronaći. Želim da saznam više.
5425647063478,prodaja,BW Aurora 01 | Beograd na vodi | Luksuzan | Komple,575000.0,575.000 €,4831.93,,119.0,4.0,,,,,,,,,Savski venac,,False,False,,,,,,,,,True,6,dup-5425646251165-5425646251167-5425647060914-5425647063478-5425647084584-5425647311917,"[""Unknown""]",,,2026-07-27T08:24:48.778539+00:00,2,https://www.halooglasi.com/nekretnine/prodaja-stanova/bw-aurora-01-beograd-na-vodi-luksuzan-komple/5425647063478?kid=1&sid=1785141254999,U pretrazi sajta možete željene oglase označiti kao izabrane i tako ih kasnije lakše pronaći. Želim da saznam više.
5425645290982,prodaja,Bulevar Vudroa Vilsona (BW Metropolitan),720000.0,720.000 €,6605.5,,109.0,4.0,,,,,,,,Ulica Beogradska br.71,Savski venac,,False,False,,,,,,,,,True,8,dup-5425645290982-5425646917155-5425646982526-5425647032412-5425647064091-5425647175233-5425647177812-5425647435343,"[""Unknown""]",,,2026-07-27T08:24:48.778539+00:00,2,https://www.halooglasi.com/nekretnine/prodaja-stanova/bulevar-vudroa-vilsona-bw-metropolitan/5425645290982?kid=1&sid=1785141254999,U pretrazi sajta možete željene oglase označiti kao izabrane i tako ih kasnije lakše pronaći. Želim da saznam više.
5425646862691,prodaja,"Bw Terraces, 4.0, dizajnerski namešten stan",1176500.0,1.176.500 €,8441.56,,139.37,4.0,,,,,,,,Ulica Zlatiborska 43,Savski venac,,False,,,,,,,,,,True,11,dup-5425644987096-5425645717554-5425646095210-5425646184757-5425646442310-5425646862691-5425646994189-5425647068206-5425647226574-5425647247884-5425647319663,"[""Unknown""]",,,2026-07-27T08:24:48.778539+00:00,2,https://www.halooglasi.com/nekretnine/prodaja-stanova/bw-terraces-4-0-dizajnerski-namesten-stan/5425646862691?kid=1&sid=1785141254999,U pretrazi sajta možete željene oglase označiti kao izabrane i tako ih kasnije lakše pronaći. Želim da saznam više.
5425647025653,prodaja,BW Perla - Za ljubitelje niskih spratova,950000.0,950.000 €,6766.86,,140.39,4.0,,,,,,,,Ulica Luke Ćelovića Trebinjca 18,Savski venac,,False,,,,,,,,,,True,5,dup-5425645640376-5425645654529-5425646195493-5425647025653-5425647052561,"[""Unknown""]",,,2026-07-27T08:24:48.778539+00:00,2,https://www.halooglasi.com/nekretnine/prodaja-stanova/bw-perla---za-ljubitelje-niskih-spratova/5425647025653?kid=4&sid=1785141254999,U pretrazi sajta možete željene oglase označiti kao izabrane i tako ih kasnije lakše pronaći. Želim da saznam više.
5425646877310,prodaja,"Stan sa tri spavaće sobe, BW Topaz, na rate, bez p",895000.0,895.000 €,6840.42,,130.84,4.0,,,,,,,,Ulica Bulevar Mihajla Pupina 165g,Savski venac,,False,,,,,,,,,,False,1,,[],,,2026-07-27T08:24:48.778539+00:00,2,https://www.halooglasi.com/nekretnine/prodaja-stanova/stan-sa-tri-spavace-sobe-bw-topaz-na-rate-bez/5425646877310?kid=1&sid=1785141254999,U pretrazi sajta možete željene oglase označiti kao izabrane i tako ih kasnije lakše pronaći. Želim da saznam više.
5425645989663,prodaja,"Beograd na vodi, BW Aria, 4.0. - pogled na reku",525000.0,525.000 €,4816.51,,109.0,4.0,,,,,,,,,Savski venac,,False,False,,,,,,,,,True,4,dup-5425645989663-5425646358378-5425646410221-5425647077108,"[""Unknown""]",,,2026-07-27T08:24:48.778539+00:00,2,https://www.halooglasi.com/nekretnine/prodaja-stanova/beograd-na-vodi-bw-aria-4-0---pogled-na-reku/5425645989663?kid=1&sid=1785141254999,U pretrazi sajta možete željene oglase označiti kao izabrane i tako ih kasnije lakše pronaći. Želim da saznam više.
5425646982526,prodaja,BW Perla 03 | Beograd na vodi | Luksuzan,735000.0,735.000 €,6621.62,,111.0,4.0,,,,,,,,,Savski venac,,False,,,,,,,,,,True,8,dup-5425645290982-5425646917155-5425646982526-5425647032412-5425647064091-5425647175233-5425647177812-5425647435343,"[""Unknown""]",,,2026-07-27T08:24:48.778539+00:00,2,https://www.halooglasi.com/nekretnine/prodaja-stanova/bw-perla-03-beograd-na-vodi-luksuzan/5425646982526?kid=1&sid=1785141254999,U pretrazi sajta možete željene oglase označiti kao izabrane i tako ih kasnije lakše pronaći. Želim da saznam više.
5425647290613,prodaja,BW Perla - Dve velike terase na 11. spratu,969000.0,969.000 €,6715.18,,144.3,4.0,,,,,,,,Ulica Luke Ćelovića Trebinjca 18,Savski venac,,False,,,,,,,,,,True,8,dup-5425644303289-5425645728774-5425646815454-5425647174497-5425647290613-5425647324863-5425647327045-5425647362235,"[""Unknown""]",,,2026-07-27T08:24:48.778539+00:00,2,https://www.halooglasi.com/nekretnine/prodaja-stanova/bw-perla---dve-velike-terase-na-11-spratu/5425647290613?kid=4&sid=1785141254999,U pretrazi sajta možete željene oglase označiti kao izabrane i tako ih kasnije lakše pronaći. Želim da saznam više.
5425647004726,prodaja,"Bw Terraces, 136 m2",950000.0,950.000 €,6975.55,,136.19,4.0,,,,,,,,Ulica Hercegovacka 14a,Savski venac,,False,,,,,,,,,,False,1,,[],,,2026-07-27T08:24:48.778539+00:00,2,https://www.halooglasi.com/nekretnine/prodaja-stanova/bw-terraces-136-m2/5425647004726?kid=1&sid=1785141254999,U pretrazi sajta možete željene oglase označiti kao izabrane i tako ih kasnije lakše pronaći. Želim da saznam više.
5425646578561,prodaja,"Bw Perla Prestižan stan, 16.sprat, pogled na reku",969000.0,969.000 €,6132.91,,158.0,4.0,,,,,,,,Ulica Šumatovačka 36,Savski venac,,False,,,,,,,,,,False,1,,[],,,2026-07-27T08:24:48.778539+00:00,2,https://www.halooglasi.com/nekretnine/prodaja-stanova/bw-perla-prestizan-stan-16-sprat-pogled-na-re/5425646578561?kid=1&sid=1785141254999,U pretrazi sajta možete željene oglase označiti kao izabrane i tako ih kasnije lakše pronaći. Želim da saznam više.
5425646689726,prodaja,"BW Riviera, najpoželjniji stan, direktno na reci I",1496000.0,1.496.000 €,7333.33,,204.0,4.0,,,,,,,,"Ulica Hercegovačka 23/209, Savski Venac",Savski venac,,False,,,,,,,,,,True,3,dup-5425646689726-5425646689726-5425646968875,"[""Unknown""]",,,2026-07-27T08:24:48.778539+00:00,2,https://www.halooglasi.com/nekretnine/prodaja-stanova/bw-riviera-najpozeljniji-stan-direktno-na-rec/5425646689726?kid=4&sid=1785141254999,U pretrazi sajta možete željene oglase označiti kao izabrane i tako ih kasnije lakše pronaći. Želim da saznam više.
5425646917155,prodaja,Luksuz bez kompromisa - BW Parkview,735000.0,735.000 €,6562.5,,112.0,4.0,,,,,,,,Ulica Bulevar Mihajla Pupina 165g,Savski venac,,False,False,,,,,,,,,True,8,dup-5425645290982-5425646917155-5425646982526-5425647032412-5425647064091-5425647175233-5425647177812-5425647435343,"[""Unknown""]",,,2026-07-27T08:24:48.778539+00:00,2,https://www.halooglasi.com/nekretnine/prodaja-stanova/luksuz-bez-kompromisa---bw-parkview/5425646917155?kid=1&sid=1785141254999,U pretrazi sajta možete željene oglase označiti kao izabrane i tako ih kasnije lakše pronaći. Želim da saznam više.
5425646099126,prodaja,"BW Residences-najbolja zgrada, vanserijski pogled",950000.0,950.000 €,6884.06,,138.0,4.0,,,,,,Sava Residences,,"Ulica Hercegovačka 23/209, Savski Venac",Savski venac,,False,,,,,,,,,,False,1,,[],,,2026-07-27T08:24:48.778539+00:00,2,https://www.halooglasi.com/nekretnine/prodaja-stanova/bw-residences-najbolja-zgrada-vanserijski-pog/5425646099126?kid=1&sid=1785141254999,U pretrazi sajta možete željene oglase označiti kao izabrane i tako ih kasnije lakše pronaći. Želim da saznam više.
5425647174464,prodaja,Savski venac-Beograd na vodi ID#1580,1496000.0,1.496.000 €,8500.0,,176.0,4.0,,,,,,,,"Ulica Smiljanićeva 6, Beograd",Savski venac,,False,,,,,,,,,,True,3,dup-5425647174464-5425647290184-5425647406282,"[""Owner"", ""Unknown""]",,,2026-07-27T08:24:48.778539+00:00,2,https://www.halooglasi.com/nekretnine/prodaja-stanova/savski-venac-beograd-na-vodi-id1580/5425647174464?kid=1&sid=1785141254999,U pretrazi sajta možete željene oglase označiti kao izabrane i tako ih kasnije lakše pronaći. Želim da saznam više.
5425647322768,prodaja,"Bw Bella , duplex , 4.0, 146 m2",720000.0,720.000 €,4921.73,,146.29,4.0,,,,,,,,Ulica Hercegovacka 14a,Savski venac,,False,,,,,,,,,,True,7,dup-5425644356122-5425645738135-5425646881337-5425647138409-5425647205362-5425647283386-5425647322768,"[""Unknown""]",,,2026-07-27T08:24:48.778539+00:00,2,https://www.halooglasi.com/nekretnine/prodaja-stanova/bw-bella-duplex-4-0-146-m2/5425647322768?kid=1&sid=1785141254999,U pretrazi sajta možete željene oglase označiti kao izabrane i tako ih kasnije lakše pronaći. Želim da saznam više.
5425647324863,prodaja,Četvorosoban | BW Perla | Pogled na reku,950000.0,950.000 €,6632.69,,143.23,4.0,4.0,4-Bedroom,,,,,,Ulica Hercegovačka 16,Savski venac,,False,,,,,,,,,,True,8,dup-5425644303289-5425645728774-5425646815454-5425647174497-5425647290613-5425647324863-5425647327045-5425647362235,"[""Unknown""]",,,2026-07-27T08:24:48.778539+00:00,2,https://www.halooglasi.com/nekretnine/prodaja-stanova/cetvorosoban-bw-perla-pogled-na-reku/5425647324863?kid=4&sid=1785141254999,U pretrazi sajta možete željene oglase označiti kao izabrane i tako ih kasnije lakše pronaći. Želim da saznam više.
5425644824876,prodaja,"Beograd na vodi, zgrada Sensa, 121 m2",620000.0,620.000 €,5103.3,,121.49,4.0,,,,,,,,Ulica Hercegovacka 14a,Savski venac,,False,,,,,,,,,,True,13,dup-5425643858817-5425644824876-5425645063398-5425645583517-5425646324046-5425646563513-5425646748257-5425646813152-5425646915497-5425647168722-5425647319676-5425647330402-5425647343426,"[""Unknown""]",,,2026-07-27T08:24:48.778539+00:00,2,https://www.halooglasi.com/nekretnine/prodaja-stanova/beograd-na-vodi-zgrada-sensa-121-m2/5425644824876?kid=1&sid=1785141254999,U pretrazi sajta možete željene oglase označiti kao izabrane i tako ih kasnije lakše pronaći. Želim da saznam više.
5425647077948,prodaja,"BW Hudson, pogled na reku, bazen, spa ID#4543",575000.0,575.000 €,5000.0,,115.0,4.0,,,,,,,,"Ulica Hercegovačka 23/209, Savski Venac",Savski venac,,False,,,,,,,,,,True,26,dup-5425643813480-5425645654575-5425645804705-5425646236023-5425646507250-5425646656965-5425646728417-5425646821617-5425646856466-5425646867192-5425646970667-5425646978446-5425647054241-5425647059274-5425647064092-5425647077948-5425647096081-5425647107120-5425647111575-5425647135601-5425647165430-5425647165458-5425647202836-5425647202864-5425647324751-5425647387495,"[""Owner"", ""Unknown""]",,,2026-07-27T08:24:48.778539+00:00,2,https://www.halooglasi.com/nekretnine/prodaja-stanova/bw-hudson-pogled-na-reku-bazen-spa-id4543/5425647077948?kid=1&sid=1785141254999,U pretrazi sajta možete željene oglase označiti kao izabrane i tako ih kasnije lakše pronaći. Želim da saznam više.
5425646442373,prodaja,"St Regis , opremljen stan, 163m2",1800000.0,1.800.000 €,11009.17,,163.5,4.0,,,,,,,,Ulica Hercegovacka 14a,Savski venac,,False,,,,,,,,,,True,3,dup-5425646442373-5425646699568-5425647330603,"[""Unknown""]",,,2026-07-27T08:24:48.778539+00:00,2,https://www.halooglasi.com/nekretnine/prodaja-stanova/st-regis-opremljen-stan-163m2/5425646442373?kid=4&sid=1785141254999,U pretrazi sajta možete željene oglase označiti kao izabrane i tako ih kasnije lakše pronaći. Želim da saznam više.
5425647287109,prodaja,"BW Kula, ugao ka reci, predivan ID#4678",1496000.0,1.496.000 €,8904.76,,168.0,4.0,,,,,,,,"Ulica Hercegovačka 23/209, Savski Venac",Savski venac,,False,False,,,,,,,,,False,1,,[],,,2026-07-27T08:24:48.778539+00:00,2,https://www.halooglasi.com/nekretnine/prodaja-stanova/bw-kula-ugao-ka-reci-predivan-id4678/5425647287109?kid=1&sid=1785141254999,U pretrazi sajta možete željene oglase označiti kao izabrane i tako ih kasnije lakše pronaći. Želim da saznam više.
5425647438580,prodaja,"BW - Sensa, lux",525000.0,525.000 €,4268.29,,123.0,4.0,,,,,,,,"Ulica Antifasisticke borbe 36, lok br 8",Savski venac,,False,,,,,,,,,,True,3,dup-5425646323633-5425647195279-5425647438580,"[""Unknown""]",,,2026-07-27T08:24:48.778539+00:00,2,https://www.halooglasi.com/nekretnine/prodaja-stanova/bw---sensa-lux/5425647438580?kid=1&sid=1785141254999,U pretrazi sajta možete željene oglase označiti kao izabrane i tako ih kasnije lakše pronaći. Želim da saznam više.
5425647131821,prodaja,BW residency lux sa pogledom na reku ID#133073,735000.0,735.000 €,6282.05,,117.0,4.0,,,,,,BW Residence,,Ulica Bulevar Arsenija Čarnojevića 108/4,Savski venac,,False,,,,,,,,,,True,6,dup-5425645728797-5425647097390-5425647131821-5425647174483-5425647298786-5425647362339,"[""Unknown""]",,,2026-07-27T08:24:48.778539+00:00,2,https://www.halooglasi.com/nekretnine/prodaja-stanova/bw-residency-lux-sa-pogledom-na-reku-id133073/5425647131821?kid=1&sid=1785141254999,U pretrazi sajta možete željene oglase označiti kao izabrane i tako ih kasnije lakše pronaći. Želim da saznam više.
5425646821600,prodaja,"Bw PERLA-Ekskluzivan stan, pogled na reku",1220000.0,1.220.000 €,7973.86,,153.0,4.0,,,,,,,,Ulica Šumatovačka 36,Savski venac,,False,,,,,,,,,,True,2,dup-5425646821600-5425646997463,"[""Unknown""]",,,2026-07-27T08:24:48.778539+00:00,2,https://www.halooglasi.com/nekretnine/prodaja-stanova/bw-perla-ekskluzivan-stan-pogled-na-reku/5425646821600?kid=1&sid=1785141254999,U pretrazi sajta možete željene oglase označiti kao izabrane i tako ih kasnije lakše pronaći. Želim da saznam više.
5425646937616,prodaja,"Bw Riviera, PrestiŽ Na 24. Spratu",1590000.0,1.590.000 €,8491.32,,187.25,4.0,,,,,,,,Ulica Šumatovačka 36,Savski venac,,False,,,,,,,,,,True,2,dup-5425645956261-5425646937616,"[""Unknown""]",,,2026-07-27T08:24:48.778539+00:00,2,https://www.halooglasi.com/nekretnine/prodaja-stanova/bw-riviera-prestiz-na-24-spratu/5425646937616?kid=1&sid=1785141254999,U pretrazi sajta možete željene oglase označiti kao izabrane i tako ih kasnije lakše pronaći. Želim da saznam više.
5425647114892,prodaja,BW LIBERA - dizajnerski stan - pogled reka i Kula,950000.0,950.000 €,5846.15,,162.5,4.0,,,,,,,,Ulica Kneza Miloša 9,Savski venac,,False,,,,,,,,,,False,1,,[],,,2026-07-27T08:24:48.778539+00:00,2,https://www.halooglasi.com/nekretnine/prodaja-stanova/bw-libera---dizajnerski-stan---pogled-reka-i/5425647114892?kid=4&sid=1785141254999,U pretrazi sajta možete željene oglase označiti kao izabrane i tako ih kasnije lakše pronaći. Želim da saznam više.
5425645956261,prodaja,"Bw Riviera, 187m2",1590000.0,1.590.000 €,8502.67,,187.0,4.0,,,,,,,,Ulica Hercegovacka 14a,Savski venac,,False,,,,,,,,,,True,2,dup-5425645956261-5425646937616,"[""Unknown""]",,,2026-07-27T08:24:48.778539+00:00,2,https://www.halooglasi.com/nekretnine/prodaja-stanova/bw-riviera-187m2/5425645956261?kid=1&sid=1785141254999,U pretrazi sajta možete željene oglase označiti kao izabrane i tako ih kasnije lakše pronaći. Želim da saznam više.
5425647387495,prodaja,BW Verde 51 | Beograd na vodi | Tri spavaće sobe |,575000.0,575.000 €,4956.9,,116.0,4.0,,,,,,,,,Savski venac,,False,False,,,,,,,,,True,26,dup-5425643813480-5425645654575-5425645804705-5425646236023-5425646507250-5425646656965-5425646728417-5425646821617-5425646856466-5425646867192-5425646970667-5425646978446-5425647054241-5425647059274-5425647064092-5425647077948-5425647096081-5425647107120-5425647111575-5425647135601-5425647165430-5425647165458-5425647202836-5425647202864-5425647324751-5425647387495,"[""Owner"", ""Unknown""]",,,2026-07-27T08:24:48.778539+00:00,2,https://www.halooglasi.com/nekretnine/prodaja-stanova/bw-verde-51-beograd-na-vodi-tri-spavace-sobe/5425647387495?kid=1&sid=1785141254999,U pretrazi sajta možete željene oglase označiti kao izabrane i tako ih kasnije lakše pronaći. Želim da saznam više.
5425644356122,prodaja,Penthouse u Beogradu na vodi,727550.0,727.550 €,5052.43,,144.0,4.0,,,,,,,,,Savski venac,,False,,,,,,,,,,True,7,dup-5425644356122-5425645738135-5425646881337-5425647138409-5425647205362-5425647283386-5425647322768,"[""Unknown""]",,,2026-07-27T08:24:48.778539+00:00,2,https://www.halooglasi.com/nekretnine/prodaja-stanova/penthouse-u-beogradu-na-vodi/5425644356122?kid=1&sid=1785141254999,U pretrazi sajta možete željene oglase označiti kao izabrane i tako ih kasnije lakše pronaći. Želim da saznam više.
5425643813480,prodaja,Penthouse u BW u kuli Verde sa garažnim mestom,575000.0,575.000 €,4956.9,,116.0,4.0,,,,,,,,Ulica Gospodar Jevremova 30,Savski venac,,False,False,,,,,,,,,True,26,dup-5425643813480-5425645654575-5425645804705-5425646236023-5425646507250-5425646656965-5425646728417-5425646821617-5425646856466-5425646867192-5425646970667-5425646978446-5425647054241-5425647059274-5425647064092-5425647077948-5425647096081-5425647107120-5425647111575-5425647135601-5425647165430-5425647165458-5425647202836-5425647202864-5425647324751-5425647387495,"[""Owner"", ""Unknown""]",,,2026-07-27T08:24:48.778539+00:00,2,https://www.halooglasi.com/nekretnine/prodaja-stanova/penthouse-u-bw-u-kuli-verde-sa-garaznim-mesto/5425643813480?kid=1&sid=1785141254999,U pretrazi sajta možete željene oglase označiti kao izabrane i tako ih kasnije lakše pronaći. Želim da saznam više.
5425646980534,prodaja,"Savski venac, Beograd na vodi – Nikolaja Kravcova",497000.0,497.000 €,4359.65,,114.0,4.0,,,,,,,,Ulica Beogradska br.71,Savski venac,,False,,,,,,,,,,False,1,,[],,,2026-07-27T08:24:48.778539+00:00,2,https://www.halooglasi.com/nekretnine/prodaja-stanova/savski-venac-beograd-na-vodi-nikolaja-kravcov/5425646980534?kid=1&sid=1785141254999,U pretrazi sajta možete željene oglase označiti kao izabrane i tako ih kasnije lakše pronaći. Želim da saznam više.
5425646184757,prodaja,Izuzetan stan u luksuznoj BW Terraces zgradi,1220000.0,1.220.000 €,8953.47,,136.26,4.0,,,,,,,,,Savski venac,,False,,,,,,,,,,True,11,dup-5425644987096-5425645717554-5425646095210-5425646184757-5425646442310-5425646862691-5425646994189-5425647068206-5425647226574-5425647247884-5425647319663,"[""Unknown""]",,,2026-07-27T08:24:48.778539+00:00,2,https://www.halooglasi.com/nekretnine/prodaja-stanova/izuzetan-stan-u-luksuznoj-bw-terraces-zgradi/5425646184757?kid=1&sid=1785141254999,U pretrazi sajta možete željene oglase označiti kao izabrane i tako ih kasnije lakše pronaći. Želim da saznam više.
5425647029319,prodaja,BW Perla-luksuzan stan sa panoramskim pogledom,895000.0,895.000 €,6127.62,,146.06,4.0,,,,,,,,Ulica Mileševska 43,Savski venac,,False,,,,,,,,,,True,7,dup-5425645343233-5425645573418-5425645720212-5425645899673-5425646565639-5425647029319-5425647354954,"[""Unknown""]",,,2026-07-27T08:24:48.778539+00:00,2,https://www.halooglasi.com/nekretnine/prodaja-stanova/bw-perla-luksuzan-stan-sa-panoramskim-pogledo/5425647029319?kid=4&sid=1785141254999,U pretrazi sajta možete željene oglase označiti kao izabrane i tako ih kasnije lakše pronaći. Želim da saznam više.
5425646813152,prodaja,BW Simfonija 23 | Beograd na vodi | Luksuzan,620000.0,620.000 €,5000.0,,124.0,4.0,,,,,,,,,Savski venac,,False,False,,,,,,,,,True,13,dup-5425643858817-5425644824876-5425645063398-5425645583517-5425646324046-5425646563513-5425646748257-5425646813152-5425646915497-5425647168722-5425647319676-5425647330402-5425647343426,"[""Unknown""]",,,2026-07-27T08:24:48.778539+00:00,2,https://www.halooglasi.com/nekretnine/prodaja-stanova/bw-simfonija-23-beograd-na-vodi-luksuzan/5425646813152?kid=1&sid=1785141254999,U pretrazi sajta možete željene oglase označiti kao izabrane i tako ih kasnije lakše pronaći. Želim da saznam više.
5425645290986,prodaja,Hercegovačka (BW Residences),895000.0,895.000 €,7649.57,,117.0,4.0,,,,,,BW Residence,,Ulica Beogradska br.71,Savski venac,,False,,,,,,,,,,False,1,,[],,,2026-07-27T08:24:48.778539+00:00,2,https://www.halooglasi.com/nekretnine/prodaja-stanova/hercegovacka-bw-residences/5425645290986?kid=1&sid=1785141254999,U pretrazi sajta možete željene oglase označiti kao izabrane i tako ih kasnije lakše pronaći. Želim da saznam više.
5425647028829,prodaja,BW Riviera 02 | Beograd na vodi | Prvi red do reke,1590000.0,1.590.000 €,7950.0,,200.0,4.0,,,,,,,,,Savski venac,,False,,,,,,,,,,False,1,,[],,,2026-07-27T08:24:48.778539+00:00,2,https://www.halooglasi.com/nekretnine/prodaja-stanova/bw-riviera-02-beograd-na-vodi-prvi-red-do-rek/5425647028829?kid=4&sid=1785141254999,U pretrazi sajta možete željene oglase označiti kao izabrane i tako ih kasnije lakše pronaći. Želim da saznam više.
5425645583517,prodaja,BW Sensa 01 | Beograd na vodi | Potpuno nov | Sa d,620000.0,620.000 €,5123.97,,121.0,4.0,,,,,,,,,Savski venac,,False,False,,,,,,,,,True,13,dup-5425643858817-5425644824876-5425645063398-5425645583517-5425646324046-5425646563513-5425646748257-5425646813152-5425646915497-5425647168722-5425647319676-5425647330402-5425647343426,"[""Unknown""]",,,2026-07-27T08:24:48.778539+00:00,2,https://www.halooglasi.com/nekretnine/prodaja-stanova/bw-sensa-01-beograd-na-vodi-potpuno-nov-sa-d/5425645583517?kid=1&sid=1785141254999,U pretrazi sajta možete željene oglase označiti kao izabrane i tako ih kasnije lakše pronaći. Želim da saznam više.
5425646969732,prodaja,"BW- Lumia, 117m2, VIII, cg,",448700.0,448.700 €,3835.04,,117.0,4.0,,,,,,,,"Ulica Krunska 38, Beograd",Savski venac,,False,False,,,,,,,,,True,5,dup-5425646866592-5425646969732-5425646973184-5425647414643-5425647436970,"[""Owner"", ""Unknown""]",,,2026-07-27T08:24:48.778539+00:00,2,https://www.halooglasi.com/nekretnine/prodaja-stanova/bw--lumia-117m2-viii-cg/5425646969732?kid=1&sid=1785141254999,U pretrazi sajta možete željene oglase označiti kao izabrane i tako ih kasnije lakše pronaći. Želim da saznam više.
5425647330603,prodaja,Četvorosoban | St. Regis | Pogled na reku,1800000.0,1.800.000 €,11009.17,,163.5,4.0,4.0,4-Bedroom,,,,,,Ulica Hercegovačka 16,Savski venac,,False,,,,,,,,,,True,3,dup-5425646442373-5425646699568-5425647330603,"[""Unknown""]",,,2026-07-27T08:24:48.778539+00:00,2,https://www.halooglasi.com/nekretnine/prodaja-stanova/cetvorosoban-st-regis-pogled-na-reku/5425647330603?kid=4&sid=1785141254999,U pretrazi sajta možete željene oglase označiti kao izabrane i tako ih kasnije lakše pronaći. Želim da saznam više.
5425646494789,prodaja,"Luksuzno opremljen, 4.0, Sensa BW ID#13295",720000.0,720.000 €,5853.66,,123.0,4.0,,,,,,,,"Ulica Dositejeva 9/3, Beograd",Savski venac,,False,,,,,,,,,,True,3,dup-5425646494789-5425646670267-5425647444979,"[""Unknown""]",,,2026-07-27T08:24:48.778539+00:00,2,https://www.halooglasi.com/nekretnine/prodaja-stanova/luksuzno-opremljen-4-0-sensa-bw-id13295/5425646494789?kid=1&sid=1785141254999,U pretrazi sajta možete željene oglase označiti kao izabrane i tako ih kasnije lakše pronaći. Želim da saznam više.
5425645720212,prodaja,"BW Perla, premium zgrada, pogled na reku ID#3991",950000.0,950.000 €,6506.85,,146.0,4.0,,,,,,,,"Ulica Hercegovačka 23/209, Savski Venac",Savski venac,,False,,,,,,,,,,True,7,dup-5425645343233-5425645573418-5425645720212-5425645899673-5425646565639-5425647029319-5425647354954,"[""Unknown""]",,,2026-07-27T08:24:48.778539+00:00,2,https://www.halooglasi.com/nekretnine/prodaja-stanova/bw-perla-premium-zgrada-pogled-na-reku-id3991/5425645720212?kid=1&sid=1785141254999,U pretrazi sajta možete željene oglase označiti kao izabrane i tako ih kasnije lakše pronaći. Želim da saznam više.
5425646358378,prodaja,Bw Magnolia Stan Sa SavrŠenim Pogledom,525000.0,525.000 €,4861.11,,108.0,4.0,,,,,,,,Ulica Šumatovačka 36,Savski venac,,False,False,,,,,,,,,True,4,dup-5425645989663-5425646358378-5425646410221-5425647077108,"[""Unknown""]",,,2026-07-27T08:24:48.778539+00:00,2,https://www.halooglasi.com/nekretnine/prodaja-stanova/bw-magnolia-stan-sa-savrsenim-pogledom/5425646358378?kid=1&sid=1785141254999,U pretrazi sajta možete željene oglase označiti kao izabrane i tako ih kasnije lakše pronaći. Želim da saznam više.
5425645728774,prodaja,"Beograd na vodi, Bw Perla , 144m2",950000.0,950.000 €,6583.51,,144.3,4.0,,,,,,,,Ulica Hercegovacka 14a,Savski venac,,False,,,,,,,,,,True,8,dup-5425644303289-5425645728774-5425646815454-5425647174497-5425647290613-5425647324863-5425647327045-5425647362235,"[""Unknown""]",,,2026-07-27T08:24:48.778539+00:00,2,https://www.halooglasi.com/nekretnine/prodaja-stanova/beograd-na-vodi-bw-perla-144m2/5425645728774?kid=1&sid=1785141254999,U pretrazi sajta možete željene oglase označiti kao izabrane i tako ih kasnije lakše pronaći. Želim da saznam više.
5425645904086,prodaja,"Bw Perla , 150 m2",950000.0,950.000 €,6308.1,,150.6,4.0,,,,,,,,Ulica Hercegovacka 14a,Savski venac,,False,,,,,,,,,,True,4,dup-5425645904086-5425646442345-5425647334238-5425647362635,"[""Unknown""]",,,2026-07-27T08:24:48.778539+00:00,2,https://www.halooglasi.com/nekretnine/prodaja-stanova/bw-perla-150-m2/5425645904086?kid=1&sid=1785141254999,U pretrazi sajta možete željene oglase označiti kao izabrane i tako ih kasnije lakše pronaći. Želim da saznam više.
5425647060914,prodaja,"Bw Aurora , 118m2 , luksuzno opremljen",575000.0,575.000 €,4872.88,,118.0,4.0,,,,,,,,Ulica Njegoševa 34,Savski venac,,False,False,,,,,,,,,True,6,dup-5425646251165-5425646251167-5425647060914-5425647063478-5425647084584-5425647311917,"[""Unknown""]",,,2026-07-27T08:24:48.778539+00:00,2,https://www.halooglasi.com/nekretnine/prodaja-stanova/bw-aurora-118m2-luksuzno-opremljen/5425647060914?kid=1&sid=1785141254999,U pretrazi sajta možete željene oglase označiti kao izabrane i tako ih kasnije lakše pronaći. Želim da saznam više.
5425646994189,prodaja,"BW Terraces, namešten stan sa pogledom na reku ID#",1220000.0,1.220.000 €,8753.68,,139.37,4.0,,,,,,,,"Ulica Dositejeva 9/3, Beograd",Savski venac,,False,,,,,,,,,,True,11,dup-5425644987096-5425645717554-5425646095210-5425646184757-5425646442310-5425646862691-5425646994189-5425647068206-5425647226574-5425647247884-5425647319663,"[""Unknown""]",,,2026-07-27T08:24:48.778539+00:00,2,https://www.halooglasi.com/nekretnine/prodaja-stanova/bw-terraces-namesten-stan-sa-pogledom-na-reku/5425646994189?kid=1&sid=1785141254999,U pretrazi sajta možete željene oglase označiti kao izabrane i tako ih kasnije lakše pronaći. Želim da saznam više.
5425646968875,prodaja,"BW Riviera, ugaona pozicija, pogled na reku ID#446",1590000.0,1.590.000 €,7832.51,,203.0,4.0,,,,,,,,"Ulica Hercegovačka 23/209, Savski Venac",Savski venac,,False,,,,,,,,,,True,3,dup-5425646689726-5425646689726-5425646968875,"[""Unknown""]",,,2026-07-27T08:24:48.778539+00:00,2,https://www.halooglasi.com/nekretnine/prodaja-stanova/bw-riviera-ugaona-pozicija-pogled-na-reku-id4/5425646968875?kid=1&sid=1785141254999,U pretrazi sajta možete željene oglase označiti kao izabrane i tako ih kasnije lakše pronaći. Želim da saznam više.
5425646565639,prodaja,Bw Perla Prestiz na 22. spratu sa pogledom na reku,969000.0,969.000 €,6634.26,,146.06,4.0,,,,,,,,Ulica Šumatovačka 36,Savski venac,,False,,,,,,,,,,True,7,dup-5425645343233-5425645573418-5425645720212-5425645899673-5425646565639-5425647029319-5425647354954,"[""Unknown""]",,,2026-07-27T08:24:48.778539+00:00,2,https://www.halooglasi.com/nekretnine/prodaja-stanova/bw-perla-prestiz-na-22-spratu-sa-pogledom-na/5425646565639?kid=1&sid=1785141254999,U pretrazi sajta možete željene oglase označiti kao izabrane i tako ih kasnije lakše pronaći. Želim da saznam više.
5425646670267,prodaja,Sensa 4.0 luksuzno opremljen + parking mesto,720000.0,720.000 €,5853.66,,123.0,4.0,,,,,,,,,Savski venac,,False,,,,,,,,,,True,3,dup-5425646494789-5425646670267-5425647444979,"[""Unknown""]",,,2026-07-27T08:24:48.778539+00:00,2,https://www.halooglasi.com/nekretnine/prodaja-stanova/sensa-4-0-luksuzno-opremljen-parking-mesto/5425646670267?kid=1&sid=1785141254999,U pretrazi sajta možete željene oglase označiti kao izabrane i tako ih kasnije lakše pronaći. Želim da saznam više.
5425647381753,prodaja,"BW Magnolia, LUX 4.0 stan - Poslovni prostor ID#10",610000.0,610.000 €,4765.62,,128.0,4.0,,,,,,,,"Ulica Zeleni venac 2a, Beograd",Savski venac,,False,,,,,,,,,,True,2,dup-5425647237006-5425647381753,"[""Unknown""]",,,2026-07-27T08:24:48.778539+00:00,2,https://www.halooglasi.com/nekretnine/prodaja-stanova/bw-magnolia-lux-4-0-stan---poslovni-prostor-i/5425647381753?kid=3&sid=1785141254999,U pretrazi sajta možete željene oglase označiti kao izabrane i tako ih kasnije lakše pronaći. Želim da saznam više.
5425646699568,prodaja,Luksuzan stan u Kuli Belgrade Waterfront,1800000.0,1.800.000 €,11009.17,,163.5,4.0,,,,,,,,,Savski venac,,False,,,,,,,,,,True,3,dup-5425646442373-5425646699568-5425647330603,"[""Unknown""]",,,2026-07-27T08:24:48.778539+00:00,2,https://www.halooglasi.com/nekretnine/prodaja-stanova/luksuzan-stan-u-kuli-belgrade-waterfront/5425646699568?kid=1&sid=1785141254999,U pretrazi sajta možete željene oglase označiti kao izabrane i tako ih kasnije lakše pronaći. Želim da saznam više.
5425645654575,prodaja,"BW Hudson, pogled iz prvog reda, bez provizije ID#",575000.0,575.000 €,5000.0,,115.0,4.0,,,,,,,,"Ulica Hercegovačka 23/209, Savski Venac",Savski venac,,False,False,,,,,,,,,True,26,dup-5425643813480-5425645654575-5425645804705-5425646236023-5425646507250-5425646656965-5425646728417-5425646821617-5425646856466-5425646867192-5425646970667-5425646978446-5425647054241-5425647059274-5425647064092-5425647077948-5425647096081-5425647107120-5425647111575-5425647135601-5425647165430-5425647165458-5425647202836-5425647202864-5425647324751-5425647387495,"[""Owner"", ""Unknown""]",,,2026-07-27T08:24:48.778539+00:00,2,https://www.halooglasi.com/nekretnine/prodaja-stanova/bw-hudson-pogled-iz-prvog-reda-bez-provizije/5425645654575?kid=1&sid=1785141254999,U pretrazi sajta možete željene oglase označiti kao izabrane i tako ih kasnije lakše pronaći. Želim da saznam više.
5425646997463,prodaja,BW Perla 04 | Beograd na vodi | Luksuzan,1220000.0,1.220.000 €,7973.86,,153.0,4.0,,,,,,,,,Savski venac,,False,,,,,,,,,,True,2,dup-5425646821600-5425646997463,"[""Unknown""]",,,2026-07-27T08:24:48.778539+00:00,2,https://www.halooglasi.com/nekretnine/prodaja-stanova/bw-perla-04-beograd-na-vodi-luksuzan/5425646997463?kid=1&sid=1785141254999,U pretrazi sajta možete željene oglase označiti kao izabrane i tako ih kasnije lakše pronaći. Želim da saznam više.
5425647138409,prodaja,Pogled na reku - hitna prodaja ID#136899,720000.0,720.000 €,5000.0,,144.0,4.0,,,,,,,,Ulica Bulevar Arsenija Čarnojevića 108/4,Savski venac,,False,,,,,,,,,,True,7,dup-5425644356122-5425645738135-5425646881337-5425647138409-5425647205362-5425647283386-5425647322768,"[""Unknown""]",,,2026-07-27T08:24:48.778539+00:00,2,https://www.halooglasi.com/nekretnine/prodaja-stanova/pogled-na-reku---hitna-prodaja-id136899/5425647138409?kid=1&sid=1785141254999,U pretrazi sajta možete željene oglase označiti kao izabrane i tako ih kasnije lakše pronaći. Želim da saznam više.
5425647165458,prodaja,Četvorosoban stan u BW Sena,575000.0,575.000 €,5258.34,,109.35,4.0,4.0,4-Bedroom,,,,,,Ulica Bulevar Mihajla Pupina 165g,Savski venac,,False,False,,,,,,,,,True,26,dup-5425643813480-5425645654575-5425645804705-5425646236023-5425646507250-5425646656965-5425646728417-5425646821617-5425646856466-5425646867192-5425646970667-5425646978446-5425647054241-5425647059274-5425647064092-5425647077948-5425647096081-5425647107120-5425647111575-5425647135601-5425647165430-5425647165458-5425647202836-5425647202864-5425647324751-5425647387495,"[""Owner"", ""Unknown""]",,,2026-07-27T08:24:48.778539+00:00,2,https://www.halooglasi.com/nekretnine/prodaja-stanova/cetvorosoban-stan-u-bw-sena/5425647165458?kid=1&sid=1785141254999,U pretrazi sajta možete željene oglase označiti kao izabrane i tako ih kasnije lakše pronaći. Želim da saznam više.
5425647329532,prodaja,Penthouse | BW King’s Park | Prostrana terasa,795000.0,795.000 €,5234.74,,151.87,4.0,,,,,,,,Ulica Hercegovačka 16,Savski venac,,False,,,,,,,,,,True,6,dup-5425646992417-5425647226628-5425647259802-5425647261908-5425647329532-5425647445845,"[""Unknown""]",,,2026-07-27T08:24:48.778539+00:00,2,https://www.halooglasi.com/nekretnine/prodaja-stanova/penthouse-bw-kings-park-prostrana-terasa/5425647329532?kid=4&sid=1785141254999,U pretrazi sajta možete željene oglase označiti kao izabrane i tako ih kasnije lakše pronaći. Želim da saznam više.
5425647283386,prodaja,BW Aria luksuzan 4.0 stan u Beogradu na vodi 144m2,735000.0,735.000 €,5104.17,,144.0,4.0,,,,,,,,Ulica Bulevar despota Stefana 64a,Savski venac,,False,False,,,,,,,,,True,7,dup-5425644356122-5425645738135-5425646881337-5425647138409-5425647205362-5425647283386-5425647322768,"[""Unknown""]",,,2026-07-27T08:24:48.778539+00:00,2,https://www.halooglasi.com/nekretnine/prodaja-stanova/bw-aria-luksuzan-4-0-stan-u-beogradu-na-vodi/5425647283386?kid=4&sid=1785141254999,U pretrazi sajta možete željene oglase označiti kao izabrane i tako ih kasnije lakše pronaći. Želim da saznam više.
5425646507250,prodaja,BW Aria lux stan sa pogledom na reku,610000.0,610.000 €,5596.33,,109.0,4.0,,,,,,,,Ulica Dalmatinska 65a,Savski venac,,False,False,,,,,,,,,True,26,dup-5425643813480-5425645654575-5425645804705-5425646236023-5425646507250-5425646656965-5425646728417-5425646821617-5425646856466-5425646867192-5425646970667-5425646978446-5425647054241-5425647059274-5425647064092-5425647077948-5425647096081-5425647107120-5425647111575-5425647135601-5425647165430-5425647165458-5425647202836-5425647202864-5425647324751-5425647387495,"[""Owner"", ""Unknown""]",,,2026-07-27T08:24:48.778539+00:00,2,https://www.halooglasi.com/nekretnine/prodaja-stanova/bw-aria-lux-stan-sa-pogledom-na-reku/5425646507250?kid=4&sid=1785141254999,U pretrazi sajta možete željene oglase označiti kao izabrane i tako ih kasnije lakše pronaći. Želim da saznam više.
5425647287091,prodaja,"BW Kula, ugaona pozicija, spektakularan pogled ID#",1800000.0,1.800.000 €,10843.37,,166.0,4.0,,,,,,,,"Ulica Hercegovačka 23/209, Savski Venac",Savski venac,,False,False,,,,,,,,,False,1,,[],,,2026-07-27T08:24:48.778539+00:00,2,https://www.halooglasi.com/nekretnine/prodaja-stanova/bw-kula-ugaona-pozicija-spektakularan-pogled/5425647287091?kid=1&sid=1785141254999,U pretrazi sajta možete željene oglase označiti kao izabrane i tako ih kasnije lakše pronaći. Želim da saznam više.
5425646970667,prodaja,Bw Terra stan sa poglegom na reku,610000.0,610.000 €,5446.43,,112.0,4.0,,,,,,,,Ulica Šumatovačka 36,Savski venac,,False,,,,,,,,,,True,26,dup-5425643813480-5425645654575-5425645804705-5425646236023-5425646507250-5425646656965-5425646728417-5425646821617-5425646856466-5425646867192-5425646970667-5425646978446-5425647054241-5425647059274-5425647064092-5425647077948-5425647096081-5425647107120-5425647111575-5425647135601-5425647165430-5425647165458-5425647202836-5425647202864-5425647324751-5425647387495,"[""Owner"", ""Unknown""]",,,2026-07-27T08:24:48.778539+00:00,2,https://www.halooglasi.com/nekretnine/prodaja-stanova/bw-terra-stan-sa-poglegom-na-reku/5425646970667?kid=1&sid=1785141254999,U pretrazi sajta možete željene oglase označiti kao izabrane i tako ih kasnije lakše pronaći. Želim da saznam više.
5425646237908,prodaja,Na prodaju luksuzan stan u zgradi Bw,1850000.0,1.850.000 €,5929.49,,312.0,5+,,,,,,,,,Savski venac,,False,,,,,,,,,,True,2,dup-5425645612285-5425646237908,"[""Unknown""]",,,2026-07-27T08:24:48.778539+00:00,2,https://www.halooglasi.com/nekretnine/prodaja-stanova/na-prodaju-luksuzan-stan-u-zgradi-bw/5425646237908?kid=1&sid=1785141419608,U pretrazi sajta možete željene oglase označiti kao izabrane i tako ih kasnije lakše pronaći. Želim da saznam više.
5425645612285,prodaja,"Bw Thalia - izuzetan stan, 312m2",1800000.0,1.800.000 €,5772.19,,311.84,5+,,,,,,,,"Ulica Omladinskih brigada 86v, Novi Beograd",Savski venac,,False,,,,,,,,,,True,2,dup-5425645612285-5425646237908,"[""Unknown""]",,,2026-07-27T08:24:48.778539+00:00,2,https://www.halooglasi.com/nekretnine/prodaja-stanova/bw-thalia---izuzetan-stan-312m2/5425645612285?kid=1&sid=1785141419608,U pretrazi sajta možete željene oglase označiti kao izabrane i tako ih kasnije lakše pronaći. Želim da saznam više.
5425644882234,prodaja,Fenomenalan dupleks u BW Diva,1050000.0,1.050.000 €,3339.48,,314.42,5+,,,,,,,,Ulica Bulevar Mihajla Pupina 165g,Savski venac,,False,,,,,,,,,,False,1,,[],,,2026-07-27T08:24:48.778539+00:00,2,https://www.halooglasi.com/nekretnine/prodaja-stanova/fenomenalan-dupleks-u-bw-diva/5425644882234?kid=1&sid=1785141419608,U pretrazi sajta možete željene oglase označiti kao izabrane i tako ih kasnije lakše pronaći. Želim da saznam više.
5425646988269,izdavanje,"BW Kings park, 2,0, 55m2, VI, garažno mesto",1200.0,1.200 €,21.82,1200.0,55.0,2.0,,,,,,,,Ulica Antifašističke borbe 33,Savski venac,,False,False,,,,,,,,,True,54,dup-5425642693974-5425642808132-5425643292956-5425644407677-5425645349252-5425645834826-5425646029674-5425646186820-5425646636117-5425646653103-5425646683178-5425646759339-5425646789519-5425646947516-5425646988269-5425646994179-5425646994187-5425647027028-5425647050253-5425647056877-5425647059264-5425647241678-5425647261882-5425647294978-5425647322782-5425647376370-5425647381725-5425647384940-5425647389996-5425647394615-5425647394615-5425647405804-5425647408986-5425647411291-5425647411938-5425647412044-5425647412078-5425647412098-5425647412948-5425647413122-5425647417562-5425647435342-5425647435342-5425647437112-5425647438205-5425647438777-5425647440562-5425647442850-5425647442874-5425647446221-5425647446235-5425647447271-5425647448049-5425647448049,"[""Owner"", ""Unknown""]",,,2026-07-27T08:24:48.778539+00:00,2,https://www.halooglasi.com/nekretnine/izdavanje-stanova/bw-kings-park-2-0-55m2-vi-garazno-mesto/5425646988269?kid=1&sid=1785141458670,U pretrazi sajta možete željene oglase označiti kao izabrane i tako ih kasnije lakše pronaći. Želim da saznam više.
5425647062953,izdavanje,BW Perla 01 | Potpuno namešten | Neuseljavan | Wel,2300.0,2.300 €,32.86,2300.0,70.0,2.0,,,,,,,,,Savski venac,,False,,,,,,,,,,True,6,dup-5425647062953-5425647141844-5425647297699-5425647374860-5425647374860-5425647376390,"[""Unknown""]",,,2026-07-27T08:24:48.778539+00:00,2,https://www.halooglasi.com/nekretnine/izdavanje-stanova/bw-perla-01-potpuno-namesten-neuseljavan-wel/5425647062953?kid=1&sid=1785141458670,U pretrazi sajta možete željene oglase označiti kao izabrane i tako ih kasnije lakše pronaći. Želim da saznam više.
5425647438777,izdavanje,Izdavanje Lux 2.0 stana-BW Arkadia,1200.0,1.200 €,21.43,1200.0,56.0,2.0,,,,,,,,Ulica Hercegovačka 15,Savski venac,,False,,,,,,,,,,True,54,dup-5425642693974-5425642808132-5425643292956-5425644407677-5425645349252-5425645834826-5425646029674-5425646186820-5425646636117-5425646653103-5425646683178-5425646759339-5425646789519-5425646947516-5425646988269-5425646994179-5425646994187-5425647027028-5425647050253-5425647056877-5425647059264-5425647241678-5425647261882-5425647294978-5425647322782-5425647376370-5425647381725-5425647384940-5425647389996-5425647394615-5425647394615-5425647405804-5425647408986-5425647411291-5425647411938-5425647412044-5425647412078-5425647412098-5425647412948-5425647413122-5425647417562-5425647435342-5425647435342-5425647437112-5425647438205-5425647438777-5425647440562-5425647442850-5425647442874-5425647446221-5425647446235-5425647447271-5425647448049-5425647448049,"[""Owner"", ""Unknown""]",,,2026-07-27T08:24:48.778539+00:00,2,https://www.halooglasi.com/nekretnine/izdavanje-stanova/izdavanje-lux-2-0-stana-bw-arkadia/5425647438777?kid=4&sid=1785141458670,U pretrazi sajta možete željene oglase označiti kao izabrane i tako ih kasnije lakše pronaći. Želim da saznam više.
5425647120395,izdavanje,BW Vista | Beograd na vodi | Luksuzan | Pogled na,2000.0,2.000 €,22.47,2000.0,89.0,3.0,,,,,,,,,Savski venac,,True,,,,,,,,,,True,24,dup-5425636267820-5425643952068-5425643976736-5425644615850-5425644623242-5425645143989-5425645219718-5425645968027-5425646890142-5425647118463-5425647120395-5425647177783-5425647181851-5425647270381-5425647294658-5425647323350-5425647328513-5425647374698-5425647389710-5425647425985-5425647438227-5425647438227-5425647442864-5425647444226,"[""Owner"", ""Unknown""]",,,2026-07-27T08:24:48.778539+00:00,2,https://www.halooglasi.com/nekretnine/izdavanje-stanova/bw-vista-beograd-na-vodi-luksuzan-pogled-na/5425647120395?kid=1&sid=1785141458670,U pretrazi sajta možete željene oglase označiti kao izabrane i tako ih kasnije lakše pronaći. Želim da saznam više.
5425647413159,izdavanje,BW Residence-jedinstvena ponuda,3700.0,3.700 €,26.06,3700.0,142.0,3.0,,,,,,BW Residence,,Ulica Dr Ivana Ribara 198/12,Savski venac,,False,,,,,,,,,,True,2,dup-5425644081440-5425647413159,"[""Unknown""]",,,2026-07-27T08:24:48.778539+00:00,2,https://www.halooglasi.com/nekretnine/izdavanje-stanova/bw-residence-jedinstvena-ponuda/5425647413159?kid=1&sid=1785141458670,U pretrazi sajta možete željene oglase označiti kao izabrane i tako ih kasnije lakše pronaći. Želim da saznam više.
5425645143989,izdavanje,"BW, Lux stan 90m2 ID#9727",1600.0,1.600 €,17.78,1600.0,90.0,3.0,,,,,,,,"Ulica Dositejeva 9/3, Beograd",Savski venac,,True,,,,,,,,,,True,24,dup-5425636267820-5425643952068-5425643976736-5425644615850-5425644623242-5425645143989-5425645219718-5425645968027-5425646890142-5425647118463-5425647120395-5425647177783-5425647181851-5425647270381-5425647294658-5425647323350-5425647328513-5425647374698-5425647389710-5425647425985-5425647438227-5425647438227-5425647442864-5425647444226,"[""Owner"", ""Unknown""]",,,2026-07-27T08:24:48.778539+00:00,2,https://www.halooglasi.com/nekretnine/izdavanje-stanova/bw-lux-stan-90m2-id9727/5425645143989?kid=1&sid=1785141458670,U pretrazi sajta možete željene oglase označiti kao izabrane i tako ih kasnije lakše pronaći. Želim da saznam više.
5425646382416,izdavanje,"Beograd na vodi, namešten, 2 parking mesta ID#1256",1800.0,1.800 €,23.68,1800.0,76.0,3.0,,,,,,,,"Ulica Beograd, Stanoja Glavaša 1A",Savski venac,,False,False,,,,,,,,,True,36,dup-5425636664513-5425644454324-5425644469334-5425645881064-5425646382416-5425646772621-5425647137905-5425647243508-5425647261827-5425647269102-5425647292104-5425647292117-5425647294752-5425647294987-5425647298382-5425647326970-5425647374732-5425647392042-5425647409640-5425647409641-5425647414692-5425647419262-5425647423708-5425647423708-5425647430793-5425647432817-5425647432817-5425647433125-5425647434631-5425647435406-5425647438180-5425647438259-5425647442845-5425647444958-5425647447155-5425647454228,"[""Owner"", ""Unknown""]",,,2026-07-27T08:24:48.778539+00:00,2,https://www.halooglasi.com/nekretnine/izdavanje-stanova/beograd-na-vodi-namesten-2-parking-mesta-id12/5425646382416?kid=1&sid=1785141458670,U pretrazi sajta možete željene oglase označiti kao izabrane i tako ih kasnije lakše pronaći. Želim da saznam više.
5425646881881,izdavanje,"BW Kula , St. Regis , ekskluzivan stan ID#9539",4500.0,4.500 €,50.0,4500.0,90.0,3.0,,,,,,Kula Beograd,Kula Beograd,"Ulica Dositejeva 9/3, Beograd",Savski venac,,True,,,,,,,,,,True,8,dup-5425645043784-5425646162178-5425646881881-5425646915089-5425646992418-5425647004755-5425647172383-5425647179300,"[""Owner"", ""Unknown""]",,,2026-07-27T08:24:48.778539+00:00,2,https://www.halooglasi.com/nekretnine/izdavanje-stanova/bw-kula-st-regis-ekskluzivan-stan-id9539/5425646881881?kid=1&sid=1785141458670,U pretrazi sajta možete željene oglase označiti kao izabrane i tako ih kasnije lakše pronaći. Želim da saznam više.
5425643061118,izdavanje,Lux 4.0 / 2 garazna - BW Terra,2000.0,2.000 €,18.18,2000.0,110.0,4.0,,,,,,,,"Ulica Mačvanska 9, Vračar",Savski venac,,False,,,,,,,,,,True,6,dup-5425643061118-5425645249975-5425645393853-5425647253980-5425647261836-5425647423703,"[""Owner"", ""Unknown""]",,,2026-07-27T08:24:48.778539+00:00,2,https://www.halooglasi.com/nekretnine/izdavanje-stanova/lux-4-0-2-garazna---bw-terra/5425643061118?kid=1&sid=1785141458670,U pretrazi sajta možete željene oglase označiti kao izabrane i tako ih kasnije lakše pronaći. Želim da saznam više.
5425647323350,izdavanje,Moderan 4.0 - garaza - Parkview,2000.0,2.000 €,21.74,2000.0,92.0,4.0,,,,,,,,"Ulica Macvanska 9, Vracar",Savski venac,,False,,,,,,,,,,True,24,dup-5425636267820-5425643952068-5425643976736-5425644615850-5425644623242-5425645143989-5425645219718-5425645968027-5425646890142-5425647118463-5425647120395-5425647177783-5425647181851-5425647270381-5425647294658-5425647323350-5425647328513-5425647374698-5425647389710-5425647425985-5425647438227-5425647438227-5425647442864-5425647444226,"[""Owner"", ""Unknown""]",,,2026-07-27T08:24:48.778539+00:00,2,https://www.halooglasi.com/nekretnine/izdavanje-stanova/moderan-4-0---garaza---parkview/5425647323350?kid=4&sid=1785141458670,U pretrazi sajta možete željene oglase označiti kao izabrane i tako ih kasnije lakše pronaći. Želim da saznam više.
5425647297697,izdavanje,Četvorosoban | BW Residence | Pogled na reku,2800.0,2.800 €,23.79,2800.0,117.69,4.0,4.0,4-Bedroom,,,,BW Residence,,Ulica Hercegovačka 16,Savski venac,,False,,,,,,,,,,False,1,,[],,,2026-07-27T08:24:48.778539+00:00,2,https://www.halooglasi.com/nekretnine/izdavanje-stanova/cetvorosoban-bw-residence-pogled-na-reku/5425647297697?kid=3&sid=1785141458670,U pretrazi sajta možete željene oglase označiti kao izabrane i tako ih kasnije lakše pronaći. Želim da saznam više.
5425646994187,izdavanje,BW Echo 12 | Beograd na vodi | Sa garažom,1200.0,1.200 €,21.43,1200.0,56.0,2.0,,,,,,,,,Savski venac,,False,,,,,,,,,,True,54,dup-5425642693974-5425642808132-5425643292956-5425644407677-5425645349252-5425645834826-5425646029674-5425646186820-5425646636117-5425646653103-5425646683178-5425646759339-5425646789519-5425646947516-5425646988269-5425646994179-5425646994187-5425647027028-5425647050253-5425647056877-5425647059264-5425647241678-5425647261882-5425647294978-5425647322782-5425647376370-5425647381725-5425647384940-5425647389996-5425647394615-5425647394615-5425647405804-5425647408986-5425647411291-5425647411938-5425647412044-5425647412078-5425647412098-5425647412948-5425647413122-5425647417562-5425647435342-5425647435342-5425647437112-5425647438205-5425647438777-5425647440562-5425647442850-5425647442874-5425647446221-5425647446235-5425647447271-5425647448049-5425647448049,"[""Owner"", ""Unknown""]",,,2026-07-27T08:24:48.778539+00:00,2,https://www.halooglasi.com/nekretnine/izdavanje-stanova/bw-echo-12-beograd-na-vodi-sa-garazom/5425646994187?kid=1&sid=1785141458670,U pretrazi sajta možete željene oglase označiti kao izabrane i tako ih kasnije lakše pronaći. Želim da saznam više.
5425646772621,izdavanje,"Stan za izdavanje 80 m2, 17/20 sprat, BW Eden",1600.0,1.600 €,20.0,1600.0,80.0,3.0,,,,,,,,,Savski venac,,False,,,,,,,,,,True,36,dup-5425636664513-5425644454324-5425644469334-5425645881064-5425646382416-5425646772621-5425647137905-5425647243508-5425647261827-5425647269102-5425647292104-5425647292117-5425647294752-5425647294987-5425647298382-5425647326970-5425647374732-5425647392042-5425647409640-5425647409641-5425647414692-5425647419262-5425647423708-5425647423708-5425647430793-5425647432817-5425647432817-5425647433125-5425647434631-5425647435406-5425647438180-5425647438259-5425647442845-5425647444958-5425647447155-5425647454228,"[""Owner"", ""Unknown""]",,,2026-07-27T08:24:48.778539+00:00,2,https://www.halooglasi.com/nekretnine/izdavanje-stanova/stan-za-izdavanje-80-m2-1720-sprat-bw-eden/5425646772621?kid=1&sid=1785141458670,U pretrazi sajta možete željene oglase označiti kao izabrane i tako ih kasnije lakše pronaći. Želim da saznam više.
5425647419236,izdavanje,"Trosoban stan za izdavanje u BW Eterna, 95m2",1600.0,1.600 €,16.84,1600.0,95.0,3.0,3.0,3-Bedroom,,,,,,Ulica Bulevar despota Stefana 64a,Savski venac,,False,,,,,,,,,,True,2,dup-5425647411272-5425647419236,"[""Unknown""]",,,2026-07-27T08:24:48.778539+00:00,2,https://www.halooglasi.com/nekretnine/izdavanje-stanova/trosoban-stan-za-izdavanje-u-bw-eterna-95m2/5425647419236?kid=1&sid=1785141458670,U pretrazi sajta možete željene oglase označiti kao izabrane i tako ih kasnije lakše pronaći. Želim da saznam više.
5425647394615,izdavanje,Centar - Beograd na vodi BW #65262,1200.0,1.200 €,22.22,1200.0,54.0,2.0,,,,,,,,"Ulica Gandijeva 192, Beograd",Savski venac,,False,,,,,,,,,,True,54,dup-5425642693974-5425642808132-5425643292956-5425644407677-5425645349252-5425645834826-5425646029674-5425646186820-5425646636117-5425646653103-5425646683178-5425646759339-5425646789519-5425646947516-5425646988269-5425646994179-5425646994187-5425647027028-5425647050253-5425647056877-5425647059264-5425647241678-5425647261882-5425647294978-5425647322782-5425647376370-5425647381725-5425647384940-5425647389996-5425647394615-5425647394615-5425647405804-5425647408986-5425647411291-5425647411938-5425647412044-5425647412078-5425647412098-5425647412948-5425647413122-5425647417562-5425647435342-5425647435342-5425647437112-5425647438205-5425647438777-5425647440562-5425647442850-5425647442874-5425647446221-5425647446235-5425647447271-5425647448049-5425647448049,"[""Owner"", ""Unknown""]",,,2026-07-27T08:24:48.778539+00:00,2,https://www.halooglasi.com/nekretnine/izdavanje-stanova/centar---beograd-na-vodi-bw-65262/5425647394615?kid=4&sid=1785141458670,U pretrazi sajta možete željene oglase označiti kao izabrane i tako ih kasnije lakše pronaći. Želim da saznam više.
5425647320910,izdavanje,BW Perla | Namešten trosoban stan | SPA,3250.0,3.250 €,29.82,3250.0,109.0,3.0,3.0,3-Bedroom,,,,,,Ulica Kralja Milutina 49,Savski venac,,False,,,,,,,,,,True,7,dup-5425647320813-5425647320883-5425647320910-5425647374936-5425647376377-5425647392806-5425647433181,"[""Unknown""]",,,2026-07-27T08:24:48.778539+00:00,2,https://www.halooglasi.com/nekretnine/izdavanje-stanova/bw-perla-namesten-trosoban-stan-spa/5425647320910?kid=3&sid=1785141458670,U pretrazi sajta možete željene oglase označiti kao izabrane i tako ih kasnije lakše pronaći. Želim da saznam više.
5425647414963,izdavanje,2.0 stan za izdavanje u BW Queen’s Park Residences,1600.0,1.600 €,29.63,1600.0,54.0,2.0,,,,,,BW Residence,,Ulica Bulevar despota Stefana 64a,Savski venac,,False,,,,,,,,,,False,1,,[],,,2026-07-27T08:24:48.778539+00:00,2,https://www.halooglasi.com/nekretnine/izdavanje-stanova/2-0-stan-za-izdavanje-u-bw-queens-park-reside/5425647414963?kid=1&sid=1785141458670,U pretrazi sajta možete željene oglase označiti kao izabrane i tako ih kasnije lakše pronaći. Želim da saznam više.
5425647413122,izdavanje,"BW Kings Park, lux, nov i odmah useljiv ID#4768",1250.0,1.250 €,21.93,1250.0,57.0,2.0,,,,,,,,"Ulica Hercegovačka 23/209, Savski Venac",Savski venac,,False,False,,,,,,,,,True,54,dup-5425642693974-5425642808132-5425643292956-5425644407677-5425645349252-5425645834826-5425646029674-5425646186820-5425646636117-5425646653103-5425646683178-5425646759339-5425646789519-5425646947516-5425646988269-5425646994179-5425646994187-5425647027028-5425647050253-5425647056877-5425647059264-5425647241678-5425647261882-5425647294978-5425647322782-5425647376370-5425647381725-5425647384940-5425647389996-5425647394615-5425647394615-5425647405804-5425647408986-5425647411291-5425647411938-5425647412044-5425647412078-5425647412098-5425647412948-5425647413122-5425647417562-5425647435342-5425647435342-5425647437112-5425647438205-5425647438777-5425647440562-5425647442850-5425647442874-5425647446221-5425647446235-5425647447271-5425647448049-5425647448049,"[""Owner"", ""Unknown""]",,,2026-07-27T08:24:48.778539+00:00,2,https://www.halooglasi.com/nekretnine/izdavanje-stanova/bw-kings-park-lux-nov-i-odmah-useljiv-id4768/5425647413122?kid=1&sid=1785141458670,U pretrazi sajta možete željene oglase označiti kao izabrane i tako ih kasnije lakše pronaći. Želim da saznam više.
5425646665250,izdavanje,"Bw Residences, pristup bazenu i teretani",3200.0,3.200 €,33.33,3200.0,96.0,3.0,,,,,,BW Residence,,Ulica Šumatovačka 36,Savski venac,,False,,,,,,,,,,False,1,,[],,,2026-07-27T08:24:48.778539+00:00,2,https://www.halooglasi.com/nekretnine/izdavanje-stanova/bw-residences-pristup-bazenu-i-teretani/5425646665250?kid=4&sid=1785141458670,U pretrazi sajta možete željene oglase označiti kao izabrane i tako ih kasnije lakše pronaći. Želim da saznam više.
5425647368678,izdavanje,"BW Scala-Luksuzan 3bedroom, pogled na park!",2750.0,2.750 €,24.74,2750.0,111.16,4.0,,,,,,,,Ulica Mileševska 43,Savski venac,,False,,,,,,,,,,True,7,dup-5425642026511-5425647310904-5425647316480-5425647333736-5425647357326-5425647362287-5425647368678,"[""Unknown""]",,,2026-07-27T08:24:48.778539+00:00,2,https://www.halooglasi.com/nekretnine/izdavanje-stanova/bw-scala-luksuzan-3bedroom-pogled-na-park/5425647368678?kid=4&sid=1785141458670,U pretrazi sajta možete željene oglase označiti kao izabrane i tako ih kasnije lakše pronaći. Želim da saznam više.
5425647428998,izdavanje,Centar - Beograd na vodi BW #68290,800.0,800 €,22.86,800.0,35.0,1.0,,,,,,,,"Ulica Gandijeva 192, Beograd",Savski venac,,False,,,,,,,,,,False,1,,[],,,2026-07-27T08:24:48.778539+00:00,2,https://www.halooglasi.com/nekretnine/izdavanje-stanova/centar---beograd-na-vodi-bw-68290/5425647428998?kid=4&sid=1785141458670,U pretrazi sajta možete željene oglase označiti kao izabrane i tako ih kasnije lakše pronaći. Želim da saznam više.
5425636664513,izdavanje,"Kvalitetan 3.0 stan sa garažom u BW, ID 1585",1900.0,1.900 €,23.75,1900.0,80.0,3.0,,,,,,,,Ulica Hercegovačka 19,Savski venac,,False,,,,,,,,,,True,36,dup-5425636664513-5425644454324-5425644469334-5425645881064-5425646382416-5425646772621-5425647137905-5425647243508-5425647261827-5425647269102-5425647292104-5425647292117-5425647294752-5425647294987-5425647298382-5425647326970-5425647374732-5425647392042-5425647409640-5425647409641-5425647414692-5425647419262-5425647423708-5425647423708-5425647430793-5425647432817-5425647432817-5425647433125-5425647434631-5425647435406-5425647438180-5425647438259-5425647442845-5425647444958-5425647447155-5425647454228,"[""Owner"", ""Unknown""]",,,2026-07-27T08:24:48.778539+00:00,2,https://www.halooglasi.com/nekretnine/izdavanje-stanova/kvalitetan-3-0-stan-sa-garazom-u-bw-id-1585/5425636664513?kid=1&sid=1785141458670,U pretrazi sajta možete željene oglase označiti kao izabrane i tako ih kasnije lakše pronaći. Želim da saznam više.
5425647435342,izdavanje,"Kings Park, moderan, kompletno opremljen ID#1293",1250.0,1.250 €,24.04,1250.0,52.0,2.0,,,,,,,,"Ulica Jedrenska 2, Beograd",Savski venac,,False,False,,,,,,,,,True,54,dup-5425642693974-5425642808132-5425643292956-5425644407677-5425645349252-5425645834826-5425646029674-5425646186820-5425646636117-5425646653103-5425646683178-5425646759339-5425646789519-5425646947516-5425646988269-5425646994179-5425646994187-5425647027028-5425647050253-5425647056877-5425647059264-5425647241678-5425647261882-5425647294978-5425647322782-5425647376370-5425647381725-5425647384940-5425647389996-5425647394615-5425647394615-5425647405804-5425647408986-5425647411291-5425647411938-5425647412044-5425647412078-5425647412098-5425647412948-5425647413122-5425647417562-5425647435342-5425647435342-5425647437112-5425647438205-5425647438777-5425647440562-5425647442850-5425647442874-5425647446221-5425647446235-5425647447271-5425647448049-5425647448049,"[""Owner"", ""Unknown""]",,,2026-07-27T08:24:48.778539+00:00,2,https://www.halooglasi.com/nekretnine/izdavanje-stanova/kings-park-moderan-kompletno-opremljen-id1293/5425647435342?kid=4&sid=1785141458670,U pretrazi sajta možete željene oglase označiti kao izabrane i tako ih kasnije lakše pronaći. Želim da saznam više.
5425647411291,izdavanje,2.0 BW Metropolitan ID#2806,1200.0,1.200 €,21.43,1200.0,56.0,2.0,,,,,,,,"Ulica Terazije br.6, BEOGRAD",Savski venac,,False,False,,,,,,,,,True,54,dup-5425642693974-5425642808132-5425643292956-5425644407677-5425645349252-5425645834826-5425646029674-5425646186820-5425646636117-5425646653103-5425646683178-5425646759339-5425646789519-5425646947516-5425646988269-5425646994179-5425646994187-5425647027028-5425647050253-5425647056877-5425647059264-5425647241678-5425647261882-5425647294978-5425647322782-5425647376370-5425647381725-5425647384940-5425647389996-5425647394615-5425647394615-5425647405804-5425647408986-5425647411291-5425647411938-5425647412044-5425647412078-5425647412098-5425647412948-5425647413122-5425647417562-5425647435342-5425647435342-5425647437112-5425647438205-5425647438777-5425647440562-5425647442850-5425647442874-5425647446221-5425647446235-5425647447271-5425647448049-5425647448049,"[""Owner"", ""Unknown""]",,,2026-07-27T08:24:48.778539+00:00,2,https://www.halooglasi.com/nekretnine/izdavanje-stanova/2-0-bw-metropolitan-id2806/5425647411291?kid=1&sid=1785141458670,U pretrazi sajta možete željene oglase označiti kao izabrane i tako ih kasnije lakše pronaći. Želim da saznam više.
5425647000084,izdavanje,"Bw Residences, dvosoban, 61m2",1600.0,1.600 €,26.23,1600.0,61.0,2.0,2.0,2-Bedroom,,,,BW Residence,,Ulica Hercegovacka 14a,Savski venac,,False,False,,,,,,,,,True,4,dup-5425644217740-5425647000084-5425647054664-5425647440572,"[""Unknown""]",,,2026-07-27T08:24:48.778539+00:00,2,https://www.halooglasi.com/nekretnine/izdavanje-stanova/bw-residences-dvosoban-61m2/5425647000084?kid=1&sid=1785141458670,U pretrazi sajta možete željene oglase označiti kao izabrane i tako ih kasnije lakše pronaći. Želim da saznam više.
5425647454228,izdavanje,Centar - Beograd na vodi BW #68353,1600.0,1.600 €,19.28,1600.0,83.0,3.0,,,,,,,,"Ulica Gandijeva 192, Beograd",Savski venac,,False,False,,,,,,,,,True,36,dup-5425636664513-5425644454324-5425644469334-5425645881064-5425646382416-5425646772621-5425647137905-5425647243508-5425647261827-5425647269102-5425647292104-5425647292117-5425647294752-5425647294987-5425647298382-5425647326970-5425647374732-5425647392042-5425647409640-5425647409641-5425647414692-5425647419262-5425647423708-5425647423708-5425647430793-5425647432817-5425647432817-5425647433125-5425647434631-5425647435406-5425647438180-5425647438259-5425647442845-5425647444958-5425647447155-5425647454228,"[""Owner"", ""Unknown""]",,,2026-07-27T08:24:48.778539+00:00,2,https://www.halooglasi.com/nekretnine/izdavanje-stanova/centar---beograd-na-vodi-bw-68353/5425647454228?kid=1&sid=1785141458670,U pretrazi sajta možete željene oglase označiti kao izabrane i tako ih kasnije lakše pronaći. Želim da saznam više.
5425647374860,izdavanje,"BW Perla, premium, sa garažnim mestom ID#4732",2400.0,2.400 €,34.29,2400.0,70.0,2.0,,,,,,,,"Ulica Hercegovačka 23/209, Savski Venac",Savski venac,,False,False,,,,,,,,,True,6,dup-5425647062953-5425647141844-5425647297699-5425647374860-5425647374860-5425647376390,"[""Unknown""]",,,2026-07-27T08:24:48.778539+00:00,2,https://www.halooglasi.com/nekretnine/izdavanje-stanova/bw-perla-premium-sa-garaznim-mestom-id4732/5425647374860?kid=1&sid=1785141458670,U pretrazi sajta možete željene oglase označiti kao izabrane i tako ih kasnije lakše pronaći. Želim da saznam više.
5425647239295,izdavanje,Centar - Beograd na vodi BW Kula St. Regis #67725,2500.0,2.500 €,17.36,2500.0,144.0,4.0,,,,,,Kula Beograd,Kula Beograd,"Ulica Gandijeva 192, Beograd",Savski venac,,False,False,,,,,,,,,False,1,,[],,,2026-07-27T08:24:48.778539+00:00,2,https://www.halooglasi.com/nekretnine/izdavanje-stanova/centar---beograd-na-vodi-bw-kula-st-regis-677/5425647239295?kid=4&sid=1785141458670,U pretrazi sajta možete željene oglase označiti kao izabrane i tako ih kasnije lakše pronaći. Želim da saznam više.
5425647261836,izdavanje,"BW Vista, spektakularan, useljiv ID#4661",2000.0,2.000 €,18.02,2000.0,111.0,4.0,,,,,,,,"Ulica Hercegovačka 23/209, Savski Venac",Savski venac,,False,,,,,,,,,,True,6,dup-5425643061118-5425645249975-5425645393853-5425647253980-5425647261836-5425647423703,"[""Owner"", ""Unknown""]",,,2026-07-27T08:24:48.778539+00:00,2,https://www.halooglasi.com/nekretnine/izdavanje-stanova/bw-vista-spektakularan-useljiv-id4661/5425647261836?kid=1&sid=1785141458670,U pretrazi sajta možete željene oglase označiti kao izabrane i tako ih kasnije lakše pronaći. Želim da saznam više.
5425647270381,izdavanje,BW Eterna- 3.0 sa garažom,2000.0,2.000 €,23.26,2000.0,86.0,3.0,,,,,,,,Ulica Dr Ivana Ribara 198/12,Savski venac,,True,,,,,,,,,,True,24,dup-5425636267820-5425643952068-5425643976736-5425644615850-5425644623242-5425645143989-5425645219718-5425645968027-5425646890142-5425647118463-5425647120395-5425647177783-5425647181851-5425647270381-5425647294658-5425647323350-5425647328513-5425647374698-5425647389710-5425647425985-5425647438227-5425647438227-5425647442864-5425647444226,"[""Owner"", ""Unknown""]",,,2026-07-27T08:24:48.778539+00:00,2,https://www.halooglasi.com/nekretnine/izdavanje-stanova/bw-eterna--3-0-sa-garazom/5425647270381?kid=4&sid=1785141458670,U pretrazi sajta možete željene oglase označiti kao izabrane i tako ih kasnije lakše pronaći. Želim da saznam više.
5425642026511,izdavanje,BW Terraces - Luxury Living with a Riverfront View,3000.0,3.000 €,27.27,3000.0,110.0,3.0,,,,,,,,"Ulica Mačvanska 9, Vračar",Savski venac,,False,,,,,,,,,,True,7,dup-5425642026511-5425647310904-5425647316480-5425647333736-5425647357326-5425647362287-5425647368678,"[""Unknown""]",,,2026-07-27T08:24:48.778539+00:00,2,https://www.halooglasi.com/nekretnine/izdavanje-stanova/bw-terraces---luxury-living-with-a-riverfront/5425642026511?kid=1&sid=1785141458670,U pretrazi sajta možete željene oglase označiti kao izabrane i tako ih kasnije lakše pronaći. Želim da saznam više.
5425647261882,izdavanje,BW Kings Park 13 | Beograd na vodi | Luks | Pogle,1200.0,1.200 €,21.05,1200.0,57.0,2.0,,,,,,,,,Savski venac,,False,False,,,,,,,,,True,54,dup-5425642693974-5425642808132-5425643292956-5425644407677-5425645349252-5425645834826-5425646029674-5425646186820-5425646636117-5425646653103-5425646683178-5425646759339-5425646789519-5425646947516-5425646988269-5425646994179-5425646994187-5425647027028-5425647050253-5425647056877-5425647059264-5425647241678-5425647261882-5425647294978-5425647322782-5425647376370-5425647381725-5425647384940-5425647389996-5425647394615-5425647394615-5425647405804-5425647408986-5425647411291-5425647411938-5425647412044-5425647412078-5425647412098-5425647412948-5425647413122-5425647417562-5425647435342-5425647435342-5425647437112-5425647438205-5425647438777-5425647440562-5425647442850-5425647442874-5425647446221-5425647446235-5425647447271-5425647448049-5425647448049,"[""Owner"", ""Unknown""]",,,2026-07-27T08:24:48.778539+00:00,2,https://www.halooglasi.com/nekretnine/izdavanje-stanova/bw-kings-park-13-beograd-na-vodi-luks-pogle/5425647261882?kid=1&sid=1785141458670,U pretrazi sajta možete željene oglase označiti kao izabrane i tako ih kasnije lakše pronaći. Želim da saznam više.
5425645968027,izdavanje,BW Simfonija II - vrhunski 3.0 stan sa garazom,2000.0,2.000 €,22.22,2000.0,90.0,3.0,,,,,,,,,Savski venac,,True,,,,,,,,,,True,24,dup-5425636267820-5425643952068-5425643976736-5425644615850-5425644623242-5425645143989-5425645219718-5425645968027-5425646890142-5425647118463-5425647120395-5425647177783-5425647181851-5425647270381-5425647294658-5425647323350-5425647328513-5425647374698-5425647389710-5425647425985-5425647438227-5425647438227-5425647442864-5425647444226,"[""Owner"", ""Unknown""]",,,2026-07-27T08:24:48.778539+00:00,2,https://www.halooglasi.com/nekretnine/izdavanje-stanova/bw-simfonija-ii---vrhunski-3-0-stan-sa-garazo/5425645968027?kid=4&sid=1785141458670,U pretrazi sajta možete željene oglase označiti kao izabrane i tako ih kasnije lakše pronaći. Želim da saznam više.
5425647237646,izdavanje,Never occupied. Flawlessly designed.,2000.0,2.000 €,21.28,2000.0,94.0,3.0,,,,,,,,"Ulica Macvanska 9, Vracar",Savski venac,,False,,,,,,,,,,True,3,dup-5425647237646-5425647374940-5425647385145,"[""Unknown""]",,,2026-07-27T08:24:48.778539+00:00,2,https://www.halooglasi.com/nekretnine/izdavanje-stanova/never-occupied-flawlessly-designed/5425647237646?kid=3&sid=1785141458670,U pretrazi sajta možete željene oglase označiti kao izabrane i tako ih kasnije lakše pronaći. Želim da saznam više.
5425647118463,izdavanje,"BW Quartet 1, lepo namešten, gm ID#3964",1600.0,1.600 €,18.87,1600.0,84.77,3.0,,,,,,,,"Ulica Hercegovačka 23/209, Savski Venac",Savski venac,,False,,,,,,,,,,True,24,dup-5425636267820-5425643952068-5425643976736-5425644615850-5425644623242-5425645143989-5425645219718-5425645968027-5425646890142-5425647118463-5425647120395-5425647177783-5425647181851-5425647270381-5425647294658-5425647323350-5425647328513-5425647374698-5425647389710-5425647425985-5425647438227-5425647438227-5425647442864-5425647444226,"[""Owner"", ""Unknown""]",,,2026-07-27T08:24:48.778539+00:00,2,https://www.halooglasi.com/nekretnine/izdavanje-stanova/bw-quartet-1-lepo-namesten-gm-id3964/5425647118463?kid=1&sid=1785141458670,U pretrazi sajta možete željene oglase označiti kao izabrane i tako ih kasnije lakše pronaći. Želim da saznam više.
5425645043784,izdavanje,"BW St. Regis, ekskluzivan stan, izuzetan, ID 23289",4500.0,4.500 €,50.0,4500.0,90.0,3.0,,,,,,,,Ulica Uroša Martinovića 13,Savski venac,,True,,,,,,,,,,True,8,dup-5425645043784-5425646162178-5425646881881-5425646915089-5425646992418-5425647004755-5425647172383-5425647179300,"[""Owner"", ""Unknown""]",,,2026-07-27T08:24:48.778539+00:00,2,https://www.halooglasi.com/nekretnine/izdavanje-stanova/bw-st-regis-ekskluzivan-stan-izuzetan-id-2328/5425645043784?kid=1&sid=1785141458670,U pretrazi sajta možete željene oglase označiti kao izabrane i tako ih kasnije lakše pronaći. Želim da saznam više.
5425647225546,izdavanje,Centar - Beograd na vodi BW kula #67675,3200.0,3.200 €,51.61,3200.0,62.0,2.0,,,,,,Kula Beograd,Kula Beograd,"Ulica Gandijeva 192, Beograd",Savski venac,,False,,,,,,,,,,True,7,dup-5425647210878-5425647225546-5425647225546-5425647255125-5425647414713-5425647429004-5425647440519,"[""Unknown""]",,,2026-07-27T08:24:48.778539+00:00,2,https://www.halooglasi.com/nekretnine/izdavanje-stanova/centar---beograd-na-vodi-bw-kula-67675/5425647225546?kid=4&sid=1785141458670,U pretrazi sajta možete željene oglase označiti kao izabrane i tako ih kasnije lakše pronaći. Želim da saznam više.
5425647288650,izdavanje,"BW Kula- St. Regis, LUX, 2.0. Useljiv",5200.0,5.200 €,86.67,5200.0,60.0,2.0,,,,,,,,Ulica Sarajevska 40,Savski venac,,False,,,,,,,,,,False,1,,[],,,2026-07-27T08:24:48.778539+00:00,2,https://www.halooglasi.com/nekretnine/izdavanje-stanova/bw-kula--st-regis-lux-2-0-useljiv/5425647288650?kid=3&sid=1785141458670,U pretrazi sajta možete željene oglase označiti kao izabrane i tako ih kasnije lakše pronaći. Želim da saznam više.
5425647376370,izdavanje,BW Echo 08 | Beograd na vodi | Jedna spavaća soba,1200.0,1.200 €,21.05,1200.0,57.0,2.0,,,,,,,,,Savski venac,,False,False,,,,,,,,,True,54,dup-5425642693974-5425642808132-5425643292956-5425644407677-5425645349252-5425645834826-5425646029674-5425646186820-5425646636117-5425646653103-5425646683178-5425646759339-5425646789519-5425646947516-5425646988269-5425646994179-5425646994187-5425647027028-5425647050253-5425647056877-5425647059264-5425647241678-5425647261882-5425647294978-5425647322782-5425647376370-5425647381725-5425647384940-5425647389996-5425647394615-5425647394615-5425647405804-5425647408986-5425647411291-5425647411938-5425647412044-5425647412078-5425647412098-5425647412948-5425647413122-5425647417562-5425647435342-5425647435342-5425647437112-5425647438205-5425647438777-5425647440562-5425647442850-5425647442874-5425647446221-5425647446235-5425647447271-5425647448049-5425647448049,"[""Owner"", ""Unknown""]",,,2026-07-27T08:24:48.778539+00:00,2,https://www.halooglasi.com/nekretnine/izdavanje-stanova/bw-echo-08-beograd-na-vodi-jedna-spavaca-soba/5425647376370?kid=1&sid=1785141458670,U pretrazi sajta možete željene oglase označiti kao izabrane i tako ih kasnije lakše pronaći. Želim da saznam više.
5425645376415,izdavanje,"Nov lux stan, Savska (Beograd na vodi)",600.0,600 €,17.14,600.0,35.0,1.0,,,,,,,,,Savski venac,,True,,,,,,,,,,False,1,,[],,,2026-07-27T08:24:48.778539+00:00,2,https://www.halooglasi.com/nekretnine/izdavanje-stanova/nov-lux-stan-savska-beograd-na-vodi/5425645376415?kid=1&sid=1785141458670,U pretrazi sajta možete željene oglase označiti kao izabrane i tako ih kasnije lakše pronaći. Želim da saznam više.
5425647411925,izdavanje,"BW Kula, 76m2, LUX, namešten, sa garažnim mestom",4000.0,4.000 €,52.63,4000.0,76.0,2.0,,,,,,,,Ulica Rudnička br. 6,Savski venac,,False,False,,,,,,,,,False,1,,[],,,2026-07-27T08:24:48.778539+00:00,2,https://www.halooglasi.com/nekretnine/izdavanje-stanova/bw-kula-76m2-lux-namesten-sa-garaznim-mestom/5425647411925?kid=1&sid=1785141458670,U pretrazi sajta možete željene oglase označiti kao izabrane i tako ih kasnije lakše pronaći. Želim da saznam više.
5425642186797,izdavanje,Izdavanje luksuznog stana u BW/ 3.0 - Terraces,2800.0,2.800 €,26.67,2800.0,105.0,3.0,,,,,,,,"Ulica Mačvanska 9, Vračar",Savski venac,,False,,,,,,,,,,False,1,,[],,,2026-07-27T08:24:48.778539+00:00,2,https://www.halooglasi.com/nekretnine/izdavanje-stanova/izdavanje-luksuznog-stana-u-bw-3-0---terraces/5425642186797?kid=1&sid=1785141458670,U pretrazi sajta možete željene oglase označiti kao izabrane i tako ih kasnije lakše pronaći. Želim da saznam više.
5425646221569,izdavanje,"BW Quartet, četvorosoban, 115m2, dva garažna mesta",2400.0,2.400 €,20.87,2400.0,115.0,4.0,4.0,4-Bedroom,,,,,,Ulica Makenzijeva 67,Savski venac,,False,,,,,,,,,,True,3,dup-5425646221569-5425647162442-5425647369082,"[""Unknown""]",,,2026-07-27T08:24:48.778539+00:00,2,https://www.halooglasi.com/nekretnine/izdavanje-stanova/bw-quartet-cetvorosoban-115m2-dva-garazna-mes/5425646221569?kid=1&sid=1785141458670,U pretrazi sajta možete željene oglase označiti kao izabrane i tako ih kasnije lakše pronaći. Želim da saznam više.
5425647438205,izdavanje,"Beograd na vodi, Bw Iris, 55m²",1200.0,1.200 €,21.86,1200.0,54.89,2.0,,,,,,,,Ulica Hercegovacka 14a,Savski venac,,False,,,,,,,,,,True,54,dup-5425642693974-5425642808132-5425643292956-5425644407677-5425645349252-5425645834826-5425646029674-5425646186820-5425646636117-5425646653103-5425646683178-5425646759339-5425646789519-5425646947516-5425646988269-5425646994179-5425646994187-5425647027028-5425647050253-5425647056877-5425647059264-5425647241678-5425647261882-5425647294978-5425647322782-5425647376370-5425647381725-5425647384940-5425647389996-5425647394615-5425647394615-5425647405804-5425647408986-5425647411291-5425647411938-5425647412044-5425647412078-5425647412098-5425647412948-5425647413122-5425647417562-5425647435342-5425647435342-5425647437112-5425647438205-5425647438777-5425647440562-5425647442850-5425647442874-5425647446221-5425647446235-5425647447271-5425647448049-5425647448049,"[""Owner"", ""Unknown""]",,,2026-07-27T08:24:48.778539+00:00,2,https://www.halooglasi.com/nekretnine/izdavanje-stanova/beograd-na-vodi-bw-iris-55m/5425647438205?kid=1&sid=1785141458670,U pretrazi sajta možete željene oglase označiti kao izabrane i tako ih kasnije lakše pronaći. Želim da saznam više.
5425646146127,izdavanje,"Bw Scala 4.0, Luksuzan Enterijer",2400.0,2.400 €,21.43,2400.0,112.0,4.0,,,,,,,,Ulica Šumatovačka 36,Savski venac,,False,,,,,,,,,,True,5,dup-5425646146127-5425647314340-5425647314340-5425647315817-5425647332848,"[""Unknown""]",,,2026-07-27T08:24:48.778539+00:00,2,https://www.halooglasi.com/nekretnine/izdavanje-stanova/bw-scala-4-0-luksuzan-enterijer/5425646146127?kid=4&sid=1785141458670,U pretrazi sajta možete željene oglase označiti kao izabrane i tako ih kasnije lakše pronaći. Želim da saznam više.
5425646301741,izdavanje,Moderan 4.0 - 2 garazna - Aurora,1800.0,1.800 €,15.0,1800.0,120.0,4.0,,,,,,,,"Ulica Macvanska 9, Vracar",Savski venac,,False,,,,,,,,,,False,1,,[],,,2026-07-27T08:24:48.778539+00:00,2,https://www.halooglasi.com/nekretnine/izdavanje-stanova/moderan-4-0---2-garazna---aurora/5425646301741?kid=1&sid=1785141458670,U pretrazi sajta možete željene oglase označiti kao izabrane i tako ih kasnije lakše pronaći. Želim da saznam više.
5425647051180,izdavanje,Beograd na vodi - Luke Ćelovića Trebinjca,2750.0,2.750 €,22.73,2750.0,121.0,4.0,,,,,,,,Ulica Beogradska br.71,Savski venac,,False,,,,,,,,,,True,3,dup-5425645147828-5425647051180-5425647269103,"[""Unknown""]",,,2026-07-27T08:24:48.778539+00:00,2,https://www.halooglasi.com/nekretnine/izdavanje-stanova/beograd-na-vodi---luke-celovica-trebinjca/5425647051180?kid=1&sid=1785141458670,U pretrazi sajta možete željene oglase označiti kao izabrane i tako ih kasnije lakše pronaći. Želim da saznam više.
5425647063456,izdavanje,Centar - Beograd na vodi BW Kula #64370,3000.0,3.000 €,32.61,3000.0,92.0,3.0,,,,,,Kula Beograd,Kula Beograd,"Ulica Gandijeva 192, Beograd",Savski venac,,False,,,,,,,,,,False,1,,[],,,2026-07-27T08:24:48.778539+00:00,2,https://www.halooglasi.com/nekretnine/izdavanje-stanova/centar---beograd-na-vodi-bw-kula-64370/5425647063456?kid=4&sid=1785141458670,U pretrazi sajta možete željene oglase označiti kao izabrane i tako ih kasnije lakše pronaći. Želim da saznam više.
5425646422774,izdavanje,Centar - Beograd na vodi BW Kula #65428,1800.0,1.800 €,29.03,1800.0,62.0,2.0,,,,,,Kula Beograd,Kula Beograd,"Ulica Gandijeva 192, Beograd",Savski venac,,False,,,,,,,,,,False,1,,[],,,2026-07-27T08:24:48.778539+00:00,2,https://www.halooglasi.com/nekretnine/izdavanje-stanova/centar---beograd-na-vodi-bw-kula-65428/5425646422774?kid=4&sid=1785141458670,U pretrazi sajta možete željene oglase označiti kao izabrane i tako ih kasnije lakše pronaći. Želim da saznam više.
5425647310100,izdavanje,Centar - Beograd na vodi BW Residences #67934,4000.0,4.000 €,28.17,4000.0,142.0,4.0,,,,,,BW Residence,,"Ulica Gandijeva 192, Beograd",Savski venac,,False,,,,,,,,,,False,1,,[],,,2026-07-27T08:24:48.778539+00:00,2,https://www.halooglasi.com/nekretnine/izdavanje-stanova/centar---beograd-na-vodi-bw-residences-67934/5425647310100?kid=4&sid=1785141458670,U pretrazi sajta možete željene oglase označiti kao izabrane i tako ih kasnije lakše pronaći. Želim da saznam više.
5425647294658,izdavanje,Trosoban | BW Quartet 1 | Opremljen,1600.0,1.600 €,18.87,1600.0,84.77,3.0,3.0,3-Bedroom,,,,,,Ulica Hercegovačka 16,Savski venac,,False,,,,,,,,,,True,24,dup-5425636267820-5425643952068-5425643976736-5425644615850-5425644623242-5425645143989-5425645219718-5425645968027-5425646890142-5425647118463-5425647120395-5425647177783-5425647181851-5425647270381-5425647294658-5425647323350-5425647328513-5425647374698-5425647389710-5425647425985-5425647438227-5425647438227-5425647442864-5425647444226,"[""Owner"", ""Unknown""]",,,2026-07-27T08:24:48.778539+00:00,2,https://www.halooglasi.com/nekretnine/izdavanje-stanova/trosoban-bw-quartet-1-opremljen/5425647294658?kid=3&sid=1785141458670,U pretrazi sajta možete željene oglase označiti kao izabrane i tako ih kasnije lakše pronaći. Želim da saznam više.
5425645147828,izdavanje,"BW Eterna, lux, novogradnja, garaža, ID 23642",2800.0,2.800 €,23.33,2800.0,120.0,4.0,,,,,,,,Ulica Uroša Martinovića 13,Savski venac,,False,True,,,,,,,,,True,3,dup-5425645147828-5425647051180-5425647269103,"[""Unknown""]",,,2026-07-27T08:24:48.778539+00:00,2,https://www.halooglasi.com/nekretnine/izdavanje-stanova/bw-eterna-lux-novogradnja-garaza-id-23642/5425645147828?kid=1&sid=1785141458670,U pretrazi sajta možete željene oglase označiti kao izabrane i tako ih kasnije lakše pronaći. Želim da saznam više.
5425647162442,izdavanje,"Bw Quartet 3, 115m2",2400.0,2.400 €,20.87,2400.0,115.0,4.0,,,,,,,,Ulica Hercegovacka 14a,Savski venac,,False,,,,,,,,,,True,3,dup-5425646221569-5425647162442-5425647369082,"[""Unknown""]",,,2026-07-27T08:24:48.778539+00:00,2,https://www.halooglasi.com/nekretnine/izdavanje-stanova/bw-quartet-3-115m2/5425647162442?kid=1&sid=1785141458670,U pretrazi sajta možete željene oglase označiti kao izabrane i tako ih kasnije lakše pronaći. Želim da saznam više.
5425647241678,izdavanje,BW Iris- stan sa pogledom na reku i bazen,1150.0,1.150 €,19.49,1150.0,59.0,2.0,,,,,,,,Ulica Hercegovačka 15,Savski venac,,False,,,,,,,,,,True,54,dup-5425642693974-5425642808132-5425643292956-5425644407677-5425645349252-5425645834826-5425646029674-5425646186820-5425646636117-5425646653103-5425646683178-5425646759339-5425646789519-5425646947516-5425646988269-5425646994179-5425646994187-5425647027028-5425647050253-5425647056877-5425647059264-5425647241678-5425647261882-5425647294978-5425647322782-5425647376370-5425647381725-5425647384940-5425647389996-5425647394615-5425647394615-5425647405804-5425647408986-5425647411291-5425647411938-5425647412044-5425647412078-5425647412098-5425647412948-5425647413122-5425647417562-5425647435342-5425647435342-5425647437112-5425647438205-5425647438777-5425647440562-5425647442850-5425647442874-5425647446221-5425647446235-5425647447271-5425647448049-5425647448049,"[""Owner"", ""Unknown""]",,,2026-07-27T08:24:48.778539+00:00,2,https://www.halooglasi.com/nekretnine/izdavanje-stanova/bw-iris--stan-sa-pogledom-na-reku-i-bazen/5425647241678?kid=1&sid=1785141458670,U pretrazi sajta možete željene oglase označiti kao izabrane i tako ih kasnije lakše pronaći. Želim da saznam više.
5425647381725,izdavanje,BW Quartet 1 13 | Beograd na vodi | Pogled na dvo,1200.0,1.200 €,22.22,1200.0,54.0,2.0,,,,,,,,,Savski venac,,False,,,,,,,,,,True,54,dup-5425642693974-5425642808132-5425643292956-5425644407677-5425645349252-5425645834826-5425646029674-5425646186820-5425646636117-5425646653103-5425646683178-5425646759339-5425646789519-5425646947516-5425646988269-5425646994179-5425646994187-5425647027028-5425647050253-5425647056877-5425647059264-5425647241678-5425647261882-5425647294978-5425647322782-5425647376370-5425647381725-5425647384940-5425647389996-5425647394615-5425647394615-5425647405804-5425647408986-5425647411291-5425647411938-5425647412044-5425647412078-5425647412098-5425647412948-5425647413122-5425647417562-5425647435342-5425647435342-5425647437112-5425647438205-5425647438777-5425647440562-5425647442850-5425647442874-5425647446221-5425647446235-5425647447271-5425647448049-5425647448049,"[""Owner"", ""Unknown""]",,,2026-07-27T08:24:48.778539+00:00,2,https://www.halooglasi.com/nekretnine/izdavanje-stanova/bw-quartet-1-13-beograd-na-vodi-pogled-na-dvo/5425647381725?kid=1&sid=1785141458670,U pretrazi sajta možete željene oglase označiti kao izabrane i tako ih kasnije lakše pronaći. Želim da saznam više.
5425647384940,izdavanje,Svetao dvosoban stan u BW Simfonija,1250.0,1.250 €,24.51,1250.0,51.0,2.0,2.0,2-Bedroom,,,,,,Ulica Hercegovačka 15,Savski venac,,False,,,,,,,,,,True,54,dup-5425642693974-5425642808132-5425643292956-5425644407677-5425645349252-5425645834826-5425646029674-5425646186820-5425646636117-5425646653103-5425646683178-5425646759339-5425646789519-5425646947516-5425646988269-5425646994179-5425646994187-5425647027028-5425647050253-5425647056877-5425647059264-5425647241678-5425647261882-5425647294978-5425647322782-5425647376370-5425647381725-5425647384940-5425647389996-5425647394615-5425647394615-5425647405804-5425647408986-5425647411291-5425647411938-5425647412044-5425647412078-5425647412098-5425647412948-5425647413122-5425647417562-5425647435342-5425647435342-5425647437112-5425647438205-5425647438777-5425647440562-5425647442850-5425647442874-5425647446221-5425647446235-5425647447271-5425647448049-5425647448049,"[""Owner"", ""Unknown""]",,,2026-07-27T08:24:48.778539+00:00,2,https://www.halooglasi.com/nekretnine/izdavanje-stanova/svetao-dvosoban-stan-u-bw-simfonija/5425647384940?kid=4&sid=1785141458670,U pretrazi sajta možete željene oglase označiti kao izabrane i tako ih kasnije lakše pronaći. Želim da saznam više.
5425646947516,izdavanje,BW Kings park 10 | Beograd na vodi | Ekskluzivno u,1200.0,1.200 €,21.43,1200.0,56.0,2.0,,,4,4,,,,,Savski venac,,False,False,,,,,,,,,True,54,dup-5425642693974-5425642808132-5425643292956-5425644407677-5425645349252-5425645834826-5425646029674-5425646186820-5425646636117-5425646653103-5425646683178-5425646759339-5425646789519-5425646947516-5425646988269-5425646994179-5425646994187-5425647027028-5425647050253-5425647056877-5425647059264-5425647241678-5425647261882-5425647294978-5425647322782-5425647376370-5425647381725-5425647384940-5425647389996-5425647394615-5425647394615-5425647405804-5425647408986-5425647411291-5425647411938-5425647412044-5425647412078-5425647412098-5425647412948-5425647413122-5425647417562-5425647435342-5425647435342-5425647437112-5425647438205-5425647438777-5425647440562-5425647442850-5425647442874-5425647446221-5425647446235-5425647447271-5425647448049-5425647448049,"[""Owner"", ""Unknown""]",,,2026-07-27T08:24:48.778539+00:00,2,https://www.halooglasi.com/nekretnine/izdavanje-stanova/bw-kings-park-10-beograd-na-vodi-ekskluzivno/5425646947516?kid=1&sid=1785141458670,U pretrazi sajta možete željene oglase označiti kao izabrane i tako ih kasnije lakše pronaći. Želim da saznam više.
5425645500592,izdavanje,"Nov, Neuseljavan - 3.0 - garaza",1400.0,1.400 €,16.47,1400.0,85.0,3.0,,,,,,,,"Ulica Mačvanska 9, Vračar",Savski venac,,False,,,,,,,,,,False,1,,[],,,2026-07-27T08:24:48.778539+00:00,2,https://www.halooglasi.com/nekretnine/izdavanje-stanova/nov-neuseljavan---3-0---garaza/5425645500592?kid=1&sid=1785141458670,U pretrazi sajta možete željene oglase označiti kao izabrane i tako ih kasnije lakše pronaći. Želim da saznam više.
5425647315817,izdavanje,BW Scala 61 | Beograd na vodi | Ekskluzivan | Komp,2500.0,2.500 €,22.52,2500.0,111.0,4.0,,,,,,,,,Savski venac,,False,False,,,,,,,,,True,5,dup-5425646146127-5425647314340-5425647314340-5425647315817-5425647332848,"[""Unknown""]",,,2026-07-27T08:24:48.778539+00:00,2,https://www.halooglasi.com/nekretnine/izdavanje-stanova/bw-scala-61-beograd-na-vodi-ekskluzivan-komp/5425647315817?kid=1&sid=1785141458670,U pretrazi sajta možete željene oglase označiti kao izabrane i tako ih kasnije lakše pronaći. Želim da saznam više.
5425647291920,izdavanje,BW Residences- panoramski pogled na reku,8000.0,8.000 €,54.79,8000.0,146.0,3.0,,,,,,BW Residence,,Ulica Mileševska 43,Savski venac,,False,,,,,,,,,,False,1,,[],,,2026-07-27T08:24:48.778539+00:00,2,https://www.halooglasi.com/nekretnine/izdavanje-stanova/bw-residences--panoramski-pogled-na-reku/5425647291920?kid=4&sid=1785141458670,U pretrazi sajta možete željene oglase označiti kao izabrane i tako ih kasnije lakše pronaći. Želim da saznam više.
5425647412044,izdavanje,BW Arcadia dvosoban 55m2,1150.0,1.150 €,20.91,1150.0,55.0,2.0,2.0,2-Bedroom,,,,,,Ulica Bore Vukmirovica br. 19,Savski venac,,True,,,,,,,,,,True,54,dup-5425642693974-5425642808132-5425643292956-5425644407677-5425645349252-5425645834826-5425646029674-5425646186820-5425646636117-5425646653103-5425646683178-5425646759339-5425646789519-5425646947516-5425646988269-5425646994179-5425646994187-5425647027028-5425647050253-5425647056877-5425647059264-5425647241678-5425647261882-5425647294978-5425647322782-5425647376370-5425647381725-5425647384940-5425647389996-5425647394615-5425647394615-5425647405804-5425647408986-5425647411291-5425647411938-5425647412044-5425647412078-5425647412098-5425647412948-5425647413122-5425647417562-5425647435342-5425647435342-5425647437112-5425647438205-5425647438777-5425647440562-5425647442850-5425647442874-5425647446221-5425647446235-5425647447271-5425647448049-5425647448049,"[""Owner"", ""Unknown""]",,,2026-07-27T08:24:48.778539+00:00,2,https://www.halooglasi.com/nekretnine/izdavanje-stanova/bw-arcadia-dvosoban-55m2/5425647412044?kid=1&sid=1785141458670,U pretrazi sajta možete željene oglase označiti kao izabrane i tako ih kasnije lakše pronaći. Želim da saznam više.
5425647332822,izdavanje,"BW Aurora, lux, moderan, odmah useljiv ID#4708",900.0,900 €,30.0,900.0,30.0,0.5,,,,,,,,"Ulica Hercegovačka 23/209, Savski Venac",Savski venac,,False,,,,,,,,,,True,2,dup-5425647332822-5425647332822,"[""Unknown""]",,,2026-07-27T08:24:48.778539+00:00,2,https://www.halooglasi.com/nekretnine/izdavanje-stanova/bw-aurora-lux-moderan-odmah-useljiv-id4708/5425647332822?kid=3&sid=1785141458670,U pretrazi sajta možete željene oglase označiti kao izabrane i tako ih kasnije lakše pronaći. Želim da saznam više.
5425646868429,izdavanje,BW Aria izdavanje,1200.0,1.200 €,19.05,1200.0,63.0,2.0,,,,,,,,Ulica Dalmatinska 65a,Savski venac,,False,,,,,,,,,,True,4,dup-5425645753668-5425646868429-5425647423707-5425647442820,"[""Unknown""]",,,2026-07-27T08:24:48.778539+00:00,2,https://www.halooglasi.com/nekretnine/izdavanje-stanova/bw-aria-izdavanje/5425646868429?kid=4&sid=1785141458670,U pretrazi sajta možete željene oglase označiti kao izabrane i tako ih kasnije lakše pronaći. Želim da saznam više.
5425646653103,izdavanje,"Beograd na vodi, BW Aria, 2.0. Lux, Useljiv",1200.0,1.200 €,20.34,1200.0,59.0,2.0,,,,,,,,Ulica Sarajevska 40,Savski venac,,False,,,,,,,,,,True,54,dup-5425642693974-5425642808132-5425643292956-5425644407677-5425645349252-5425645834826-5425646029674-5425646186820-5425646636117-5425646653103-5425646683178-5425646759339-5425646789519-5425646947516-5425646988269-5425646994179-5425646994187-5425647027028-5425647050253-5425647056877-5425647059264-5425647241678-5425647261882-5425647294978-5425647322782-5425647376370-5425647381725-5425647384940-5425647389996-5425647394615-5425647394615-5425647405804-5425647408986-5425647411291-5425647411938-5425647412044-5425647412078-5425647412098-5425647412948-5425647413122-5425647417562-5425647435342-5425647435342-5425647437112-5425647438205-5425647438777-5425647440562-5425647442850-5425647442874-5425647446221-5425647446235-5425647447271-5425647448049-5425647448049,"[""Owner"", ""Unknown""]",,,2026-07-27T08:24:48.778539+00:00,2,https://www.halooglasi.com/nekretnine/izdavanje-stanova/beograd-na-vodi-bw-aria-2-0-lux-useljiv/5425646653103?kid=4&sid=1785141458670,U pretrazi sajta možete željene oglase označiti kao izabrane i tako ih kasnije lakše pronaći. Želim da saznam više.
5425647412078,izdavanje,"BW Aria, lux, novogradnja, garaža, ID 25899",1200.0,1.200 €,21.43,1200.0,56.0,2.0,,,,,,,,Ulica Uroša Martinovića 13,Savski venac,,False,,,,,,,,,,True,54,dup-5425642693974-5425642808132-5425643292956-5425644407677-5425645349252-5425645834826-5425646029674-5425646186820-5425646636117-5425646653103-5425646683178-5425646759339-5425646789519-5425646947516-5425646988269-5425646994179-5425646994187-5425647027028-5425647050253-5425647056877-5425647059264-5425647241678-5425647261882-5425647294978-5425647322782-5425647376370-5425647381725-5425647384940-5425647389996-5425647394615-5425647394615-5425647405804-5425647408986-5425647411291-5425647411938-5425647412044-5425647412078-5425647412098-5425647412948-5425647413122-5425647417562-5425647435342-5425647435342-5425647437112-5425647438205-5425647438777-5425647440562-5425647442850-5425647442874-5425647446221-5425647446235-5425647447271-5425647448049-5425647448049,"[""Owner"", ""Unknown""]",,,2026-07-27T08:24:48.778539+00:00,2,https://www.halooglasi.com/nekretnine/izdavanje-stanova/bw-aria-lux-novogradnja-garaza-id-25899/5425647412078?kid=4&sid=1785141458670,U pretrazi sajta možete željene oglase označiti kao izabrane i tako ih kasnije lakše pronaći. Želim da saznam više.
5425644500127,izdavanje,"BW Sole, lux, novogradnja, garaža, ID 22493",1600.0,1.600 €,22.22,1600.0,72.0,3.0,,,,,,,,Ulica Uroša Martinovića 13,Savski venac,,False,,,,,,,,,,True,18,dup-5425642616833-5425644500127-5425644578019-5425645246259-5425646628355-5425646846189-5425647300001-5425647301417-5425647346458-5425647349085-5425647349085-5425647394322-5425647407068-5425647416675-5425647429711-5425647437003-5425647446652-5425647450606,"[""Owner"", ""Unknown""]",,,2026-07-27T08:24:48.778539+00:00,2,https://www.halooglasi.com/nekretnine/izdavanje-stanova/bw-sole-lux-novogradnja-garaza-id-22493/5425644500127?kid=4&sid=1785141458670,U pretrazi sajta možete željene oglase označiti kao izabrane i tako ih kasnije lakše pronaći. Želim da saznam više.
5425647418465,izdavanje,BW Riviera 07 | Beograd na vodi | Polunamešten | F,5200.0,5.200 €,26.0,5200.0,200.0,4.0,,,,,,,,,Savski venac,,False,,,,,,,,,,False,1,,[],,,2026-07-27T08:24:48.778539+00:00,2,https://www.halooglasi.com/nekretnine/izdavanje-stanova/bw-riviera-07-beograd-na-vodi-polunamesten-f/5425647418465?kid=1&sid=1785141458670,U pretrazi sajta možete željene oglase označiti kao izabrane i tako ih kasnije lakše pronaći. Želim da saznam više.
5425647142303,izdavanje,Centar - Beograd na vodi BW #67418,3700.0,3.700 €,23.57,3700.0,157.0,4.0,,,,,,,,"Ulica Gandijeva 192, Beograd",Savski venac,,False,,,,,,,,,,True,3,dup-5425647142303-5425647429060-5425647448025,"[""Unknown""]",,,2026-07-27T08:24:48.778539+00:00,2,https://www.halooglasi.com/nekretnine/izdavanje-stanova/centar---beograd-na-vodi-bw-67418/5425647142303?kid=1&sid=1785141458670,U pretrazi sajta možete željene oglase označiti kao izabrane i tako ih kasnije lakše pronaći. Želim da saznam više.
5425644454324,izdavanje,"BW Sole, lux, novogradnja, terasa 14m2, ID 22390",2000.0,2.000 €,25.0,2000.0,80.0,3.0,,,,,,,,Ulica Uroša Martinovića 13,Savski venac,,True,,,,,,,,,,True,36,dup-5425636664513-5425644454324-5425644469334-5425645881064-5425646382416-5425646772621-5425647137905-5425647243508-5425647261827-5425647269102-5425647292104-5425647292117-5425647294752-5425647294987-5425647298382-5425647326970-5425647374732-5425647392042-5425647409640-5425647409641-5425647414692-5425647419262-5425647423708-5425647423708-5425647430793-5425647432817-5425647432817-5425647433125-5425647434631-5425647435406-5425647438180-5425647438259-5425647442845-5425647444958-5425647447155-5425647454228,"[""Owner"", ""Unknown""]",,,2026-07-27T08:24:48.778539+00:00,2,https://www.halooglasi.com/nekretnine/izdavanje-stanova/bw-sole-lux-novogradnja-terasa-14m2-id-22390/5425644454324?kid=1&sid=1785141458670,U pretrazi sajta možete željene oglase označiti kao izabrane i tako ih kasnije lakše pronaći. Želim da saznam više.
5425647332822,izdavanje,"BW Aurora, lux, moderan, odmah useljiv ID#4708",900.0,900 €,30.0,900.0,30.0,0.5,,,,,,,,"Ulica Hercegovačka 23/209, Savski Venac",Savski venac,,False,False,,,,,,,,,True,2,dup-5425647332822-5425647332822,"[""Unknown""]",,,2026-07-27T08:24:48.778539+00:00,2,https://www.halooglasi.com/nekretnine/izdavanje-stanova/bw-aurora-lux-moderan-odmah-useljiv-id4708/5425647332822?kid=1&sid=1785141458670,U pretrazi sajta možete željene oglase označiti kao izabrane i tako ih kasnije lakše pronaći. Želim da saznam više.
5425635616381,izdavanje,Exclusive apartment in BW Residences /45m2 terrace,2750.0,2.750 €,22.18,2750.0,124.0,3.0,,,,,,BW Residence,,"Ulica Mačvanska 9, Vračar",Savski venac,,False,,,,,,,,,,False,1,,[],,,2026-07-27T08:24:48.778539+00:00,2,https://www.halooglasi.com/nekretnine/izdavanje-stanova/exclusive-apartment-in-bw-residences-45m2-ter/5425635616381?kid=1&sid=1785141458670,U pretrazi sajta možete željene oglase označiti kao izabrane i tako ih kasnije lakše pronaći. Želim da saznam više.
5425647287860,izdavanje,"BW Kula, St. Regis, 3.0. Lux, Useljiv",8000.0,8.000 €,80.0,8000.0,100.0,3.0,,,,,,,,Ulica Sarajevska 40,Savski venac,,False,,,,,,,,,,False,1,,[],,,2026-07-27T08:24:48.778539+00:00,2,https://www.halooglasi.com/nekretnine/izdavanje-stanova/bw-kula-st-regis-3-0-lux-useljiv/5425647287860?kid=3&sid=1785141458670,U pretrazi sajta možete željene oglase označiti kao izabrane i tako ih kasnije lakše pronaći. Želim da saznam više.
5425647429004,izdavanje,"Kula St. Regis, 62m2",3200.0,3.200 €,51.61,3200.0,62.0,2.0,,,,,,,,Ulica Hercegovacka 14a,Savski venac,,False,,,,,,,,,,True,7,dup-5425647210878-5425647225546-5425647225546-5425647255125-5425647414713-5425647429004-5425647440519,"[""Unknown""]",,,2026-07-27T08:24:48.778539+00:00,2,https://www.halooglasi.com/nekretnine/izdavanje-stanova/kula-st-regis-62m2/5425647429004?kid=1&sid=1785141458670,U pretrazi sajta možete željene oglase označiti kao izabrane i tako ih kasnije lakše pronaći. Želim da saznam više.
5425643952068,izdavanje,"Contemporary, yet warm and soft",2000.0,2.000 €,22.99,2000.0,87.0,3.0,,,,,,,,"Ulica Mačvanska 9, Vračar",Savski venac,,False,,,,,,,,,,True,24,dup-5425636267820-5425643952068-5425643976736-5425644615850-5425644623242-5425645143989-5425645219718-5425645968027-5425646890142-5425647118463-5425647120395-5425647177783-5425647181851-5425647270381-5425647294658-5425647323350-5425647328513-5425647374698-5425647389710-5425647425985-5425647438227-5425647438227-5425647442864-5425647444226,"[""Owner"", ""Unknown""]",,,2026-07-27T08:24:48.778539+00:00,2,https://www.halooglasi.com/nekretnine/izdavanje-stanova/contemporary-yet-warm-and-soft/5425643952068?kid=1&sid=1785141458670,U pretrazi sajta možete željene oglase označiti kao izabrane i tako ih kasnije lakše pronaći. Želim da saznam više.
5425646029674,izdavanje,BW Libera stan 55m2 ID#2324,1150.0,1.150 €,20.91,1150.0,55.0,2.0,,,,,,,,"Ulica Terazije br.6, BEOGRAD",Savski venac,,False,,,,,,,,,,True,54,dup-5425642693974-5425642808132-5425643292956-5425644407677-5425645349252-5425645834826-5425646029674-5425646186820-5425646636117-5425646653103-5425646683178-5425646759339-5425646789519-5425646947516-5425646988269-5425646994179-5425646994187-5425647027028-5425647050253-5425647056877-5425647059264-5425647241678-5425647261882-5425647294978-5425647322782-5425647376370-5425647381725-5425647384940-5425647389996-5425647394615-5425647394615-5425647405804-5425647408986-5425647411291-5425647411938-5425647412044-5425647412078-5425647412098-5425647412948-5425647413122-5425647417562-5425647435342-5425647435342-5425647437112-5425647438205-5425647438777-5425647440562-5425647442850-5425647442874-5425647446221-5425647446235-5425647447271-5425647448049-5425647448049,"[""Owner"", ""Unknown""]",,,2026-07-27T08:24:48.778539+00:00,2,https://www.halooglasi.com/nekretnine/izdavanje-stanova/bw-libera-stan-55m2-id2324/5425646029674?kid=1&sid=1785141458670,U pretrazi sajta možete željene oglase označiti kao izabrane i tako ih kasnije lakše pronaći. Želim da saznam više.
5425647447271,izdavanje,Beograd na vodi ID#5762,1200.0,1.200 €,21.43,1200.0,56.0,2.0,,,,,,,,"Ulica Svetog Save br.30, Beograd",Savski venac,,False,,,,,,,,,,True,54,dup-5425642693974-5425642808132-5425643292956-5425644407677-5425645349252-5425645834826-5425646029674-5425646186820-5425646636117-5425646653103-5425646683178-5425646759339-5425646789519-5425646947516-5425646988269-5425646994179-5425646994187-5425647027028-5425647050253-5425647056877-5425647059264-5425647241678-5425647261882-5425647294978-5425647322782-5425647376370-5425647381725-5425647384940-5425647389996-5425647394615-5425647394615-5425647405804-5425647408986-5425647411291-5425647411938-5425647412044-5425647412078-5425647412098-5425647412948-5425647413122-5425647417562-5425647435342-5425647435342-5425647437112-5425647438205-5425647438777-5425647440562-5425647442850-5425647442874-5425647446221-5425647446235-5425647447271-5425647448049-5425647448049,"[""Owner"", ""Unknown""]",,,2026-07-27T08:24:48.778539+00:00,2,https://www.halooglasi.com/nekretnine/izdavanje-stanova/beograd-na-vodi-id5762/5425647447271?kid=1&sid=1785141458670,U pretrazi sajta možete željene oglase označiti kao izabrane i tako ih kasnije lakše pronaći. Želim da saznam više.
5425646147372,izdavanje,"BW- Riviera,230m2,5.0,pogled na reku,polunamešten",8000.0,8.000 €,34.78,8000.0,230.0,5+,,,,,,,,"Ulica Krunska 38, Beograd",Savski venac,,False,,,,,,,,,,False,1,,[],,,2026-07-27T08:24:48.778539+00:00,2,https://www.halooglasi.com/nekretnine/izdavanje-stanova/bw--riviera-230m2-5-0-pogled-na-reku-poluname/5425646147372?kid=3&sid=1785141458670,U pretrazi sajta možete željene oglase označiti kao izabrane i tako ih kasnije lakše pronaći. Želim da saznam više.
5425647316480,izdavanje,"Bw Scala, Lux, 112m2",2750.0,2.750 €,24.6,2750.0,111.77,4.0,,,,,,,,Ulica Hercegovacka 14a,Savski venac,,False,,,,,,,,,,True,7,dup-5425642026511-5425647310904-5425647316480-5425647333736-5425647357326-5425647362287-5425647368678,"[""Unknown""]",,,2026-07-27T08:24:48.778539+00:00,2,https://www.halooglasi.com/nekretnine/izdavanje-stanova/bw-scala-lux-112m2/5425647316480?kid=1&sid=1785141458670,U pretrazi sajta možete željene oglase označiti kao izabrane i tako ih kasnije lakše pronaći. Želim da saznam više.
5425646162178,izdavanje,"BW Kula - St.Regis, 90m2, lux",4500.0,4.500 €,50.0,4500.0,90.0,3.0,,,,,,Kula Beograd,Kula Beograd,"Ulica Krunska 38, Beograd",Savski venac,,False,,,,,,,,,,True,8,dup-5425645043784-5425646162178-5425646881881-5425646915089-5425646992418-5425647004755-5425647172383-5425647179300,"[""Owner"", ""Unknown""]",,,2026-07-27T08:24:48.778539+00:00,2,https://www.halooglasi.com/nekretnine/izdavanje-stanova/bw-kula---st-regis-90m2-lux/5425646162178?kid=1&sid=1785141458670,U pretrazi sajta možete željene oglase označiti kao izabrane i tako ih kasnije lakše pronaći. Želim da saznam više.
5425647412098,izdavanje,Luks stan u zgradi Vista,1150.0,1.150 €,20.91,1150.0,55.0,2.0,,,,,,,,,Savski venac,,False,,,,,,,,,,True,54,dup-5425642693974-5425642808132-5425643292956-5425644407677-5425645349252-5425645834826-5425646029674-5425646186820-5425646636117-5425646653103-5425646683178-5425646759339-5425646789519-5425646947516-5425646988269-5425646994179-5425646994187-5425647027028-5425647050253-5425647056877-5425647059264-5425647241678-5425647261882-5425647294978-5425647322782-5425647376370-5425647381725-5425647384940-5425647389996-5425647394615-5425647394615-5425647405804-5425647408986-5425647411291-5425647411938-5425647412044-5425647412078-5425647412098-5425647412948-5425647413122-5425647417562-5425647435342-5425647435342-5425647437112-5425647438205-5425647438777-5425647440562-5425647442850-5425647442874-5425647446221-5425647446235-5425647447271-5425647448049-5425647448049,"[""Owner"", ""Unknown""]",,,2026-07-27T08:24:48.778539+00:00,2,https://www.halooglasi.com/nekretnine/izdavanje-stanova/luks-stan-u-zgradi-vista/5425647412098?kid=4&sid=1785141458670,U pretrazi sajta možete željene oglase označiti kao izabrane i tako ih kasnije lakše pronaći. Želim da saznam više.
5425647437003,izdavanje,"BW Echo - Trosoban, namešten, odmah useljiv stan",1600.0,1.600 €,22.3,1600.0,71.74,3.0,3.0,3-Bedroom,,,,,,Ulica Luke Ćelovića Trebinjca 18,Savski venac,,False,False,,,,,,,,,True,18,dup-5425642616833-5425644500127-5425644578019-5425645246259-5425646628355-5425646846189-5425647300001-5425647301417-5425647346458-5425647349085-5425647349085-5425647394322-5425647407068-5425647416675-5425647429711-5425647437003-5425647446652-5425647450606,"[""Owner"", ""Unknown""]",,,2026-07-27T08:24:48.778539+00:00,2,https://www.halooglasi.com/nekretnine/izdavanje-stanova/bw-echo---trosoban-namesten-odmah-useljiv-sta/5425647437003?kid=4&sid=1785141458670,U pretrazi sajta možete željene oglase označiti kao izabrane i tako ih kasnije lakše pronaći. Želim da saznam više.
5425644861193,izdavanje,"Centar,Beograd na vodi, komplex apartmana ID#8961",800.0,800 €,17.02,800.0,47.0,2.5,,,,,,,,"Ulica Dositejeva 9/3, Beograd",Savski venac,,False,False,,,,,,,,,False,1,,[],,,2026-07-27T08:24:48.778539+00:00,2,https://www.halooglasi.com/nekretnine/izdavanje-stanova/centar-beograd-na-vodi-komplex-apartmana-id89/5425644861193?kid=1&sid=1785141458670,U pretrazi sajta možete željene oglase označiti kao izabrane i tako ih kasnije lakše pronaći. Želim da saznam više.
5425644221741,izdavanje,"BW Aria, lux, novogradnja, garaža, ID 21919",1000.0,1.000 €,15.87,1000.0,63.0,2.0,,,,,,,,Ulica Uroša Martinovića 13,Savski venac,,False,,,,,,,,,,False,1,,[],,,2026-07-27T08:24:48.778539+00:00,2,https://www.halooglasi.com/nekretnine/izdavanje-stanova/bw-aria-lux-novogradnja-garaza-id-21919/5425644221741?kid=1&sid=1785141458670,U pretrazi sajta možete željene oglase označiti kao izabrane i tako ih kasnije lakše pronaći. Želim da saznam više.
5425647290121,izdavanje,Najatraktivniji stan sa panoramskim pogledom na re,4500.0,4.500 €,45.75,4500.0,98.37,3.0,,,,,,,,Ulica Bulevar Mihajla Pupina 165g,Savski venac,,False,,,,,,,,,,True,3,dup-5425647064073-5425647135606-5425647290121,"[""Unknown""]",,,2026-07-27T08:24:48.778539+00:00,2,https://www.halooglasi.com/nekretnine/izdavanje-stanova/najatraktivniji-stan-sa-panoramskim-pogledom/5425647290121?kid=1&sid=1785141458670,U pretrazi sajta možete željene oglase označiti kao izabrane i tako ih kasnije lakše pronaći. Želim da saznam više.
5425647392806,izdavanje,BW Perla | Luksuzan 3.0 | SPA centar,3250.0,3.250 €,29.55,3250.0,110.0,3.0,,,,,,,,,Savski venac,,False,,,,,,,,,,True,7,dup-5425647320813-5425647320883-5425647320910-5425647374936-5425647376377-5425647392806-5425647433181,"[""Unknown""]",,,2026-07-27T08:24:48.778539+00:00,2,https://www.halooglasi.com/nekretnine/izdavanje-stanova/bw-perla-luksuzan-3-0-spa-centar/5425647392806?kid=1&sid=1785141458670,U pretrazi sajta možete željene oglase označiti kao izabrane i tako ih kasnije lakše pronaći. Želim da saznam više.
5425647333736,izdavanje,"BW-Perla, 110m2, terasa, garaža,bazen,teretana,spa",2750.0,2.750 €,25.0,2750.0,110.0,3.0,,,,,,,,Ulica Dobračina 21,Savski venac,,False,False,,,,,,,,,True,7,dup-5425642026511-5425647310904-5425647316480-5425647333736-5425647357326-5425647362287-5425647368678,"[""Unknown""]",,,2026-07-27T08:24:48.778539+00:00,2,https://www.halooglasi.com/nekretnine/izdavanje-stanova/bw-perla-110m2-terasa-garaza-bazen-teretana-s/5425647333736?kid=1&sid=1785141458670,U pretrazi sajta možete željene oglase označiti kao izabrane i tako ih kasnije lakše pronaći. Želim da saznam više.
5425645881064,izdavanje,"BW Quartet 4, namešten, trosoban, 82m2, garaža",1700.0,1.700 €,20.73,1700.0,82.0,3.0,3.0,3-Bedroom,,,,,,Ulica Makenzijeva 67,Savski venac,,False,False,,,,,,,,,True,36,dup-5425636664513-5425644454324-5425644469334-5425645881064-5425646382416-5425646772621-5425647137905-5425647243508-5425647261827-5425647269102-5425647292104-5425647292117-5425647294752-5425647294987-5425647298382-5425647326970-5425647374732-5425647392042-5425647409640-5425647409641-5425647414692-5425647419262-5425647423708-5425647423708-5425647430793-5425647432817-5425647432817-5425647433125-5425647434631-5425647435406-5425647438180-5425647438259-5425647442845-5425647444958-5425647447155-5425647454228,"[""Owner"", ""Unknown""]",,,2026-07-27T08:24:48.778539+00:00,2,https://www.halooglasi.com/nekretnine/izdavanje-stanova/bw-quartet-4-namesten-trosoban-82m2-garaza/5425645881064?kid=4&sid=1785141458670,U pretrazi sajta možete željene oglase označiti kao izabrane i tako ih kasnije lakše pronaći. Želim da saznam više.
5425647423708,izdavanje,Centar - Beograd na vodi BW #68287,1800.0,1.800 €,22.5,1800.0,80.0,3.0,,,,,,,,"Ulica Gandijeva 192, Beograd",Savski venac,,False,,,,,,,,,,True,36,dup-5425636664513-5425644454324-5425644469334-5425645881064-5425646382416-5425646772621-5425647137905-5425647243508-5425647261827-5425647269102-5425647292104-5425647292117-5425647294752-5425647294987-5425647298382-5425647326970-5425647374732-5425647392042-5425647409640-5425647409641-5425647414692-5425647419262-5425647423708-5425647423708-5425647430793-5425647432817-5425647432817-5425647433125-5425647434631-5425647435406-5425647438180-5425647438259-5425647442845-5425647444958-5425647447155-5425647454228,"[""Owner"", ""Unknown""]",,,2026-07-27T08:24:48.778539+00:00,2,https://www.halooglasi.com/nekretnine/izdavanje-stanova/centar---beograd-na-vodi-bw-68287/5425647423708?kid=4&sid=1785141458670,U pretrazi sajta možete željene oglase označiti kao izabrane i tako ih kasnije lakše pronaći. Želim da saznam više.
5425642808132,izdavanje,Izdavanje luksuznog stana u BW / 2.0 / Magnolija,1200.0,1.200 €,20.0,1200.0,60.0,2.0,,,,,,,,"Ulica Mačvanska 9, Vračar",Savski venac,,False,,,,,,,,,,True,54,dup-5425642693974-5425642808132-5425643292956-5425644407677-5425645349252-5425645834826-5425646029674-5425646186820-5425646636117-5425646653103-5425646683178-5425646759339-5425646789519-5425646947516-5425646988269-5425646994179-5425646994187-5425647027028-5425647050253-5425647056877-5425647059264-5425647241678-5425647261882-5425647294978-5425647322782-5425647376370-5425647381725-5425647384940-5425647389996-5425647394615-5425647394615-5425647405804-5425647408986-5425647411291-5425647411938-5425647412044-5425647412078-5425647412098-5425647412948-5425647413122-5425647417562-5425647435342-5425647435342-5425647437112-5425647438205-5425647438777-5425647440562-5425647442850-5425647442874-5425647446221-5425647446235-5425647447271-5425647448049-5425647448049,"[""Owner"", ""Unknown""]",,,2026-07-27T08:24:48.778539+00:00,2,https://www.halooglasi.com/nekretnine/izdavanje-stanova/izdavanje-luksuznog-stana-u-bw-2-0-magnolija/5425642808132?kid=1&sid=1785141458670,U pretrazi sajta možete željene oglase označiti kao izabrane i tako ih kasnije lakše pronaći. Želim da saznam više.
5425647027028,izdavanje,"Dvosoban Bw, top lokacija, 58m²",1150.0,1.150 €,19.17,1150.0,60.0,2.0,2.0,2-Bedroom,,,,,,Ulica Patrijarha Varnave 20,Savski venac,,False,False,,,,,,,,,True,54,dup-5425642693974-5425642808132-5425643292956-5425644407677-5425645349252-5425645834826-5425646029674-5425646186820-5425646636117-5425646653103-5425646683178-5425646759339-5425646789519-5425646947516-5425646988269-5425646994179-5425646994187-5425647027028-5425647050253-5425647056877-5425647059264-5425647241678-5425647261882-5425647294978-5425647322782-5425647376370-5425647381725-5425647384940-5425647389996-5425647394615-5425647394615-5425647405804-5425647408986-5425647411291-5425647411938-5425647412044-5425647412078-5425647412098-5425647412948-5425647413122-5425647417562-5425647435342-5425647435342-5425647437112-5425647438205-5425647438777-5425647440562-5425647442850-5425647442874-5425647446221-5425647446235-5425647447271-5425647448049-5425647448049,"[""Owner"", ""Unknown""]",,,2026-07-27T08:24:48.778539+00:00,2,https://www.halooglasi.com/nekretnine/izdavanje-stanova/dvosoban-bw-top-lokacija-58m/5425647027028?kid=1&sid=1785141458670,U pretrazi sajta možete željene oglase označiti kao izabrane i tako ih kasnije lakše pronaći. Želim da saznam više.
5425647440519,izdavanje,"Kula, St. Regis Residences, lux, odmah useljiv ID#",3200.0,3.200 €,52.46,3200.0,61.0,2.0,,,,,,Sava Residences,,"Ulica Hercegovačka 23/209, Savski Venac",Savski venac,,False,,,,,,,,,,True,7,dup-5425647210878-5425647225546-5425647225546-5425647255125-5425647414713-5425647429004-5425647440519,"[""Unknown""]",,,2026-07-27T08:24:48.778539+00:00,2,https://www.halooglasi.com/nekretnine/izdavanje-stanova/kula-st-regis-residences-lux-odmah-useljiv-id/5425647440519?kid=1&sid=1785141458670,U pretrazi sajta možete željene oglase označiti kao izabrane i tako ih kasnije lakše pronaći. Želim da saznam više.
5425647294978,izdavanje,Dvosoban | BW Simfonija | Pogled na reku,1150.0,1.150 €,22.15,1150.0,51.91,2.0,2.0,2-Bedroom,,,,,,Ulica Hercegovačka 16,Savski venac,,False,,,,,,,,,,True,54,dup-5425642693974-5425642808132-5425643292956-5425644407677-5425645349252-5425645834826-5425646029674-5425646186820-5425646636117-5425646653103-5425646683178-5425646759339-5425646789519-5425646947516-5425646988269-5425646994179-5425646994187-5425647027028-5425647050253-5425647056877-5425647059264-5425647241678-5425647261882-5425647294978-5425647322782-5425647376370-5425647381725-5425647384940-5425647389996-5425647394615-5425647394615-5425647405804-5425647408986-5425647411291-5425647411938-5425647412044-5425647412078-5425647412098-5425647412948-5425647413122-5425647417562-5425647435342-5425647435342-5425647437112-5425647438205-5425647438777-5425647440562-5425647442850-5425647442874-5425647446221-5425647446235-5425647447271-5425647448049-5425647448049,"[""Owner"", ""Unknown""]",,,2026-07-27T08:24:48.778539+00:00,2,https://www.halooglasi.com/nekretnine/izdavanje-stanova/dvosoban-bw-simfonija-pogled-na-reku/5425647294978?kid=3&sid=1785141458670,U pretrazi sajta možete željene oglase označiti kao izabrane i tako ih kasnije lakše pronaći. Želim da saznam više.
5425647243782,izdavanje,120m² klasicne elegancije u najintimnijoj zgradiBW,2500.0,2.500 €,20.83,2500.0,120.0,4.0,,,,,,,,"Ulica Macvanska 9, Vracar",Savski venac,,False,False,,,,,,,,,True,2,dup-5425645277576-5425647243782,"[""Unknown""]",,,2026-07-27T08:24:48.778539+00:00,2,https://www.halooglasi.com/nekretnine/izdavanje-stanova/120m-klasicne-elegancije-u-najintimnijoj-zgra/5425647243782?kid=1&sid=1785141458670,U pretrazi sajta možete željene oglase označiti kao izabrane i tako ih kasnije lakše pronaći. Želim da saznam više.
5425647064073,izdavanje,Najatraktivniji stan sa panoramskim pogledom na re,4500.0,4.500 €,45.75,4500.0,98.37,3.0,,,,,,,,Ulica Bulevar Mihajla Pupina 165g,Savski venac,,False,,,,,,,,,,True,3,dup-5425647064073-5425647135606-5425647290121,"[""Unknown""]",,,2026-07-27T08:24:48.778539+00:00,2,https://www.halooglasi.com/nekretnine/izdavanje-stanova/najatraktivniji-stan-sa-panoramskim-pogledom/5425647064073?kid=1&sid=1785141458670,U pretrazi sajta možete željene oglase označiti kao izabrane i tako ih kasnije lakše pronaći. Želim da saznam više.
5425647423707,izdavanje,Centar - Beograd na vodi BW #64750,1200.0,1.200 €,19.35,1200.0,62.0,2.0,,,,,,,,"Ulica Gandijeva 192, Beograd",Savski venac,,False,,,,,,,,,,True,4,dup-5425645753668-5425646868429-5425647423707-5425647442820,"[""Unknown""]",,,2026-07-27T08:24:48.778539+00:00,2,https://www.halooglasi.com/nekretnine/izdavanje-stanova/centar---beograd-na-vodi-bw-64750/5425647423707?kid=4&sid=1785141458670,U pretrazi sajta možete željene oglase označiti kao izabrane i tako ih kasnije lakše pronaći. Želim da saznam više.
5425647212185,izdavanje,"BW Riviera, 2.0. LUX, Useljiv",2500.0,2.500 €,32.47,2500.0,77.0,2.0,,,,,,,,Ulica Sarajevska 40,Savski venac,,True,False,,,,,,,,,False,1,,[],,,2026-07-27T08:24:48.778539+00:00,2,https://www.halooglasi.com/nekretnine/izdavanje-stanova/bw-riviera-2-0-lux-useljiv/5425647212185?kid=4&sid=1785141458670,U pretrazi sajta možete željene oglase označiti kao izabrane i tako ih kasnije lakše pronaći. Želim da saznam više.
5425645670246,izdavanje,One of a kind - 2 bdrms-pool- gym- 60sqm terrace,2800.0,2.800 €,20.0,2800.0,140.0,3.0,,,,,,,,"Ulica Mačvanska 9, Vračar",Savski venac,,False,False,,,,,,,,,False,1,,[],,,2026-07-27T08:24:48.778539+00:00,2,https://www.halooglasi.com/nekretnine/izdavanje-stanova/one-of-a-kind---2-bdrms-pool--gym--60sqm-terr/5425645670246?kid=1&sid=1785141458670,U pretrazi sajta možete željene oglase označiti kao izabrane i tako ih kasnije lakše pronaći. Želim da saznam više.
5425647374698,izdavanje,BW Vista 88.4 m2 - dostupan od avgusta,2000.0,2.000 €,22.62,2000.0,88.4,3.0,,,,,,,,Ulica Hercegovačka 16,Savski venac,,False,,,,,,,,,,True,24,dup-5425636267820-5425643952068-5425643976736-5425644615850-5425644623242-5425645143989-5425645219718-5425645968027-5425646890142-5425647118463-5425647120395-5425647177783-5425647181851-5425647270381-5425647294658-5425647323350-5425647328513-5425647374698-5425647389710-5425647425985-5425647438227-5425647438227-5425647442864-5425647444226,"[""Owner"", ""Unknown""]",,,2026-07-27T08:24:48.778539+00:00,2,https://www.halooglasi.com/nekretnine/izdavanje-stanova/bw-vista-88-4-m2---dostupan-od-avgusta/5425647374698?kid=1&sid=1785141458670,U pretrazi sajta možete željene oglase označiti kao izabrane i tako ih kasnije lakše pronaći. Želim da saznam više.
5425647387500,izdavanje,BW Verde 52 | Beograd na vodi | Tri spavaće sobe |,2000.0,2.000 €,17.24,2000.0,116.0,4.0,,,,,,,,,Savski venac,,False,,,,,,,,,,True,3,dup-5425646932678-5425647376404-5425647387500,"[""Unknown""]",,,2026-07-27T08:24:48.778539+00:00,2,https://www.halooglasi.com/nekretnine/izdavanje-stanova/bw-verde-52-beograd-na-vodi-tri-spavace-sobe/5425647387500?kid=1&sid=1785141458670,U pretrazi sajta možete željene oglase označiti kao izabrane i tako ih kasnije lakše pronaći. Želim da saznam više.
5425646186820,izdavanje,"Beograd na vodi 2,0 stan 58m2 sa garažom",1200.0,1.200 €,20.69,1200.0,58.0,2.0,,,,,,,,Ulica Beogradska 8,Savski venac,,False,,,,,,,,,,True,54,dup-5425642693974-5425642808132-5425643292956-5425644407677-5425645349252-5425645834826-5425646029674-5425646186820-5425646636117-5425646653103-5425646683178-5425646759339-5425646789519-5425646947516-5425646988269-5425646994179-5425646994187-5425647027028-5425647050253-5425647056877-5425647059264-5425647241678-5425647261882-5425647294978-5425647322782-5425647376370-5425647381725-5425647384940-5425647389996-5425647394615-5425647394615-5425647405804-5425647408986-5425647411291-5425647411938-5425647412044-5425647412078-5425647412098-5425647412948-5425647413122-5425647417562-5425647435342-5425647435342-5425647437112-5425647438205-5425647438777-5425647440562-5425647442850-5425647442874-5425647446221-5425647446235-5425647447271-5425647448049-5425647448049,"[""Owner"", ""Unknown""]",,,2026-07-27T08:24:48.778539+00:00,2,https://www.halooglasi.com/nekretnine/izdavanje-stanova/beograd-na-vodi-2-0-stan-58m2-sa-garazom/5425646186820?kid=1&sid=1785141458670,U pretrazi sajta možete željene oglase označiti kao izabrane i tako ih kasnije lakše pronaći. Želim da saznam više.
5425644407677,izdavanje,BW Aurora-Lux 2.0 stan,1200.0,1.200 €,21.82,1200.0,55.0,2.0,,,,,,,,Ulica Dr Ivana Ribara 198/12,Savski venac,,False,,,,,,,,,,True,54,dup-5425642693974-5425642808132-5425643292956-5425644407677-5425645349252-5425645834826-5425646029674-5425646186820-5425646636117-5425646653103-5425646683178-5425646759339-5425646789519-5425646947516-5425646988269-5425646994179-5425646994187-5425647027028-5425647050253-5425647056877-5425647059264-5425647241678-5425647261882-5425647294978-5425647322782-5425647376370-5425647381725-5425647384940-5425647389996-5425647394615-5425647394615-5425647405804-5425647408986-5425647411291-5425647411938-5425647412044-5425647412078-5425647412098-5425647412948-5425647413122-5425647417562-5425647435342-5425647435342-5425647437112-5425647438205-5425647438777-5425647440562-5425647442850-5425647442874-5425647446221-5425647446235-5425647447271-5425647448049-5425647448049,"[""Owner"", ""Unknown""]",,,2026-07-27T08:24:48.778539+00:00,2,https://www.halooglasi.com/nekretnine/izdavanje-stanova/bw-aurora-lux-2-0-stan/5425644407677?kid=1&sid=1785141458670,U pretrazi sajta možete željene oglase označiti kao izabrane i tako ih kasnije lakše pronaći. Želim da saznam više.
5425644623242,izdavanje,"Lux, svetao 4.0 stan sa garažom, BW, ID 1904",2000.0,2.000 €,22.22,2000.0,90.0,4.0,,,,,,,,Ulica Hercegovačka 19,Savski venac,,False,False,,,,,,,,,True,24,dup-5425636267820-5425643952068-5425643976736-5425644615850-5425644623242-5425645143989-5425645219718-5425645968027-5425646890142-5425647118463-5425647120395-5425647177783-5425647181851-5425647270381-5425647294658-5425647323350-5425647328513-5425647374698-5425647389710-5425647425985-5425647438227-5425647438227-5425647442864-5425647444226,"[""Owner"", ""Unknown""]",,,2026-07-27T08:24:48.778539+00:00,2,https://www.halooglasi.com/nekretnine/izdavanje-stanova/lux-svetao-4-0-stan-sa-garazom-bw-id-1904/5425644623242?kid=1&sid=1785141458670,U pretrazi sajta možete željene oglase označiti kao izabrane i tako ih kasnije lakše pronaći. Želim da saznam više.
5425647225546,izdavanje,Centar - Beograd na vodi BW kula #67675,3200.0,3.200 €,51.61,3200.0,62.0,2.0,,,,,,Kula Beograd,Kula Beograd,"Ulica Gandijeva 192, Beograd",Savski venac,,False,False,,,,,,,,,True,7,dup-5425647210878-5425647225546-5425647225546-5425647255125-5425647414713-5425647429004-5425647440519,"[""Unknown""]",,,2026-07-27T08:24:48.778539+00:00,2,https://www.halooglasi.com/nekretnine/izdavanje-stanova/centar---beograd-na-vodi-bw-kula-67675/5425647225546?kid=1&sid=1785141458670,U pretrazi sajta možete željene oglase označiti kao izabrane i tako ih kasnije lakše pronaći. Želim da saznam više.
5425645805877,izdavanje,"Nov, neuseljavan, dizajnerski opremljen - 4.0",2750.0,2.750 €,23.71,2750.0,116.0,4.0,,,,,,,,"Ulica Mačvanska 9, Vračar",Savski venac,,False,,,,,,,,,,True,3,dup-5425645805877-5425647268219-5425647295305,"[""Unknown""]",,,2026-07-27T08:24:48.778539+00:00,2,https://www.halooglasi.com/nekretnine/izdavanje-stanova/nov-neuseljavan-dizajnerski-opremljen---4-0/5425645805877?kid=1&sid=1785141458670,U pretrazi sajta možete željene oglase označiti kao izabrane i tako ih kasnije lakše pronaći. Želim da saznam više.
5425647385145,izdavanje,BW Eterna -garažnim mestom,1900.0,1.900 €,20.0,1900.0,95.0,3.0,,,,,,,,Ulica Luke Ćelovića Trebinjca 11 A,Savski venac,,False,,,,,,,,,,True,3,dup-5425647237646-5425647374940-5425647385145,"[""Unknown""]",,,2026-07-27T08:24:48.778539+00:00,2,https://www.halooglasi.com/nekretnine/izdavanje-stanova/bw-eterna--garaznim-mestom/5425647385145?kid=1&sid=1785141458670,U pretrazi sajta možete željene oglase označiti kao izabrane i tako ih kasnije lakše pronaći. Želim da saznam više.
5425647349228,izdavanje,Centar - Beograd na Vodi BW #68044,2000.0,2.000 €,20.0,2000.0,100.0,4.0,,,,,,,,"Ulica Gandijeva 192, Beograd",Savski venac,,False,,,,,,,,,,False,1,,[],,,2026-07-27T08:24:48.778539+00:00,2,https://www.halooglasi.com/nekretnine/izdavanje-stanova/centar---beograd-na-vodi-bw-68044/5425647349228?kid=4&sid=1785141458670,U pretrazi sajta možete željene oglase označiti kao izabrane i tako ih kasnije lakše pronaći. Želim da saznam više.
5425647430793,izdavanje,"Izdaje se 3.0 lux stan,Sensa,BW",1600.0,1.600 €,19.51,1600.0,82.0,3.0,,,,,,,,Ulica Bilećka 20,Savski venac,,True,,,,,,,,,,True,36,dup-5425636664513-5425644454324-5425644469334-5425645881064-5425646382416-5425646772621-5425647137905-5425647243508-5425647261827-5425647269102-5425647292104-5425647292117-5425647294752-5425647294987-5425647298382-5425647326970-5425647374732-5425647392042-5425647409640-5425647409641-5425647414692-5425647419262-5425647423708-5425647423708-5425647430793-5425647432817-5425647432817-5425647433125-5425647434631-5425647435406-5425647438180-5425647438259-5425647442845-5425647444958-5425647447155-5425647454228,"[""Owner"", ""Unknown""]",,,2026-07-27T08:24:48.778539+00:00,2,https://www.halooglasi.com/nekretnine/izdavanje-stanova/izdaje-se-3-0-lux-stan-sensa-bw/5425647430793?kid=3&sid=1785141458670,U pretrazi sajta možete željene oglase označiti kao izabrane i tako ih kasnije lakše pronaći. Želim da saznam više.
5425647394615,izdavanje,Centar - Beograd na vodi BW #65262,1200.0,1.200 €,22.22,1200.0,54.0,2.0,,,,,,,,"Ulica Gandijeva 192, Beograd",Savski venac,,False,,,,,,,,,,True,54,dup-5425642693974-5425642808132-5425643292956-5425644407677-5425645349252-5425645834826-5425646029674-5425646186820-5425646636117-5425646653103-5425646683178-5425646759339-5425646789519-5425646947516-5425646988269-5425646994179-5425646994187-5425647027028-5425647050253-5425647056877-5425647059264-5425647241678-5425647261882-5425647294978-5425647322782-5425647376370-5425647381725-5425647384940-5425647389996-5425647394615-5425647394615-5425647405804-5425647408986-5425647411291-5425647411938-5425647412044-5425647412078-5425647412098-5425647412948-5425647413122-5425647417562-5425647435342-5425647435342-5425647437112-5425647438205-5425647438777-5425647440562-5425647442850-5425647442874-5425647446221-5425647446235-5425647447271-5425647448049-5425647448049,"[""Owner"", ""Unknown""]",,,2026-07-27T08:24:48.778539+00:00,2,https://www.halooglasi.com/nekretnine/izdavanje-stanova/centar---beograd-na-vodi-bw-65262/5425647394615?kid=1&sid=1785141458670,U pretrazi sajta možete željene oglase označiti kao izabrane i tako ih kasnije lakše pronaći. Želim da saznam više.
5425647294447,izdavanje,"Bw St Regis stan, 63m2",4000.0,4.000 €,63.49,4000.0,63.0,2.0,,,,,,,,Ulica Hercegovacka 14a,Savski venac,,False,False,,,,,,,,,False,1,,[],,,2026-07-27T08:24:48.778539+00:00,2,https://www.halooglasi.com/nekretnine/izdavanje-stanova/bw-st-regis-stan-63m2/5425647294447?kid=1&sid=1785141458670,U pretrazi sajta možete željene oglase označiti kao izabrane i tako ih kasnije lakše pronaći. Želim da saznam više.
5425646873882,izdavanje,Luksuzno opremljen stan u BW Kuli,2500.0,2.500 €,40.98,2500.0,61.0,2.0,,,,,,,,,Savski venac,,False,,,,,,,,,,True,4,dup-5425646873882-5425646885601-5425647059216-5425647136268,"[""Unknown""]",,,2026-07-27T08:24:48.778539+00:00,2,https://www.halooglasi.com/nekretnine/izdavanje-stanova/luksuzno-opremljen-stan-u-bw-kuli/5425646873882?kid=4&sid=1785141458670,U pretrazi sajta možete željene oglase označiti kao izabrane i tako ih kasnije lakše pronaći. Želim da saznam više.
5425647444958,izdavanje,Lux trosoban stan – BW Sensa- Izdavanje,1700.0,1.700 €,21.06,1700.0,80.74,3.0,3.0,3-Bedroom,,,,,,Ulica Hercegovačka 15,Savski venac,,False,,,,,,,,,,True,36,dup-5425636664513-5425644454324-5425644469334-5425645881064-5425646382416-5425646772621-5425647137905-5425647243508-5425647261827-5425647269102-5425647292104-5425647292117-5425647294752-5425647294987-5425647298382-5425647326970-5425647374732-5425647392042-5425647409640-5425647409641-5425647414692-5425647419262-5425647423708-5425647423708-5425647430793-5425647432817-5425647432817-5425647433125-5425647434631-5425647435406-5425647438180-5425647438259-5425647442845-5425647444958-5425647447155-5425647454228,"[""Owner"", ""Unknown""]",,,2026-07-27T08:24:48.778539+00:00,2,https://www.halooglasi.com/nekretnine/izdavanje-stanova/lux-trosoban-stan-bw-sensa--izdavanje/5425647444958?kid=4&sid=1785141458670,U pretrazi sajta možete željene oglase označiti kao izabrane i tako ih kasnije lakše pronaći. Želim da saznam više.
5425647423708,izdavanje,Centar - Beograd na vodi BW #68287,1800.0,1.800 €,22.5,1800.0,80.0,3.0,,,,,,,,"Ulica Gandijeva 192, Beograd",Savski venac,,False,,,,,,,,,,True,36,dup-5425636664513-5425644454324-5425644469334-5425645881064-5425646382416-5425646772621-5425647137905-5425647243508-5425647261827-5425647269102-5425647292104-5425647292117-5425647294752-5425647294987-5425647298382-5425647326970-5425647374732-5425647392042-5425647409640-5425647409641-5425647414692-5425647419262-5425647423708-5425647423708-5425647430793-5425647432817-5425647432817-5425647433125-5425647434631-5425647435406-5425647438180-5425647438259-5425647442845-5425647444958-5425647447155-5425647454228,"[""Owner"", ""Unknown""]",,,2026-07-27T08:24:48.778539+00:00,2,https://www.halooglasi.com/nekretnine/izdavanje-stanova/centar---beograd-na-vodi-bw-68287/5425647423708?kid=1&sid=1785141458670,U pretrazi sajta možete željene oglase označiti kao izabrane i tako ih kasnije lakše pronaći. Želim da saznam više.
5425646932678,izdavanje,"Lux 4.0 stan, garaža,BW,ID 4389",2000.0,2.000 €,17.39,2000.0,115.0,4.0,,,,,,,,Ulica Hercegovačka 19,Savski venac,,False,,,,,,,,,,True,3,dup-5425646932678-5425647376404-5425647387500,"[""Unknown""]",,,2026-07-27T08:24:48.778539+00:00,2,https://www.halooglasi.com/nekretnine/izdavanje-stanova/lux-4-0-stan-garaza-bw-id-4389/5425646932678?kid=1&sid=1785141458670,U pretrazi sajta možete željene oglase označiti kao izabrane i tako ih kasnije lakše pronaći. Želim da saznam više.
5425647419262,izdavanje,Ekskluzivan Trosoban Stan | sa Garažnim mestom,1600.0,1.600 €,21.62,1600.0,74.0,3.0,3.0,3-Bedroom,,,,,,,Savski venac,,False,False,,,,,,,,,True,36,dup-5425636664513-5425644454324-5425644469334-5425645881064-5425646382416-5425646772621-5425647137905-5425647243508-5425647261827-5425647269102-5425647292104-5425647292117-5425647294752-5425647294987-5425647298382-5425647326970-5425647374732-5425647392042-5425647409640-5425647409641-5425647414692-5425647419262-5425647423708-5425647423708-5425647430793-5425647432817-5425647432817-5425647433125-5425647434631-5425647435406-5425647438180-5425647438259-5425647442845-5425647444958-5425647447155-5425647454228,"[""Owner"", ""Unknown""]",,,2026-07-27T08:24:48.778539+00:00,2,https://www.halooglasi.com/nekretnine/izdavanje-stanova/ekskluzivan-trosoban-stan-sa-garaznim-mestom/5425647419262?sid=1785141458670,U pretrazi sajta možete željene oglase označiti kao izabrane i tako ih kasnije lakše pronaći. Želim da saznam više.
5425643292956,izdavanje,Lux 2.0 / garaza,1200.0,1.200 €,20.34,1200.0,59.0,2.0,,,,,,,,"Ulica Mačvanska 9, Vračar",Savski venac,,False,,,,,,,,,,True,54,dup-5425642693974-5425642808132-5425643292956-5425644407677-5425645349252-5425645834826-5425646029674-5425646186820-5425646636117-5425646653103-5425646683178-5425646759339-5425646789519-5425646947516-5425646988269-5425646994179-5425646994187-5425647027028-5425647050253-5425647056877-5425647059264-5425647241678-5425647261882-5425647294978-5425647322782-5425647376370-5425647381725-5425647384940-5425647389996-5425647394615-5425647394615-5425647405804-5425647408986-5425647411291-5425647411938-5425647412044-5425647412078-5425647412098-5425647412948-5425647413122-5425647417562-5425647435342-5425647435342-5425647437112-5425647438205-5425647438777-5425647440562-5425647442850-5425647442874-5425647446221-5425647446235-5425647447271-5425647448049-5425647448049,"[""Owner"", ""Unknown""]",,,2026-07-27T08:24:48.778539+00:00,2,https://www.halooglasi.com/nekretnine/izdavanje-stanova/lux-2-0-garaza/5425643292956?kid=1&sid=1785141458670,U pretrazi sajta možete željene oglase označiti kao izabrane i tako ih kasnije lakše pronaći. Želim da saznam više.
5425647136657,izdavanje,"Beograd na vodi, BW Quartet, 5.0. LUX, Useljiv",7000.0,7.000 €,22.8,7000.0,307.0,5.0,,,,,,,,Ulica Sarajevska 40,Savski venac,,False,,,,,,,,,,False,1,,[],,,2026-07-27T08:24:48.778539+00:00,2,https://www.halooglasi.com/nekretnine/izdavanje-stanova/beograd-na-vodi-bw-quartet-5-0-lux-useljiv/5425647136657?kid=4&sid=1785141458670,U pretrazi sajta možete željene oglase označiti kao izabrane i tako ih kasnije lakše pronaći. Želim da saznam više.
5425647450606,izdavanje,Centar - Bw terraces #68347,1800.0,1.800 €,25.35,1800.0,71.0,2.0,,,,,,,,"Ulica Gandijeva 192, Beograd",Savski venac,,False,,,,,,,,,,True,18,dup-5425642616833-5425644500127-5425644578019-5425645246259-5425646628355-5425646846189-5425647300001-5425647301417-5425647346458-5425647349085-5425647349085-5425647394322-5425647407068-5425647416675-5425647429711-5425647437003-5425647446652-5425647450606,"[""Owner"", ""Unknown""]",,,2026-07-27T08:24:48.778539+00:00,2,https://www.halooglasi.com/nekretnine/izdavanje-stanova/centar---bw-terraces-68347/5425647450606?kid=1&sid=1785141458670,U pretrazi sajta možete željene oglase označiti kao izabrane i tako ih kasnije lakše pronaći. Želim da saznam više.
5425647435406,izdavanje,BW Terra 28 | Komforan porodični stan | Dve spavać,1700.0,1.700 €,22.67,1700.0,75.0,3.0,,,,,,,,,Savski venac,,False,,,,,,,,,,True,36,dup-5425636664513-5425644454324-5425644469334-5425645881064-5425646382416-5425646772621-5425647137905-5425647243508-5425647261827-5425647269102-5425647292104-5425647292117-5425647294752-5425647294987-5425647298382-5425647326970-5425647374732-5425647392042-5425647409640-5425647409641-5425647414692-5425647419262-5425647423708-5425647423708-5425647430793-5425647432817-5425647432817-5425647433125-5425647434631-5425647435406-5425647438180-5425647438259-5425647442845-5425647444958-5425647447155-5425647454228,"[""Owner"", ""Unknown""]",,,2026-07-27T08:24:48.778539+00:00,1,https://www.halooglasi.com/nekretnine/izdavanje-stanova/bw-terra-28-komforan-porodicni-stan-dve-spava/5425647435406?kid=1&sid=1785141458670,U pretrazi sajta možete željene oglase označiti kao izabrane i tako ih kasnije lakše pronaći. Želim da saznam više.
5425646951476,izdavanje,"BW Residence, teretana, bazen, spa, odmah useljiv.",1500.0,1.500 €,23.81,1500.0,63.0,2.0,,,,,,Sava Residences,,"Ulica Hercegovačka 23/209, Savski Venac",Savski venac,,False,,,,,,,,,,False,1,,[],,,2026-07-27T08:24:48.778539+00:00,2,https://www.halooglasi.com/nekretnine/izdavanje-stanova/bw-residence-teretana-bazen-spa-odmah-useljiv/5425646951476?kid=1&sid=1785141458670,U pretrazi sajta možete željene oglase označiti kao izabrane i tako ih kasnije lakše pronaći. Želim da saznam više.
5425647433181,izdavanje,BW Perla | Luksuzan trosoban stan sa pogledom,3250.0,3.250 €,29.61,3250.0,109.75,3.0,3.0,3-Bedroom,,,,,,,Savski venac,,False,,,,,,,,,,True,7,dup-5425647320813-5425647320883-5425647320910-5425647374936-5425647376377-5425647392806-5425647433181,"[""Unknown""]",,,2026-07-27T08:24:48.778539+00:00,2,https://www.halooglasi.com/nekretnine/izdavanje-stanova/bw-perla-luksuzan-trosoban-stan-sa-pogledom/5425647433181?kid=4&sid=1785141458670,U pretrazi sajta možete željene oglase označiti kao izabrane i tako ih kasnije lakše pronaći. Želim da saznam više.
5425643681072,izdavanje,Izdavanje luksuznog stana / 4.0 / 2 garazna,2000.0,2.000 €,16.81,2000.0,119.0,4.0,,,,,,,,"Ulica Mačvanska 9, Vračar",Savski venac,,False,,,,,,,,,,True,3,dup-5425643681072-5425647162458-5425647446236,"[""Unknown""]",,,2026-07-27T08:24:48.778539+00:00,2,https://www.halooglasi.com/nekretnine/izdavanje-stanova/izdavanje-luksuznog-stana-4-0-2-garazna/5425643681072?kid=1&sid=1785141458670,U pretrazi sajta možete željene oglase označiti kao izabrane i tako ih kasnije lakše pronaći. Želim da saznam više.
5425647314340,izdavanje,Centar - Beograd na Vodi #67901,2500.0,2.500 €,22.52,2500.0,111.0,4.0,,,,,,,,"Ulica Gandijeva 192, Beograd",Savski venac,,False,,,,,,,,,,True,5,dup-5425646146127-5425647314340-5425647314340-5425647315817-5425647332848,"[""Unknown""]",,,2026-07-27T08:24:48.778539+00:00,2,https://www.halooglasi.com/nekretnine/izdavanje-stanova/centar---beograd-na-vodi-67901/5425647314340?kid=1&sid=1785141458670,U pretrazi sajta možete željene oglase označiti kao izabrane i tako ih kasnije lakše pronaći. Želim da saznam više.
5425647414666,izdavanje,"Centar - Beograd na vodi, 1.0, 27 m2 ID#2662",550.0,550 €,20.37,550.0,27.0,1.0,,,,,,,,"Ulica Kneza Mihaila 7/1, Beograd",Savski venac,,False,False,,,,,,,,,False,1,,[],,,2026-07-27T08:24:48.778539+00:00,2,https://www.halooglasi.com/nekretnine/izdavanje-stanova/centar---beograd-na-vodi-1-0-27-m2-id2662/5425647414666?kid=1&sid=1785141458670,U pretrazi sajta možete željene oglase označiti kao izabrane i tako ih kasnije lakše pronaći. Želim da saznam više.
5425647433125,izdavanje,Elegantan trosoban stan sa pogledom na grad,1800.0,1.800 €,21.69,1800.0,83.0,3.0,3.0,3-Bedroom,,,,,,Ulica Bulevar Mihajla Pupina 165g,Savski venac,,False,,,,,,,,,,True,36,dup-5425636664513-5425644454324-5425644469334-5425645881064-5425646382416-5425646772621-5425647137905-5425647243508-5425647261827-5425647269102-5425647292104-5425647292117-5425647294752-5425647294987-5425647298382-5425647326970-5425647374732-5425647392042-5425647409640-5425647409641-5425647414692-5425647419262-5425647423708-5425647423708-5425647430793-5425647432817-5425647432817-5425647433125-5425647434631-5425647435406-5425647438180-5425647438259-5425647442845-5425647444958-5425647447155-5425647454228,"[""Owner"", ""Unknown""]",,,2026-07-27T08:24:48.778539+00:00,2,https://www.halooglasi.com/nekretnine/izdavanje-stanova/elegantan-trosoban-stan-sa-pogledom-na-grad/5425647433125?kid=1&sid=1785141458670,U pretrazi sajta možete željene oglase označiti kao izabrane i tako ih kasnije lakše pronaći. Želim da saznam više.
5425647292117,izdavanje,"Savski Venac (Beograd), Beograd Na Vodi, Stan, 3,",1800.0,1.800 €,22.8,1800.0,78.95,3.0,,,,,,,,Ulica Knez Mihailova 11-15,Savski venac,,False,,,,,,,,,,True,36,dup-5425636664513-5425644454324-5425644469334-5425645881064-5425646382416-5425646772621-5425647137905-5425647243508-5425647261827-5425647269102-5425647292104-5425647292117-5425647294752-5425647294987-5425647298382-5425647326970-5425647374732-5425647392042-5425647409640-5425647409641-5425647414692-5425647419262-5425647423708-5425647423708-5425647430793-5425647432817-5425647432817-5425647433125-5425647434631-5425647435406-5425647438180-5425647438259-5425647442845-5425647444958-5425647447155-5425647454228,"[""Owner"", ""Unknown""]",,,2026-07-27T08:24:48.778539+00:00,2,https://www.halooglasi.com/nekretnine/izdavanje-stanova/savski-venac-beograd-beograd-na-vodi-stan-3/5425647292117?kid=1&sid=1785141458670,U pretrazi sajta možete željene oglase označiti kao izabrane i tako ih kasnije lakše pronaći. Želim da saznam više.
5425647261827,izdavanje,"BW Magnolia, lux, kompletno opremljen ID#2503",2000.0,2.000 €,25.0,2000.0,80.0,3.0,,,,,,,,"Ulica Hercegovačka 23/209, Savski Venac",Savski venac,,True,False,,,,,,,,,True,36,dup-5425636664513-5425644454324-5425644469334-5425645881064-5425646382416-5425646772621-5425647137905-5425647243508-5425647261827-5425647269102-5425647292104-5425647292117-5425647294752-5425647294987-5425647298382-5425647326970-5425647374732-5425647392042-5425647409640-5425647409641-5425647414692-5425647419262-5425647423708-5425647423708-5425647430793-5425647432817-5425647432817-5425647433125-5425647434631-5425647435406-5425647438180-5425647438259-5425647442845-5425647444958-5425647447155-5425647454228,"[""Owner"", ""Unknown""]",,,2026-07-27T08:24:48.778539+00:00,2,https://www.halooglasi.com/nekretnine/izdavanje-stanova/bw-magnolia-lux-kompletno-opremljen-id2503/5425647261827?kid=1&sid=1785141458670,U pretrazi sajta možete željene oglase označiti kao izabrane i tako ih kasnije lakše pronaći. Želim da saznam više.
5425646628355,izdavanje,BW Sensa: 2 Bedroom Cozy Retreat,1600.0,1.600 €,22.22,1600.0,72.0,3.0,,,,,,,,,Savski venac,,True,False,,,,,,,,,True,18,dup-5425642616833-5425644500127-5425644578019-5425645246259-5425646628355-5425646846189-5425647300001-5425647301417-5425647346458-5425647349085-5425647349085-5425647394322-5425647407068-5425647416675-5425647429711-5425647437003-5425647446652-5425647450606,"[""Owner"", ""Unknown""]",,,2026-07-27T08:24:48.778539+00:00,2,https://www.halooglasi.com/nekretnine/izdavanje-stanova/bw-sensa-2-bedroom-cozy-retreat/5425646628355?kid=3&sid=1785141458670,U pretrazi sajta možete željene oglase označiti kao izabrane i tako ih kasnije lakše pronaći. Želim da saznam više.
5425644217740,izdavanje,"BW Residence, novogradnja, pogled na reku, ID17930",1600.0,1.600 €,25.4,1600.0,63.0,2.0,,,,,,BW Residence,,Ulica Uroša Martinovića 13,Savski venac,,False,False,,,,,,,,,True,4,dup-5425644217740-5425647000084-5425647054664-5425647440572,"[""Unknown""]",,,2026-07-27T08:24:48.778539+00:00,2,https://www.halooglasi.com/nekretnine/izdavanje-stanova/bw-residence-novogradnja-pogled-na-reku-id179/5425644217740?kid=1&sid=1785141458670,U pretrazi sajta možete željene oglase označiti kao izabrane i tako ih kasnije lakše pronaći. Želim da saznam više.
5425647326970,izdavanje,Centar - Beograd na Vodi BW #67888,1600.0,1.600 €,19.28,1600.0,83.0,3.0,,,,,,,,,Savski venac,,False,False,,,,,,,,,True,36,dup-5425636664513-5425644454324-5425644469334-5425645881064-5425646382416-5425646772621-5425647137905-5425647243508-5425647261827-5425647269102-5425647292104-5425647292117-5425647294752-5425647294987-5425647298382-5425647326970-5425647374732-5425647392042-5425647409640-5425647409641-5425647414692-5425647419262-5425647423708-5425647423708-5425647430793-5425647432817-5425647432817-5425647433125-5425647434631-5425647435406-5425647438180-5425647438259-5425647442845-5425647444958-5425647447155-5425647454228,"[""Owner"", ""Unknown""]",,,2026-07-27T08:24:48.778539+00:00,2,https://www.halooglasi.com/nekretnine/izdavanje-stanova/centar---beograd-na-vodi-bw-67888/5425647326970?kid=4&sid=1785141458670,U pretrazi sajta možete željene oglase označiti kao izabrane i tako ih kasnije lakše pronaći. Želim da saznam više.
5425644556774,izdavanje,"Bw- Libera, 54m2, II, cg, novo, lux",1000.0,1.000 €,18.52,1000.0,54.0,2.0,,,,,,,,"Ulica Krunska 38, Beograd",Savski venac,,False,False,,,,,,,,,True,4,dup-5425635829135-5425644556774-5425645963532-5425646498161,"[""Unknown""]",,,2026-07-27T08:24:48.778539+00:00,2,https://www.halooglasi.com/nekretnine/izdavanje-stanova/bw--libera-54m2-ii-cg-novo-lux/5425644556774?kid=3&sid=1785141458670,U pretrazi sajta možete željene oglase označiti kao izabrane i tako ih kasnije lakše pronaći. Želim da saznam više.
5425645246259,izdavanje,Odličan stan u Metropolitan zgradi u BW,1600.0,1.600 €,23.19,1600.0,69.0,3.0,,,,,,,,Ulica Patrijarha Varnave 15,Savski venac,,False,False,,,,,,,,,True,18,dup-5425642616833-5425644500127-5425644578019-5425645246259-5425646628355-5425646846189-5425647300001-5425647301417-5425647346458-5425647349085-5425647349085-5425647394322-5425647407068-5425647416675-5425647429711-5425647437003-5425647446652-5425647450606,"[""Owner"", ""Unknown""]",,,2026-07-27T08:24:48.778539+00:00,2,https://www.halooglasi.com/nekretnine/izdavanje-stanova/odlican-stan-u-metropolitan-zgradi-u-bw/5425645246259?kid=1&sid=1785141458670,U pretrazi sajta možete željene oglase označiti kao izabrane i tako ih kasnije lakše pronaći. Želim da saznam više.
5425647440562,izdavanje,Namešten stan u ulici Vudroa Vilsona,1200.0,1.200 €,21.43,1200.0,56.0,2.0,,,,,,,,"Ulica Bulevar Mihajla Pupina 10V, stan 207",Savski venac,,False,,,,,,,,,,True,54,dup-5425642693974-5425642808132-5425643292956-5425644407677-5425645349252-5425645834826-5425646029674-5425646186820-5425646636117-5425646653103-5425646683178-5425646759339-5425646789519-5425646947516-5425646988269-5425646994179-5425646994187-5425647027028-5425647050253-5425647056877-5425647059264-5425647241678-5425647261882-5425647294978-5425647322782-5425647376370-5425647381725-5425647384940-5425647389996-5425647394615-5425647394615-5425647405804-5425647408986-5425647411291-5425647411938-5425647412044-5425647412078-5425647412098-5425647412948-5425647413122-5425647417562-5425647435342-5425647435342-5425647437112-5425647438205-5425647438777-5425647440562-5425647442850-5425647442874-5425647446221-5425647446235-5425647447271-5425647448049-5425647448049,"[""Owner"", ""Unknown""]",,,2026-07-27T08:24:48.778539+00:00,2,https://www.halooglasi.com/nekretnine/izdavanje-stanova/namesten-stan-u-ulici-vudroa-vilsona/5425647440562?sid=1785141458670,U pretrazi sajta možete željene oglase označiti kao izabrane i tako ih kasnije lakše pronaći. Želim da saznam više.
5425646498161,izdavanje,"Nov, Neuseljavan, Dizajnerski projektovan",1000.0,1.000 €,17.86,1000.0,56.0,2.0,,,,,,,,"Ulica Macvanska 9, Vracar",Savski venac,,False,,,,,,,,,,True,4,dup-5425635829135-5425644556774-5425645963532-5425646498161,"[""Unknown""]",,,2026-07-27T08:24:48.778539+00:00,2,https://www.halooglasi.com/nekretnine/izdavanje-stanova/nov-neuseljavan-dizajnerski-projektovan/5425646498161?kid=1&sid=1785141458670,U pretrazi sajta možete željene oglase označiti kao izabrane i tako ih kasnije lakše pronaći. Želim da saznam više.
5425647409641,izdavanje,BW Quartet-komforan stan/ moderan enterijer,1700.0,1.700 €,22.37,1700.0,76.0,3.0,,,,,,,,Ulica Mileševska 43,Savski venac,,False,,,,,,,,,,True,36,dup-5425636664513-5425644454324-5425644469334-5425645881064-5425646382416-5425646772621-5425647137905-5425647243508-5425647261827-5425647269102-5425647292104-5425647292117-5425647294752-5425647294987-5425647298382-5425647326970-5425647374732-5425647392042-5425647409640-5425647409641-5425647414692-5425647419262-5425647423708-5425647423708-5425647430793-5425647432817-5425647432817-5425647433125-5425647434631-5425647435406-5425647438180-5425647438259-5425647442845-5425647444958-5425647447155-5425647454228,"[""Owner"", ""Unknown""]",,,2026-07-27T08:24:48.778539+00:00,2,https://www.halooglasi.com/nekretnine/izdavanje-stanova/bw-quartet-komforan-stan-moderan-enterijer/5425647409641?kid=4&sid=1785141458670,U pretrazi sajta možete željene oglase označiti kao izabrane i tako ih kasnije lakše pronaći. Želim da saznam više.
5425636267820,izdavanje,"BW - ParkView - lux, 90m2, 4.0, gar.mesto",2000.0,2.000 €,22.22,2000.0,90.0,4.0,,,,,,,,Ulica Bul. Mihajla Pupina 10ž/np 9,Savski venac,,False,,,,,,,,,,True,24,dup-5425636267820-5425643952068-5425643976736-5425644615850-5425644623242-5425645143989-5425645219718-5425645968027-5425646890142-5425647118463-5425647120395-5425647177783-5425647181851-5425647270381-5425647294658-5425647323350-5425647328513-5425647374698-5425647389710-5425647425985-5425647438227-5425647438227-5425647442864-5425647444226,"[""Owner"", ""Unknown""]",,,2026-07-27T08:24:48.778539+00:00,2,https://www.halooglasi.com/nekretnine/izdavanje-stanova/bw---parkview---lux-90m2-4-0-gar-mesto/5425636267820?kid=1&sid=1785141458670,U pretrazi sajta možete željene oglase označiti kao izabrane i tako ih kasnije lakše pronaći. Želim da saznam više.
5425647346458,izdavanje,BW Terraces - Luksuzan stan u premium zgradi,1800.0,1.800 €,25.35,1800.0,71.0,2.0,,,,,,,,Ulica Luke Ćelovića Trebinjca 18,Savski venac,,False,,,,,,,,,,True,18,dup-5425642616833-5425644500127-5425644578019-5425645246259-5425646628355-5425646846189-5425647300001-5425647301417-5425647346458-5425647349085-5425647349085-5425647394322-5425647407068-5425647416675-5425647429711-5425647437003-5425647446652-5425647450606,"[""Owner"", ""Unknown""]",,,2026-07-27T08:24:48.778539+00:00,2,https://www.halooglasi.com/nekretnine/izdavanje-stanova/bw-terraces---luksuzan-stan-u-premium-zgradi/5425647346458?kid=4&sid=1785141458670,U pretrazi sajta možete željene oglase označiti kao izabrane i tako ih kasnije lakše pronaći. Želim da saznam više.
5425647455237,izdavanje,Četvorosoban | BW Parkview | Garaža,2000.0,2.000 €,17.7,2000.0,113.0,4.0,4.0,4-Bedroom,,,,,,Ulica Hercegovačka 16,Savski venac,,False,,,,,,,,,,False,1,,[],,,2026-07-27T08:24:48.778539+00:00,2,https://www.halooglasi.com/nekretnine/izdavanje-stanova/cetvorosoban-bw-parkview-garaza/5425647455237?kid=3&sid=1785141458670,U pretrazi sajta možete željene oglase označiti kao izabrane i tako ih kasnije lakše pronaći. Želim da saznam više.
5425647182904,izdavanje,Centar - Savski venac #67576,700.0,700 €,21.21,700.0,33.0,1.0,,,,,,,,"Ulica Gandijeva 192, Beograd",Savski venac,,False,,,,,,,,,,False,1,,[],,,2026-07-27T08:24:48.778539+00:00,2,https://www.halooglasi.com/nekretnine/izdavanje-stanova/centar---savski-venac-67576/5425647182904?kid=1&sid=1785141458670,U pretrazi sajta možete željene oglase označiti kao izabrane i tako ih kasnije lakše pronaći. Želim da saznam više.
5425647332756,izdavanje,"BW Sensa, odmah useljiv, gm ID#4705",1500.0,1.500 €,20.55,1500.0,73.0,3.0,,,,,,,,"Ulica Hercegovačka 23/209, Savski Venac",Savski venac,,False,,,,,,,,,,False,1,,[],,,2026-07-27T08:24:48.778539+00:00,2,https://www.halooglasi.com/nekretnine/izdavanje-stanova/bw-sensa-odmah-useljiv-gm-id4705/5425647332756?kid=1&sid=1785141458670,U pretrazi sajta možete željene oglase označiti kao izabrane i tako ih kasnije lakše pronaći. Želim da saznam više.
5425647447155,izdavanje,Queen’s Park | Dizajnerski 3.0 | BW,1700.0,1.700 €,22.37,1700.0,76.0,3.0,,,,,,,,,Savski venac,,False,,,,,,,,,,True,36,dup-5425636664513-5425644454324-5425644469334-5425645881064-5425646382416-5425646772621-5425647137905-5425647243508-5425647261827-5425647269102-5425647292104-5425647292117-5425647294752-5425647294987-5425647298382-5425647326970-5425647374732-5425647392042-5425647409640-5425647409641-5425647414692-5425647419262-5425647423708-5425647423708-5425647430793-5425647432817-5425647432817-5425647433125-5425647434631-5425647435406-5425647438180-5425647438259-5425647442845-5425647444958-5425647447155-5425647454228,"[""Owner"", ""Unknown""]",,,2026-07-27T08:24:48.778539+00:00,2,https://www.halooglasi.com/nekretnine/izdavanje-stanova/queens-park-dizajnerski-3-0-bw/5425647447155?kid=1&sid=1785141458670,U pretrazi sajta možete željene oglase označiti kao izabrane i tako ih kasnije lakše pronaći. Želim da saznam više.
5425646936881,izdavanje,Bw PERLA-Ekskluzivan stan useljiv od 15. avgusta,5200.0,5.200 €,32.88,5200.0,158.16,4.0,,,,,,,,Ulica Šumatovačka 36,Savski venac,,False,,,,,,,,,,False,1,,[],,,2026-07-27T08:24:48.778539+00:00,2,https://www.halooglasi.com/nekretnine/izdavanje-stanova/bw-perla-ekskluzivan-stan-useljiv-od-15-avgus/5425646936881?kid=4&sid=1785141458670,U pretrazi sajta možete željene oglase označiti kao izabrane i tako ih kasnije lakše pronaći. Želim da saznam više.
5425647446652,izdavanje,Nov 2.0 lux opremljen stan BW-Terraces,1800.0,1.800 €,25.71,1800.0,70.0,2.0,,,,,,,,,Savski venac,,False,,,,,,,,,,True,18,dup-5425642616833-5425644500127-5425644578019-5425645246259-5425646628355-5425646846189-5425647300001-5425647301417-5425647346458-5425647349085-5425647349085-5425647394322-5425647407068-5425647416675-5425647429711-5425647437003-5425647446652-5425647450606,"[""Owner"", ""Unknown""]",,,2026-07-27T08:24:48.778539+00:00,2,https://www.halooglasi.com/nekretnine/izdavanje-stanova/nov-2-0-lux-opremljen-stan-bw-terraces/5425647446652?kid=3&sid=1785141458670,U pretrazi sajta možete željene oglase označiti kao izabrane i tako ih kasnije lakše pronaći. Želim da saznam više.
5425647179300,izdavanje,Dvoiposoban stan u Kuli Beograd,4500.0,4.500 €,50.0,4500.0,90.0,2.5,2.5,2.5-Bedroom,,,,Kula Beograd,Kula Beograd,Ulica Patrijarha Varnave 20,Savski venac,,False,False,,,,,,,,,True,8,dup-5425645043784-5425646162178-5425646881881-5425646915089-5425646992418-5425647004755-5425647172383-5425647179300,"[""Owner"", ""Unknown""]",,,2026-07-27T08:24:48.778539+00:00,2,https://www.halooglasi.com/nekretnine/izdavanje-stanova/dvoiposoban-stan-u-kuli-beograd/5425647179300?kid=1&sid=1785141458670,U pretrazi sajta možete željene oglase označiti kao izabrane i tako ih kasnije lakše pronaći. Želim da saznam više.
5425645219718,izdavanje,BW Simfonija-Lux 3.0 stan,1600.0,1.600 €,18.6,1600.0,86.0,3.0,,,,,,,,Ulica Dr Ivana Ribara 198/12,Savski venac,,True,,,,,,,,,,True,24,dup-5425636267820-5425643952068-5425643976736-5425644615850-5425644623242-5425645143989-5425645219718-5425645968027-5425646890142-5425647118463-5425647120395-5425647177783-5425647181851-5425647270381-5425647294658-5425647323350-5425647328513-5425647374698-5425647389710-5425647425985-5425647438227-5425647438227-5425647442864-5425647444226,"[""Owner"", ""Unknown""]",,,2026-07-27T08:24:48.778539+00:00,2,https://www.halooglasi.com/nekretnine/izdavanje-stanova/bw-simfonija-lux-3-0-stan/5425645219718?kid=1&sid=1785141458670,U pretrazi sajta možete željene oglase označiti kao izabrane i tako ih kasnije lakše pronaći. Želim da saznam više.
5425647434762,izdavanje,"BW Perla,Luksuzan trosoban stan za izdavanje",3250.0,3.250 €,28.82,3250.0,112.75,3.0,3.0,3-Bedroom,,,,,,,Savski venac,,True,,,,,,,,,,True,3,dup-5425647433147-5425647433867-5425647434762,"[""Owner"", ""Unknown""]",,,2026-07-27T08:24:48.778539+00:00,2,https://www.halooglasi.com/nekretnine/izdavanje-stanova/bw-perla-luksuzan-trosoban-stan-za-izdavanje/5425647434762?kid=4&sid=1785141458670,U pretrazi sajta možete željene oglase označiti kao izabrane i tako ih kasnije lakše pronaći. Želim da saznam više.
5425645753668,izdavanje,"Stari Grad (Beograd), Beograd Na Vodi, Stan, 2, 62",1200.0,1.200 €,19.35,1200.0,62.0,2.0,,,,,,,,Ulica Bulevar Mihajla Pupina 165g,Savski venac,,False,,,,,,,,,,True,4,dup-5425645753668-5425646868429-5425647423707-5425647442820,"[""Unknown""]",,,2026-07-27T08:24:48.778539+00:00,2,https://www.halooglasi.com/nekretnine/izdavanje-stanova/stari-grad-beograd-beograd-na-vodi-stan-2-62/5425645753668?kid=1&sid=1785141458670,U pretrazi sajta možete željene oglase označiti kao izabrane i tako ih kasnije lakše pronaći. Želim da saznam više.
5425647374940,izdavanje,BW Parkview lux 4-soban stan sa garažom,2000.0,2.000 €,21.05,2000.0,95.0,4.0,,,,,,,,Ulica Ivana Micurina 11,Savski venac,,False,,,,,,,,,,True,3,dup-5425647237646-5425647374940-5425647385145,"[""Unknown""]",,,2026-07-27T08:24:48.778539+00:00,2,https://www.halooglasi.com/nekretnine/izdavanje-stanova/bw-parkview-lux-4-soban-stan-sa-garazom/5425647374940?kid=4&sid=1785141458670,U pretrazi sajta možete željene oglase označiti kao izabrane i tako ih kasnije lakše pronaći. Želim da saznam više.
5425647448049,izdavanje,Centar - Beograd na vodi BW #68345,1100.0,1.100 €,19.3,1100.0,57.0,2.0,,,,,,,,"Ulica Gandijeva 192, Beograd",Savski venac,,False,,,,,,,,,,True,54,dup-5425642693974-5425642808132-5425643292956-5425644407677-5425645349252-5425645834826-5425646029674-5425646186820-5425646636117-5425646653103-5425646683178-5425646759339-5425646789519-5425646947516-5425646988269-5425646994179-5425646994187-5425647027028-5425647050253-5425647056877-5425647059264-5425647241678-5425647261882-5425647294978-5425647322782-5425647376370-5425647381725-5425647384940-5425647389996-5425647394615-5425647394615-5425647405804-5425647408986-5425647411291-5425647411938-5425647412044-5425647412078-5425647412098-5425647412948-5425647413122-5425647417562-5425647435342-5425647435342-5425647437112-5425647438205-5425647438777-5425647440562-5425647442850-5425647442874-5425647446221-5425647446235-5425647447271-5425647448049-5425647448049,"[""Owner"", ""Unknown""]",,,2026-07-27T08:24:48.778539+00:00,2,https://www.halooglasi.com/nekretnine/izdavanje-stanova/centar---beograd-na-vodi-bw-68345/5425647448049?kid=4&sid=1785141458670,U pretrazi sajta možete željene oglase označiti kao izabrane i tako ih kasnije lakše pronaći. Želim da saznam više.
5425647429060,izdavanje,BW Perla 06 | Beograd na vodi | Neuseljavan | Pano,3700.0,3.700 €,23.42,3700.0,158.01,4.0,,,,,,,,,Savski venac,,False,,,,,,,,,,True,3,dup-5425647142303-5425647429060-5425647448025,"[""Unknown""]",,,2026-07-27T08:24:48.778539+00:00,1,https://www.halooglasi.com/nekretnine/izdavanje-stanova/bw-perla-06-beograd-na-vodi-neuseljavan-pano/5425647429060?kid=1&sid=1785141458670,U pretrazi sajta možete željene oglase označiti kao izabrane i tako ih kasnije lakše pronaći. Želim da saznam više.
5425647319363,izdavanje,BW Perla | Luksuzan 4.0 stan 147m²,2800.0,2.800 €,19.05,2800.0,147.0,4.0,,,,,,,,Ulica Kralja Milutina 49,Savski venac,,False,,,,,,,,,,False,1,,[],,,2026-07-27T08:24:48.778539+00:00,2,https://www.halooglasi.com/nekretnine/izdavanje-stanova/bw-perla-luksuzan-4-0-stan-147m/5425647319363?kid=3&sid=1785141458670,U pretrazi sajta možete željene oglase označiti kao izabrane i tako ih kasnije lakše pronaći. Želim da saznam više.
5425647438227,izdavanje,"BW Aurora, namešten, pogled na reku ID#4784",1600.0,1.600 €,18.39,1600.0,87.0,3.0,,,,,,,,"Ulica Hercegovačka 23/209, Savski Venac",Savski venac,,False,,,,,,,,,,True,24,dup-5425636267820-5425643952068-5425643976736-5425644615850-5425644623242-5425645143989-5425645219718-5425645968027-5425646890142-5425647118463-5425647120395-5425647177783-5425647181851-5425647270381-5425647294658-5425647323350-5425647328513-5425647374698-5425647389710-5425647425985-5425647438227-5425647438227-5425647442864-5425647444226,"[""Owner"", ""Unknown""]",,,2026-07-27T08:24:48.778539+00:00,2,https://www.halooglasi.com/nekretnine/izdavanje-stanova/bw-aurora-namesten-pogled-na-reku-id4784/5425647438227?kid=3&sid=1785141458670,U pretrazi sajta možete željene oglase označiti kao izabrane i tako ih kasnije lakše pronaći. Želim da saznam više.
5425647082114,izdavanje,Stan po meri savremenog života – BW Riviera 4.0,5000.0,5.000 €,28.84,5000.0,173.35,4.0,,,,,,,,,Savski venac,,False,,,,,,,,,,False,1,,[],,,2026-07-27T08:24:48.778539+00:00,2,https://www.halooglasi.com/nekretnine/izdavanje-stanova/stan-po-meri-savremenog-zivota-bw-riviera-4-0/5425647082114?kid=4&sid=1785141458670,U pretrazi sajta možete željene oglase označiti kao izabrane i tako ih kasnije lakše pronaći. Želim da saznam više.
5425647442845,izdavanje,Bw King’s Park – pogled na park,1600.0,1.600 €,20.78,1600.0,77.0,3.0,,,,,,,,Ulica Milutina Milankovića 11g,Savski venac,,False,,,,,,,,,,True,36,dup-5425636664513-5425644454324-5425644469334-5425645881064-5425646382416-5425646772621-5425647137905-5425647243508-5425647261827-5425647269102-5425647292104-5425647292117-5425647294752-5425647294987-5425647298382-5425647326970-5425647374732-5425647392042-5425647409640-5425647409641-5425647414692-5425647419262-5425647423708-5425647423708-5425647430793-5425647432817-5425647432817-5425647433125-5425647434631-5425647435406-5425647438180-5425647438259-5425647442845-5425647444958-5425647447155-5425647454228,"[""Owner"", ""Unknown""]",,,2026-07-27T08:24:48.778539+00:00,2,https://www.halooglasi.com/nekretnine/izdavanje-stanova/bw-kings-park-pogled-na-park/5425647442845?kid=1&sid=1785141458670,U pretrazi sajta možete željene oglase označiti kao izabrane i tako ih kasnije lakše pronaći. Želim da saznam više.
5425643976736,izdavanje,"Nov, Neuseljavan / 3.0 -garaza / pogled na reku",2000.0,2.000 €,22.99,2000.0,87.0,3.0,,,,,,,,"Ulica Mačvanska 9, Vračar",Savski venac,,True,,,,,,,,,,True,24,dup-5425636267820-5425643952068-5425643976736-5425644615850-5425644623242-5425645143989-5425645219718-5425645968027-5425646890142-5425647118463-5425647120395-5425647177783-5425647181851-5425647270381-5425647294658-5425647323350-5425647328513-5425647374698-5425647389710-5425647425985-5425647438227-5425647438227-5425647442864-5425647444226,"[""Owner"", ""Unknown""]",,,2026-07-27T08:24:48.778539+00:00,2,https://www.halooglasi.com/nekretnine/izdavanje-stanova/nov-neuseljavan-3-0--garaza-pogled-na-reku/5425643976736?kid=1&sid=1785141458670,U pretrazi sajta možete željene oglase označiti kao izabrane i tako ih kasnije lakše pronaći. Želim da saznam više.
5425647438259,izdavanje,"Savski Venac (Beograd), Beograd Na Vodi, Stan, 3,",1800.0,1.800 €,21.95,1800.0,82.0,3.0,,,,,,,,Ulica Bulevar Mihajla Pupina 165g,Savski venac,,False,False,,,,,,,,,True,36,dup-5425636664513-5425644454324-5425644469334-5425645881064-5425646382416-5425646772621-5425647137905-5425647243508-5425647261827-5425647269102-5425647292104-5425647292117-5425647294752-5425647294987-5425647298382-5425647326970-5425647374732-5425647392042-5425647409640-5425647409641-5425647414692-5425647419262-5425647423708-5425647423708-5425647430793-5425647432817-5425647432817-5425647433125-5425647434631-5425647435406-5425647438180-5425647438259-5425647442845-5425647444958-5425647447155-5425647454228,"[""Owner"", ""Unknown""]",,,2026-07-27T08:24:48.778539+00:00,2,https://www.halooglasi.com/nekretnine/izdavanje-stanova/savski-venac-beograd-beograd-na-vodi-stan-3/5425647438259?kid=1&sid=1785141458670,U pretrazi sajta možete željene oglase označiti kao izabrane i tako ih kasnije lakše pronaći. Želim da saznam više.
5425647435342,izdavanje,"Kings Park, moderan, kompletno opremljen ID#1293",1250.0,1.250 €,24.04,1250.0,52.0,2.0,,,,,,,,"Ulica Jedrenska 2, Beograd",Savski venac,,False,False,,,,,,,,,True,54,dup-5425642693974-5425642808132-5425643292956-5425644407677-5425645349252-5425645834826-5425646029674-5425646186820-5425646636117-5425646653103-5425646683178-5425646759339-5425646789519-5425646947516-5425646988269-5425646994179-5425646994187-5425647027028-5425647050253-5425647056877-5425647059264-5425647241678-5425647261882-5425647294978-5425647322782-5425647376370-5425647381725-5425647384940-5425647389996-5425647394615-5425647394615-5425647405804-5425647408986-5425647411291-5425647411938-5425647412044-5425647412078-5425647412098-5425647412948-5425647413122-5425647417562-5425647435342-5425647435342-5425647437112-5425647438205-5425647438777-5425647440562-5425647442850-5425647442874-5425647446221-5425647446235-5425647447271-5425647448049-5425647448049,"[""Owner"", ""Unknown""]",,,2026-07-27T08:24:48.778539+00:00,2,https://www.halooglasi.com/nekretnine/izdavanje-stanova/kings-park-moderan-kompletno-opremljen-id1293/5425647435342?kid=1&sid=1785141458670,U pretrazi sajta možete željene oglase označiti kao izabrane i tako ih kasnije lakše pronaći. Želim da saznam više.
5425647414696,izdavanje,"St. Regis Residence, odmah dostupno! ID#4402",3000.0,3.000 €,48.39,3000.0,62.0,2.0,,,,,,Sava Residences,,"Ulica Hercegovačka 23/209, Savski Venac",Savski venac,,False,False,,,,,,,,,True,2,dup-5425647414696-5425647415370,"[""Unknown""]",,,2026-07-27T08:24:48.778539+00:00,2,https://www.halooglasi.com/nekretnine/izdavanje-stanova/st-regis-residence-odmah-dostupno-id4402/5425647414696?kid=1&sid=1785141458670,U pretrazi sajta možete željene oglase označiti kao izabrane i tako ih kasnije lakše pronaći. Želim da saznam više.
5425647423686,izdavanje,Centar - Savski venac #1868284,800.0,800 €,11.43,800.0,70.0,3.0,,,,,,,,"Ulica Gandijeva 192, Beograd",Savski venac,,False,False,,,,,,,,,True,2,dup-5425647394599-5425647423686,"[""Unknown""]",,,2026-07-27T08:24:48.778539+00:00,2,https://www.halooglasi.com/nekretnine/izdavanje-stanova/centar---savski-venac-1868284/5425647423686?kid=1&sid=1785141458670,U pretrazi sajta možete željene oglase označiti kao izabrane i tako ih kasnije lakše pronaći. Želim da saznam više.
5425647324746,izdavanje,"Kula, St. Regis, pogled na ceo grad ID#4699",4500.0,4.500 €,52.33,4500.0,86.0,3.0,,,,,,,,"Ulica Hercegovačka 23/209, Savski Venac",Savski venac,,False,False,,,,,,,,,True,2,dup-5425647324746-5425647324747,"[""Unknown""]",,,2026-07-27T08:24:48.778539+00:00,2,https://www.halooglasi.com/nekretnine/izdavanje-stanova/kula-st-regis-pogled-na-ceo-grad-id4699/5425647324746?kid=1&sid=1785141458670,U pretrazi sajta možete željene oglase označiti kao izabrane i tako ih kasnije lakše pronaći. Želim da saznam više.
5425647414713,izdavanje,BW Kula 06 | Beograd na vodi | Ekskluzivna ponuda,3300.0,3.300 €,53.23,3300.0,62.0,2.0,,,,,,Kula Beograd,Kula Beograd,,Savski venac,,False,False,,,,,,,,,True,7,dup-5425647210878-5425647225546-5425647225546-5425647255125-5425647414713-5425647429004-5425647440519,"[""Unknown""]",,,2026-07-27T08:24:48.778539+00:00,2,https://www.halooglasi.com/nekretnine/izdavanje-stanova/bw-kula-06-beograd-na-vodi-ekskluzivna-ponuda/5425647414713?kid=4&sid=1785141458670,U pretrazi sajta možete željene oglase označiti kao izabrane i tako ih kasnije lakše pronaći. Želim da saznam više.
5425647294987,izdavanje,Trosoban | BW Libera | Potpuno opremljen,1600.0,1.600 €,21.26,1600.0,75.26,3.0,3.0,3-Bedroom,,,,,,Ulica Hercegovačka 16,Savski venac,,False,False,,,,,,,,,True,36,dup-5425636664513-5425644454324-5425644469334-5425645881064-5425646382416-5425646772621-5425647137905-5425647243508-5425647261827-5425647269102-5425647292104-5425647292117-5425647294752-5425647294987-5425647298382-5425647326970-5425647374732-5425647392042-5425647409640-5425647409641-5425647414692-5425647419262-5425647423708-5425647423708-5425647430793-5425647432817-5425647432817-5425647433125-5425647434631-5425647435406-5425647438180-5425647438259-5425647442845-5425647444958-5425647447155-5425647454228,"[""Owner"", ""Unknown""]",,,2026-07-27T08:24:48.778539+00:00,2,https://www.halooglasi.com/nekretnine/izdavanje-stanova/trosoban-bw-libera-potpuno-opremljen/5425647294987?kid=3&sid=1785141458670,U pretrazi sajta možete željene oglase označiti kao izabrane i tako ih kasnije lakše pronaći. Želim da saznam više.
5425647162458,izdavanje,Centar - Beograd na vodi BW #67493,2000.0,2.000 €,16.67,2000.0,120.0,4.0,,,,,,,,"Ulica Gandijeva 192, Beograd",Savski venac,,False,,,,,,,,,,True,3,dup-5425643681072-5425647162458-5425647446236,"[""Unknown""]",,,2026-07-27T08:24:48.778539+00:00,2,https://www.halooglasi.com/nekretnine/izdavanje-stanova/centar---beograd-na-vodi-bw-67493/5425647162458?kid=4&sid=1785141458670,U pretrazi sajta možete željene oglase označiti kao izabrane i tako ih kasnije lakše pronaći. Želim da saznam više.
5425647180727,izdavanje,Beograd na vodi - BW Eterna - penthaus - izdavanje,3700.0,3.700 €,21.14,3700.0,175.0,4.0,,,,,,,,,Savski venac,,True,,,,,,,,,,False,1,,[],,,2026-07-27T08:24:48.778539+00:00,2,https://www.halooglasi.com/nekretnine/izdavanje-stanova/beograd-na-vodi---bw-eterna---penthaus---izda/5425647180727?kid=4&sid=1785141458670,U pretrazi sajta možete željene oglase označiti kao izabrane i tako ih kasnije lakše pronaći. Želim da saznam više.
5425647435368,izdavanje,BW Riviera | Ekskluzivan stan sa pogledom na reku,3300.0,3.300 €,27.71,3300.0,119.1,3.0,,,,,,,,,Savski venac,,False,,,,,,,,,,True,4,dup-5425646992404-5425647082118-5425647434839-5425647435368,"[""Owner"", ""Unknown""]",,,2026-07-27T08:24:48.778539+00:00,2,https://www.halooglasi.com/nekretnine/izdavanje-stanova/bw-riviera-ekskluzivan-stan-sa-pogledom-na-re/5425647435368?kid=4&sid=1785141458670,U pretrazi sajta možete željene oglase označiti kao izabrane i tako ih kasnije lakše pronaći. Želim da saznam više.
5425647450614,izdavanje,Centar - Beograd na vodi BW #68351,660.0,660 €,18.86,660.0,35.0,1.0,,,,,,,,"Ulica Gandijeva 192, Beograd",Savski venac,,False,,,,,,,,,,False,1,,[],,,2026-07-27T08:24:48.778539+00:00,2,https://www.halooglasi.com/nekretnine/izdavanje-stanova/centar---beograd-na-vodi-bw-68351/5425647450614?sid=1785141458670,U pretrazi sajta možete željene oglase označiti kao izabrane i tako ih kasnije lakše pronaći. Želim da saznam više.
5425644578019,izdavanje,Brand new - garage - river view,1600.0,1.600 €,22.22,1600.0,72.0,3.0,,,,,,,,"Ulica Mačvanska 9, Vračar",Savski venac,,False,,,,,,,,,,True,18,dup-5425642616833-5425644500127-5425644578019-5425645246259-5425646628355-5425646846189-5425647300001-5425647301417-5425647346458-5425647349085-5425647349085-5425647394322-5425647407068-5425647416675-5425647429711-5425647437003-5425647446652-5425647450606,"[""Owner"", ""Unknown""]",,,2026-07-27T08:24:48.778539+00:00,2,https://www.halooglasi.com/nekretnine/izdavanje-stanova/brand-new---garage---river-view/5425644578019?kid=1&sid=1785141458670,U pretrazi sajta možete željene oglase označiti kao izabrane i tako ih kasnije lakše pronaći. Želim da saznam više.
5425647392042,izdavanje,Predivan trosoban stan sa pogledom na grad,1800.0,1.800 €,21.95,1800.0,82.0,3.0,3.0,3-Bedroom,,,,,,Ulica Bulevar Mihajla Pupina 165g,Savski venac,,False,False,,,,,,,,,True,36,dup-5425636664513-5425644454324-5425644469334-5425645881064-5425646382416-5425646772621-5425647137905-5425647243508-5425647261827-5425647269102-5425647292104-5425647292117-5425647294752-5425647294987-5425647298382-5425647326970-5425647374732-5425647392042-5425647409640-5425647409641-5425647414692-5425647419262-5425647423708-5425647423708-5425647430793-5425647432817-5425647432817-5425647433125-5425647434631-5425647435406-5425647438180-5425647438259-5425647442845-5425647444958-5425647447155-5425647454228,"[""Owner"", ""Unknown""]",,,2026-07-27T08:24:48.778539+00:00,2,https://www.halooglasi.com/nekretnine/izdavanje-stanova/predivan-trosoban-stan-sa-pogledom-na-grad/5425647392042?kid=1&sid=1785141458670,U pretrazi sajta možete željene oglase označiti kao izabrane i tako ih kasnije lakše pronaći. Želim da saznam više.
5425646189781,izdavanje,Stan na ekskluzivnoj lokaciji ID#9497,1700.0,1.700 €,10.62,1700.0,160.0,5+,,,,,,,,Ulica Bulevar Arsenija Čarnojevića 108/4,Savski venac,,False,False,,,,,,,,,False,1,,[],,,2026-07-27T08:24:48.778539+00:00,2,https://www.halooglasi.com/nekretnine/izdavanje-stanova/stan-na-ekskluzivnoj-lokaciji-id9497/5425646189781?kid=1&sid=1785141458670,U pretrazi sajta možete željene oglase označiti kao izabrane i tako ih kasnije lakše pronaći. Želim da saznam više.
5425647374936,izdavanje,BW Perla | premium | sa bazenom ID#4734,3200.0,3.200 €,29.09,3200.0,110.0,3.0,,,,,,,,"Ulica Hercegovačka 23/209, Savski Venac",Savski venac,,False,,,,,,,,,,True,7,dup-5425647320813-5425647320883-5425647320910-5425647374936-5425647376377-5425647392806-5425647433181,"[""Unknown""]",,,2026-07-27T08:24:48.778539+00:00,2,https://www.halooglasi.com/nekretnine/izdavanje-stanova/bw-perla-premium-sa-bazenom-id4734/5425647374936?kid=1&sid=1785141458670,U pretrazi sajta možete željene oglase označiti kao izabrane i tako ih kasnije lakše pronaći. Želim da saznam više.
5425647446236,izdavanje,Centar - Beograd na vodi BW #68335,2000.0,2.000 €,16.67,2000.0,120.0,4.0,,,,,,,,"Ulica Gandijeva 192, Beograd",Savski venac,,False,,,,,,,,,,True,3,dup-5425643681072-5425647162458-5425647446236,"[""Unknown""]",,,2026-07-27T08:24:48.778539+00:00,2,https://www.halooglasi.com/nekretnine/izdavanje-stanova/centar---beograd-na-vodi-bw-68335/5425647446236?kid=4&sid=1785141458670,U pretrazi sajta možete željene oglase označiti kao izabrane i tako ih kasnije lakše pronaći. Želim da saznam više.
5425647432817,izdavanje,"Moderan, kompletno namešten, garaža ID#1205",2000.0,2.000 €,25.21,2000.0,79.33,3.0,,,,,,,,"Ulica Jedrenska 2, Beograd",Savski venac,,False,,,,,,,,,,True,36,dup-5425636664513-5425644454324-5425644469334-5425645881064-5425646382416-5425646772621-5425647137905-5425647243508-5425647261827-5425647269102-5425647292104-5425647292117-5425647294752-5425647294987-5425647298382-5425647326970-5425647374732-5425647392042-5425647409640-5425647409641-5425647414692-5425647419262-5425647423708-5425647423708-5425647430793-5425647432817-5425647432817-5425647433125-5425647434631-5425647435406-5425647438180-5425647438259-5425647442845-5425647444958-5425647447155-5425647454228,"[""Owner"", ""Unknown""]",,,2026-07-27T08:24:48.778539+00:00,2,https://www.halooglasi.com/nekretnine/izdavanje-stanova/moderan-kompletno-namesten-garaza-id1205/5425647432817?kid=4&sid=1785141458670,U pretrazi sajta možete željene oglase označiti kao izabrane i tako ih kasnije lakše pronaći. Želim da saznam više.
5425647271639,izdavanje,"BW lux 2.0 poslovni prostor,garaza, dvoriste",2000.0,2.000 €,19.05,2000.0,105.0,2.0,,,,,,,,Ulica Marka Nikolića 19,Savski venac,,True,,,,,,,,,,False,1,,[],,,2026-07-27T08:24:48.778539+00:00,2,https://www.halooglasi.com/nekretnine/izdavanje-stanova/bw-lux-2-0-poslovni-prostor-garaza-dvoriste/5425647271639?kid=4&sid=1785141458670,U pretrazi sajta možete željene oglase označiti kao izabrane i tako ih kasnije lakše pronaći. Želim da saznam više.
5425642616833,izdavanje,BW Terraces,1800.0,1.800 €,25.71,1800.0,70.0,2.0,,,,,,,,"Ulica Mačvanska 9, Vračar",Savski venac,,False,,,,,,,,,,True,18,dup-5425642616833-5425644500127-5425644578019-5425645246259-5425646628355-5425646846189-5425647300001-5425647301417-5425647346458-5425647349085-5425647349085-5425647394322-5425647407068-5425647416675-5425647429711-5425647437003-5425647446652-5425647450606,"[""Owner"", ""Unknown""]",,,2026-07-27T08:24:48.778539+00:00,2,https://www.halooglasi.com/nekretnine/izdavanje-stanova/bw-terraces/5425642616833?kid=1&sid=1785141458670,U pretrazi sajta možete željene oglase označiti kao izabrane i tako ih kasnije lakše pronaći. Želim da saznam više.
5425647409640,izdavanje,BW Quartet-luksuzan dizajnerski stan,1600.0,1.600 €,20.51,1600.0,78.0,3.0,,,,,,,,Ulica Mileševska 43,Savski venac,,False,,,,,,,,,,True,36,dup-5425636664513-5425644454324-5425644469334-5425645881064-5425646382416-5425646772621-5425647137905-5425647243508-5425647261827-5425647269102-5425647292104-5425647292117-5425647294752-5425647294987-5425647298382-5425647326970-5425647374732-5425647392042-5425647409640-5425647409641-5425647414692-5425647419262-5425647423708-5425647423708-5425647430793-5425647432817-5425647432817-5425647433125-5425647434631-5425647435406-5425647438180-5425647438259-5425647442845-5425647444958-5425647447155-5425647454228,"[""Owner"", ""Unknown""]",,,2026-07-27T08:24:48.778539+00:00,2,https://www.halooglasi.com/nekretnine/izdavanje-stanova/bw-quartet-luksuzan-dizajnerski-stan/5425647409640?kid=4&sid=1785141458670,U pretrazi sajta možete željene oglase označiti kao izabrane i tako ih kasnije lakše pronaći. Želim da saznam više.
5425647314340,izdavanje,Centar - Beograd na Vodi #67901,2500.0,2.500 €,22.52,2500.0,111.0,4.0,,,,,,,,"Ulica Gandijeva 192, Beograd",Savski venac,,False,,,,,,,,,,True,5,dup-5425646146127-5425647314340-5425647314340-5425647315817-5425647332848,"[""Unknown""]",,,2026-07-27T08:24:48.778539+00:00,2,https://www.halooglasi.com/nekretnine/izdavanje-stanova/centar---beograd-na-vodi-67901/5425647314340?kid=4&sid=1785141458670,U pretrazi sajta možete željene oglase označiti kao izabrane i tako ih kasnije lakše pronaći. Želim da saznam više.
5425647295305,izdavanje,Četvorosoban | BW Eterna | Parking mesto,2800.0,2.800 €,24.3,2800.0,115.22,4.0,4.0,4-Bedroom,,,,,,Ulica Hercegovačka 16,Savski venac,,False,,,,,,,,,,True,3,dup-5425645805877-5425647268219-5425647295305,"[""Unknown""]",,,2026-07-27T08:24:48.778539+00:00,2,https://www.halooglasi.com/nekretnine/izdavanje-stanova/cetvorosoban-bw-eterna-parking-mesto/5425647295305?kid=3&sid=1785141458670,U pretrazi sajta možete željene oglase označiti kao izabrane i tako ih kasnije lakše pronaći. Želim da saznam više.
5425647407068,izdavanje,BW Terraces lux stan izdavanje,1600.0,1.600 €,22.54,1600.0,71.0,2.0,,,,,,,,Ulica Dalmatinska 65a,Savski venac,,False,,,,,,,,,,True,18,dup-5425642616833-5425644500127-5425644578019-5425645246259-5425646628355-5425646846189-5425647300001-5425647301417-5425647346458-5425647349085-5425647349085-5425647394322-5425647407068-5425647416675-5425647429711-5425647437003-5425647446652-5425647450606,"[""Owner"", ""Unknown""]",,,2026-07-27T08:24:48.778539+00:00,2,https://www.halooglasi.com/nekretnine/izdavanje-stanova/bw-terraces-lux-stan-izdavanje/5425647407068?kid=4&sid=1785141458670,U pretrazi sajta možete željene oglase označiti kao izabrane i tako ih kasnije lakše pronaći. Želim da saznam više.
5425646759339,izdavanje,"BW Thalia, lux dvosoban stan ID#13887",1150.0,1.150 €,20.28,1150.0,56.7,2.0,2.0,2-Bedroom,,,,,,"Ulica Dositejeva 9/3, Beograd",Savski venac,,False,,,,,,,,,,True,54,dup-5425642693974-5425642808132-5425643292956-5425644407677-5425645349252-5425645834826-5425646029674-5425646186820-5425646636117-5425646653103-5425646683178-5425646759339-5425646789519-5425646947516-5425646988269-5425646994179-5425646994187-5425647027028-5425647050253-5425647056877-5425647059264-5425647241678-5425647261882-5425647294978-5425647322782-5425647376370-5425647381725-5425647384940-5425647389996-5425647394615-5425647394615-5425647405804-5425647408986-5425647411291-5425647411938-5425647412044-5425647412078-5425647412098-5425647412948-5425647413122-5425647417562-5425647435342-5425647435342-5425647437112-5425647438205-5425647438777-5425647440562-5425647442850-5425647442874-5425647446221-5425647446235-5425647447271-5425647448049-5425647448049,"[""Owner"", ""Unknown""]",,,2026-07-27T08:24:48.778539+00:00,2,https://www.halooglasi.com/nekretnine/izdavanje-stanova/bw-thalia-lux-dvosoban-stan-id13887/5425646759339?kid=1&sid=1785141458670,U pretrazi sajta možete željene oglase označiti kao izabrane i tako ih kasnije lakše pronaći. Želim da saznam više.
5425647050253,izdavanje,Beograd na vodi - Luke Ćelovića Trebinjca,1200.0,1.200 €,21.82,1200.0,55.0,2.0,,,,,,,,Ulica Beogradska br.71,Savski venac,,False,,,,,,,,,,True,54,dup-5425642693974-5425642808132-5425643292956-5425644407677-5425645349252-5425645834826-5425646029674-5425646186820-5425646636117-5425646653103-5425646683178-5425646759339-5425646789519-5425646947516-5425646988269-5425646994179-5425646994187-5425647027028-5425647050253-5425647056877-5425647059264-5425647241678-5425647261882-5425647294978-5425647322782-5425647376370-5425647381725-5425647384940-5425647389996-5425647394615-5425647394615-5425647405804-5425647408986-5425647411291-5425647411938-5425647412044-5425647412078-5425647412098-5425647412948-5425647413122-5425647417562-5425647435342-5425647435342-5425647437112-5425647438205-5425647438777-5425647440562-5425647442850-5425647442874-5425647446221-5425647446235-5425647447271-5425647448049-5425647448049,"[""Owner"", ""Unknown""]",,,2026-07-27T08:24:48.778539+00:00,2,https://www.halooglasi.com/nekretnine/izdavanje-stanova/beograd-na-vodi---luke-celovica-trebinjca/5425647050253?kid=1&sid=1785141458670,U pretrazi sajta možete željene oglase označiti kao izabrane i tako ih kasnije lakše pronaći. Želim da saznam više.
5425647411938,izdavanje,"Izdajem stan 56m2, Beograd na vodi",1200.0,1.200 €,21.43,1200.0,56.0,2.0,,,,,,,,,Savski venac,,True,,,,,,,,,,True,54,dup-5425642693974-5425642808132-5425643292956-5425644407677-5425645349252-5425645834826-5425646029674-5425646186820-5425646636117-5425646653103-5425646683178-5425646759339-5425646789519-5425646947516-5425646988269-5425646994179-5425646994187-5425647027028-5425647050253-5425647056877-5425647059264-5425647241678-5425647261882-5425647294978-5425647322782-5425647376370-5425647381725-5425647384940-5425647389996-5425647394615-5425647394615-5425647405804-5425647408986-5425647411291-5425647411938-5425647412044-5425647412078-5425647412098-5425647412948-5425647413122-5425647417562-5425647435342-5425647435342-5425647437112-5425647438205-5425647438777-5425647440562-5425647442850-5425647442874-5425647446221-5425647446235-5425647447271-5425647448049-5425647448049,"[""Owner"", ""Unknown""]",,,2026-07-27T08:24:48.778539+00:00,2,https://www.halooglasi.com/nekretnine/izdavanje-stanova/izdajem-stan-56m2-beograd-na-vodi/5425647411938?kid=3&sid=1785141458670,U pretrazi sajta možete željene oglase označiti kao izabrane i tako ih kasnije lakše pronaći. Želim da saznam više.
5425647416675,izdavanje,"BW Aqua, useljiv, prostran, lux, lep pogled ID#440",1600.0,1.600 €,22.86,1600.0,70.0,3.0,,,,,,,,"Ulica Hercegovačka 23/209, Savski Venac",Savski venac,,False,False,,,,,,,,,True,18,dup-5425642616833-5425644500127-5425644578019-5425645246259-5425646628355-5425646846189-5425647300001-5425647301417-5425647346458-5425647349085-5425647349085-5425647394322-5425647407068-5425647416675-5425647429711-5425647437003-5425647446652-5425647450606,"[""Owner"", ""Unknown""]",,,2026-07-27T08:24:48.778539+00:00,2,https://www.halooglasi.com/nekretnine/izdavanje-stanova/bw-aqua-useljiv-prostran-lux-lep-pogled-id440/5425647416675?kid=1&sid=1785141458670,U pretrazi sajta možete željene oglase označiti kao izabrane i tako ih kasnije lakše pronaći. Želim da saznam više.
5425647357288,izdavanje,BW Perla – Luksuzan četvorosoban stan,5000.0,5.000 €,34.65,5000.0,144.3,4.0,4.0,4-Bedroom,,,,,,,Savski venac,,False,,,,,,,,,,False,1,,[],,,2026-07-27T08:24:48.778539+00:00,2,https://www.halooglasi.com/nekretnine/izdavanje-stanova/bw-perla-luksuzan-cetvorosoban-stan/5425647357288?kid=1&sid=1785141458670,U pretrazi sajta možete željene oglase označiti kao izabrane i tako ih kasnije lakše pronaći. Želim da saznam više.
5425647394322,izdavanje,"Beograd na vodi, BW Terraces",1600.0,1.600 €,22.54,1600.0,71.0,2.0,,,,,,,,,Savski venac,,True,,,,,,,,,,True,18,dup-5425642616833-5425644500127-5425644578019-5425645246259-5425646628355-5425646846189-5425647300001-5425647301417-5425647346458-5425647349085-5425647349085-5425647394322-5425647407068-5425647416675-5425647429711-5425647437003-5425647446652-5425647450606,"[""Owner"", ""Unknown""]",,,2026-07-27T08:24:48.778539+00:00,2,https://www.halooglasi.com/nekretnine/izdavanje-stanova/beograd-na-vodi-bw-terraces/5425647394322?kid=1&sid=1785141458670,U pretrazi sajta možete željene oglase označiti kao izabrane i tako ih kasnije lakše pronaći. Želim da saznam više.
5425644615850,izdavanje,"BW Parkview, lux, novogradnja, garaža, ID 13960",2000.0,2.000 €,21.98,2000.0,91.0,4.0,,,,,,,,Ulica Uroša Martinovića 13,Savski venac,,False,,,,,,,,,,True,24,dup-5425636267820-5425643952068-5425643976736-5425644615850-5425644623242-5425645143989-5425645219718-5425645968027-5425646890142-5425647118463-5425647120395-5425647177783-5425647181851-5425647270381-5425647294658-5425647323350-5425647328513-5425647374698-5425647389710-5425647425985-5425647438227-5425647438227-5425647442864-5425647444226,"[""Owner"", ""Unknown""]",,,2026-07-27T08:24:48.778539+00:00,2,https://www.halooglasi.com/nekretnine/izdavanje-stanova/bw-parkview-lux-novogradnja-garaza-id-13960/5425644615850?kid=4&sid=1785141458670,U pretrazi sajta možete željene oglase označiti kao izabrane i tako ih kasnije lakše pronaći. Želim da saznam više.
5425647253980,izdavanje,"Prelep, moderno opremljen 4.0 stan",2000.0,2.000 €,18.02,2000.0,111.0,4.0,,,,,,,,,Savski venac,,False,,,,,,,,,,True,6,dup-5425643061118-5425645249975-5425645393853-5425647253980-5425647261836-5425647423703,"[""Owner"", ""Unknown""]",,,2026-07-27T08:24:48.778539+00:00,2,https://www.halooglasi.com/nekretnine/izdavanje-stanova/prelep-moderno-opremljen-4-0-stan/5425647253980?kid=1&sid=1785141458670,U pretrazi sajta možete željene oglase označiti kao izabrane i tako ih kasnije lakše pronaći. Želim da saznam više.
5425647297704,izdavanje,Studio | BW Aurora | Pogled na park,1000.0,1.000 €,32.96,1000.0,30.34,1.0,,,,,,,,Ulica Hercegovačka 16,Savski venac,,False,,,,,,,,,,False,1,,[],,,2026-07-27T08:24:48.778539+00:00,2,https://www.halooglasi.com/nekretnine/izdavanje-stanova/studio-bw-aurora-pogled-na-park/5425647297704?kid=3&sid=1785141458670,U pretrazi sajta možete željene oglase označiti kao izabrane i tako ih kasnije lakše pronaći. Želim da saznam više.
5425645598594,izdavanje,"Višegradska, 4.0 stan, namešten, odmah useljiv ID#",1000.0,1.000 €,10.99,1000.0,91.0,4.0,,,,,,,,"Ulica Dositejeva 9/3, Beograd",Savski venac,,False,False,,,,,,,,,False,1,,[],,,2026-07-27T08:24:48.778539+00:00,2,https://www.halooglasi.com/nekretnine/izdavanje-stanova/visegradska-4-0-stan-namesten-odmah-useljiv-i/5425645598594?kid=1&sid=1785141458670,U pretrazi sajta možete željene oglase označiti kao izabrane i tako ih kasnije lakše pronaći. Želim da saznam više.
5425647376390,izdavanje,"Bw Perla, 70m2",2300.0,2.300 €,32.86,2300.0,70.0,2.0,,,,,,,,Ulica Hercegovacka 14a,Savski venac,,False,,,,,,,,,,True,6,dup-5425647062953-5425647141844-5425647297699-5425647374860-5425647374860-5425647376390,"[""Unknown""]",,,2026-07-27T08:24:48.778539+00:00,2,https://www.halooglasi.com/nekretnine/izdavanje-stanova/bw-perla-70m2/5425647376390?kid=1&sid=1785141458670,U pretrazi sajta možete željene oglase označiti kao izabrane i tako ih kasnije lakše pronaći. Želim da saznam više.
5425647420626,izdavanje,Stan u Perli za poslovni prostor,1400.0,1.400 €,19.72,1400.0,71.0,2.0,,,,,,,,,Savski venac,,True,,,,,,,,,,True,2,dup-5425646479809-5425647420626,"[""Owner""]",,,2026-07-27T08:24:48.778539+00:00,2,https://www.halooglasi.com/nekretnine/izdavanje-stanova/stan-u-perli-za-poslovni-prostor/5425647420626?sid=1785141458670,U pretrazi sajta možete željene oglase označiti kao izabrane i tako ih kasnije lakše pronaći. Želim da saznam više.
5425647405145,izdavanje,Izdavanje lux 3.0 stana – BW Simfonija 2,2500.0,2.500 €,27.78,2500.0,90.0,3.0,,,,,,,,Ulica Hercegovačka 15,Savski venac,,True,,,,,,,,,,False,1,,[],,,2026-07-27T08:24:48.778539+00:00,2,https://www.halooglasi.com/nekretnine/izdavanje-stanova/izdavanje-lux-3-0-stana-bw-simfonija-2/5425647405145?kid=1&sid=1785141458670,U pretrazi sajta možete željene oglase označiti kao izabrane i tako ih kasnije lakše pronaći. Želim da saznam više.
5425647434631,izdavanje,BW Sensa | Komforan trosoban stan | Garaža,1600.0,1.600 €,19.75,1600.0,81.0,3.0,3.0,3-Bedroom,,,,,,Ulica Sarajevska 40,Savski venac,,False,False,,,,,,,,,True,36,dup-5425636664513-5425644454324-5425644469334-5425645881064-5425646382416-5425646772621-5425647137905-5425647243508-5425647261827-5425647269102-5425647292104-5425647292117-5425647294752-5425647294987-5425647298382-5425647326970-5425647374732-5425647392042-5425647409640-5425647409641-5425647414692-5425647419262-5425647423708-5425647423708-5425647430793-5425647432817-5425647432817-5425647433125-5425647434631-5425647435406-5425647438180-5425647438259-5425647442845-5425647444958-5425647447155-5425647454228,"[""Owner"", ""Unknown""]",,,2026-07-27T08:24:48.778539+00:00,2,https://www.halooglasi.com/nekretnine/izdavanje-stanova/bw-sensa-komforan-trosoban-stan-garaza/5425647434631?kid=4&sid=1785141458670,U pretrazi sajta možete željene oglase označiti kao izabrane i tako ih kasnije lakše pronaći. Želim da saznam više.
5425647324747,izdavanje,"Kula St. Regis, moderan, odmah dostupan ID#4698",4500.0,4.500 €,52.33,4500.0,86.0,3.0,,,,,,,,"Ulica Hercegovačka 23/209, Savski Venac",Savski venac,,False,,,,,,,,,,True,2,dup-5425647324746-5425647324747,"[""Unknown""]",,,2026-07-27T08:24:48.778539+00:00,2,https://www.halooglasi.com/nekretnine/izdavanje-stanova/kula-st-regis-moderan-odmah-dostupan-id4698/5425647324747?kid=1&sid=1785141458670,U pretrazi sajta možete željene oglase označiti kao izabrane i tako ih kasnije lakše pronaći. Želim da saznam više.
5425647438180,izdavanje,"Beograd na vodi, Sensa",1600.0,1.600 €,21.62,1600.0,74.0,3.0,,,,,,,,Ulica Cvijićeva 89,Savski venac,,False,,,,,,,,,,True,36,dup-5425636664513-5425644454324-5425644469334-5425645881064-5425646382416-5425646772621-5425647137905-5425647243508-5425647261827-5425647269102-5425647292104-5425647292117-5425647294752-5425647294987-5425647298382-5425647326970-5425647374732-5425647392042-5425647409640-5425647409641-5425647414692-5425647419262-5425647423708-5425647423708-5425647430793-5425647432817-5425647432817-5425647433125-5425647434631-5425647435406-5425647438180-5425647438259-5425647442845-5425647444958-5425647447155-5425647454228,"[""Owner"", ""Unknown""]",,,2026-07-27T08:24:48.778539+00:00,2,https://www.halooglasi.com/nekretnine/izdavanje-stanova/beograd-na-vodi-sensa/5425647438180?kid=4&sid=1785141458670,U pretrazi sajta možete željene oglase označiti kao izabrane i tako ih kasnije lakše pronaći. Želim da saznam više.
5425645249975,izdavanje,Postani vladar gradskog horizonta - Metropolitan,2000.0,2.000 €,18.35,2000.0,109.0,4.0,,,,,,,,"Ulica Mačvanska 9, Vračar",Savski venac,,False,,,,,,,,,,True,6,dup-5425643061118-5425645249975-5425645393853-5425647253980-5425647261836-5425647423703,"[""Owner"", ""Unknown""]",,,2026-07-27T08:24:48.778539+00:00,2,https://www.halooglasi.com/nekretnine/izdavanje-stanova/postani-vladar-gradskog-horizonta---metropoli/5425645249975?kid=1&sid=1785141458670,U pretrazi sajta možete željene oglase označiti kao izabrane i tako ih kasnije lakše pronaći. Želim da saznam više.
5425647394599,izdavanje,Centar - Savski venac #68284,800.0,800 €,11.43,800.0,70.0,3.0,,,,,,,,"Ulica Gandijeva 192, Beograd",Savski venac,,False,False,,,,,,,,,True,2,dup-5425647394599-5425647423686,"[""Unknown""]",,,2026-07-27T08:24:48.778539+00:00,2,https://www.halooglasi.com/nekretnine/izdavanje-stanova/centar---savski-venac-68284/5425647394599?kid=1&sid=1785141458670,U pretrazi sajta možete željene oglase označiti kao izabrane i tako ih kasnije lakše pronaći. Želim da saznam više.
5425647056877,izdavanje,Odličan stan sa garažnim mestom,1200.0,1.200 €,20.69,1200.0,58.0,2.0,,,,,,,,Ulica Cvijićeva 89,Savski venac,,False,,,,,,,,,,True,54,dup-5425642693974-5425642808132-5425643292956-5425644407677-5425645349252-5425645834826-5425646029674-5425646186820-5425646636117-5425646653103-5425646683178-5425646759339-5425646789519-5425646947516-5425646988269-5425646994179-5425646994187-5425647027028-5425647050253-5425647056877-5425647059264-5425647241678-5425647261882-5425647294978-5425647322782-5425647376370-5425647381725-5425647384940-5425647389996-5425647394615-5425647394615-5425647405804-5425647408986-5425647411291-5425647411938-5425647412044-5425647412078-5425647412098-5425647412948-5425647413122-5425647417562-5425647435342-5425647435342-5425647437112-5425647438205-5425647438777-5425647440562-5425647442850-5425647442874-5425647446221-5425647446235-5425647447271-5425647448049-5425647448049,"[""Owner"", ""Unknown""]",,,2026-07-27T08:24:48.778539+00:00,2,https://www.halooglasi.com/nekretnine/izdavanje-stanova/odlican-stan-sa-garaznim-mestom/5425647056877?kid=3&sid=1785141458670,U pretrazi sajta možete željene oglase označiti kao izabrane i tako ih kasnije lakše pronaći. Želim da saznam više.
5425647358297,izdavanje,Četvorosoban | St. Regis | Panoramski pogled,12000.0,12.000 €,83.19,12000.0,144.25,4.0,4.0,4-Bedroom,,,,,,Ulica Hercegovačka 16,Savski venac,,False,,,,,,,,,,False,1,,[],,,2026-07-27T08:24:48.778539+00:00,2,https://www.halooglasi.com/nekretnine/izdavanje-stanova/cetvorosoban-st-regis-panoramski-pogled/5425647358297?kid=3&sid=1785141458670,U pretrazi sajta možete željene oglase označiti kao izabrane i tako ih kasnije lakše pronaći. Želim da saznam više.
5425647405804,izdavanje,"Bw Arcadia, 55m2",1200.0,1.200 €,21.82,1200.0,55.0,2.0,,,,,,,,Ulica Savski trg 9,Savski venac,,False,,,,,,,,,,True,54,dup-5425642693974-5425642808132-5425643292956-5425644407677-5425645349252-5425645834826-5425646029674-5425646186820-5425646636117-5425646653103-5425646683178-5425646759339-5425646789519-5425646947516-5425646988269-5425646994179-5425646994187-5425647027028-5425647050253-5425647056877-5425647059264-5425647241678-5425647261882-5425647294978-5425647322782-5425647376370-5425647381725-5425647384940-5425647389996-5425647394615-5425647394615-5425647405804-5425647408986-5425647411291-5425647411938-5425647412044-5425647412078-5425647412098-5425647412948-5425647413122-5425647417562-5425647435342-5425647435342-5425647437112-5425647438205-5425647438777-5425647440562-5425647442850-5425647442874-5425647446221-5425647446235-5425647447271-5425647448049-5425647448049,"[""Owner"", ""Unknown""]",,,2026-07-27T08:24:48.778539+00:00,2,https://www.halooglasi.com/nekretnine/izdavanje-stanova/bw-arcadia-55m2/5425647405804?kid=1&sid=1785141458670,U pretrazi sajta možete željene oglase označiti kao izabrane i tako ih kasnije lakše pronaći. Želim da saznam više.
5425647177783,izdavanje,BW Thalia I Beograd na vodi I Dvorište i terasa I,1600.0,1.600 €,18.6,1600.0,86.0,3.0,,,,,,,,,Savski venac,,False,,,,,,,,,,True,24,dup-5425636267820-5425643952068-5425643976736-5425644615850-5425644623242-5425645143989-5425645219718-5425645968027-5425646890142-5425647118463-5425647120395-5425647177783-5425647181851-5425647270381-5425647294658-5425647323350-5425647328513-5425647374698-5425647389710-5425647425985-5425647438227-5425647438227-5425647442864-5425647444226,"[""Owner"", ""Unknown""]",,,2026-07-27T08:24:48.778539+00:00,2,https://www.halooglasi.com/nekretnine/izdavanje-stanova/bw-thalia-i-beograd-na-vodi-i-dvoriste-i-tera/5425647177783?kid=1&sid=1785141458670,U pretrazi sajta možete željene oglase označiti kao izabrane i tako ih kasnije lakše pronaći. Želim da saznam više.
5425646992418,izdavanje,BW Kula 07 | Beograd na vodi | 23. sprat | Pogled,4500.0,4.500 €,50.0,4500.0,90.0,3.0,,,,,,Kula Beograd,Kula Beograd,,Savski venac,,False,,,,,,,,,,True,8,dup-5425645043784-5425646162178-5425646881881-5425646915089-5425646992418-5425647004755-5425647172383-5425647179300,"[""Owner"", ""Unknown""]",,,2026-07-27T08:24:48.778539+00:00,2,https://www.halooglasi.com/nekretnine/izdavanje-stanova/bw-kula-07-beograd-na-vodi-23-sprat-pogled/5425646992418?kid=1&sid=1785141458670,U pretrazi sajta možete željene oglase označiti kao izabrane i tako ih kasnije lakše pronaći. Želim da saznam više.
5425647435285,izdavanje,"Stan u novoj zgradi Beograda na vodi, BW Riviera",2400.0,2.400 €,30.47,2400.0,78.76,2.0,,,,,,,,Ulica Hercegovačka 13a/206,Savski venac,,True,,,,,,,,,,False,1,,[],,,2026-07-27T08:24:48.778539+00:00,2,https://www.halooglasi.com/nekretnine/izdavanje-stanova/stan-u-novoj-zgradi-beograda-na-vodi-bw-rivie/5425647435285?kid=4&sid=1785141458670,U pretrazi sajta možete željene oglase označiti kao izabrane i tako ih kasnije lakše pronaći. Želim da saznam više.
5425644641001,izdavanje,"Centar,Beograd na vodi, komplex apartmana ID#82070",800.0,800 €,17.78,800.0,45.0,2.5,,,,,,,,"Ulica Dositejeva 9/3, Beograd",Savski venac,,False,False,,,,,,,,,False,1,,[],,,2026-07-27T08:24:48.778539+00:00,2,https://www.halooglasi.com/nekretnine/izdavanje-stanova/centar-beograd-na-vodi-komplex-apartmana-id82/5425644641001?kid=1&sid=1785141458670,U pretrazi sajta možete željene oglase označiti kao izabrane i tako ih kasnije lakše pronaći. Želim da saznam više.
5425643292753,izdavanje,Lux 3.0 / garaza - BW Terraces,2750.0,2.750 €,25.46,2750.0,108.0,3.0,,,,,,,,"Ulica Mačvanska 9, Vračar",Savski venac,,False,,,,,,,,,,False,1,,[],,,2026-07-27T08:24:48.778539+00:00,2,https://www.halooglasi.com/nekretnine/izdavanje-stanova/lux-3-0-garaza---bw-terraces/5425643292753?kid=1&sid=1785141458670,U pretrazi sajta možete željene oglase označiti kao izabrane i tako ih kasnije lakše pronaći. Želim da saznam više.
5425646965694,izdavanje,First-line riverfront living in BelgradeWaterfront,3700.0,3.700 €,29.84,3700.0,124.0,4.0,,,,,,,,"Ulica Macvanska 9, Vracar",Savski venac,,False,,,,,,,,,,False,1,,[],,,2026-07-27T08:24:48.778539+00:00,2,https://www.halooglasi.com/nekretnine/izdavanje-stanova/first-line-riverfront-living-in-belgradewater/5425646965694?kid=1&sid=1785141458670,U pretrazi sajta možete željene oglase označiti kao izabrane i tako ih kasnije lakše pronaći. Želim da saznam više.
5425647411272,izdavanje,BW Eterna 32 | Stan za poslovni prostor | Reprezen,1700.0,1.700 €,17.89,1700.0,95.0,3.0,,,,,,,,,Savski venac,,False,,,,,,,,,,True,2,dup-5425647411272-5425647419236,"[""Unknown""]",,,2026-07-27T08:24:48.778539+00:00,2,https://www.halooglasi.com/nekretnine/izdavanje-stanova/bw-eterna-32-stan-za-poslovni-prostor-repreze/5425647411272?kid=1&sid=1785141458670,U pretrazi sajta možete željene oglase označiti kao izabrane i tako ih kasnije lakše pronaći. Želim da saznam više.
5425647357326,izdavanje,BW Scala-četvorosoban stan na korak od Galerije! I,2750.0,2.750 €,24.74,2750.0,111.16,4.0,4.0,4-Bedroom,,,,,,"Ulica Luke Ćelovića Trebinjca 18, 11000 Beograd",Savski venac,,False,False,,,,,,,,,True,7,dup-5425642026511-5425647310904-5425647316480-5425647333736-5425647357326-5425647362287-5425647368678,"[""Unknown""]",,,2026-07-27T08:24:48.778539+00:00,2,https://www.halooglasi.com/nekretnine/izdavanje-stanova/bw-scala-cetvorosoban-stan-na-korak-od-galeri/5425647357326?kid=4&sid=1785141458670,U pretrazi sajta možete željene oglase označiti kao izabrane i tako ih kasnije lakše pronaći. Želim da saznam više.
5425647442820,izdavanje,"BW Aria, 2.0 lux, namešten ID#16801",1200.0,1.200 €,19.35,1200.0,62.0,2.0,,,,,,,,"Ulica Beograd, Novi Beograd,Narodnih heroja 27",Savski venac,,False,,,,,,,,,,True,4,dup-5425645753668-5425646868429-5425647423707-5425647442820,"[""Unknown""]",,,2026-07-27T08:24:48.778539+00:00,2,https://www.halooglasi.com/nekretnine/izdavanje-stanova/bw-aria-2-0-lux-namesten-id16801/5425647442820?kid=4&sid=1785141458670,U pretrazi sajta možete željene oglase označiti kao izabrane i tako ih kasnije lakše pronaći. Želim da saznam više.
5425647376377,izdavanje,"Premium zgrada, bazen, teretana, parking ID#1285",3200.0,3.200 €,29.36,3200.0,109.0,3.0,,,,,,,,"Ulica Jedrenska 2, Beograd",Savski venac,,False,False,,,,,,,,,True,7,dup-5425647320813-5425647320883-5425647320910-5425647374936-5425647376377-5425647392806-5425647433181,"[""Unknown""]",,,2026-07-27T08:24:48.778539+00:00,2,https://www.halooglasi.com/nekretnine/izdavanje-stanova/premium-zgrada-bazen-teretana-parking-id1285/5425647376377?kid=1&sid=1785141458670,U pretrazi sajta možete željene oglase označiti kao izabrane i tako ih kasnije lakše pronaći. Želim da saznam više.
5425647269103,izdavanje,"Savski venac, Beograd na vodi - Luke Ćelovića Treb",2750.0,2.750 €,22.92,2750.0,120.0,4.0,,,,,,,,Ulica Beogradska br.71,Savski venac,,False,False,,,,,,,,,True,3,dup-5425645147828-5425647051180-5425647269103,"[""Unknown""]",,,2026-07-27T08:24:48.778539+00:00,2,https://www.halooglasi.com/nekretnine/izdavanje-stanova/savski-venac-beograd-na-vodi---luke-celovica/5425647269103?kid=1&sid=1785141458670,U pretrazi sajta možete željene oglase označiti kao izabrane i tako ih kasnije lakše pronaći. Želim da saznam više.
5425647059216,izdavanje,BW Kula - polunamešten dvosoban stan,2500.0,2.500 €,40.55,2500.0,61.65,2.0,2.0,2-Bedroom,,,,,,Ulica Bulevar Mihajla Pupina 165g,Savski venac,,False,False,,,,,,,,,True,4,dup-5425646873882-5425646885601-5425647059216-5425647136268,"[""Unknown""]",,,2026-07-27T08:24:48.778539+00:00,2,https://www.halooglasi.com/nekretnine/izdavanje-stanova/bw-kula---polunamesten-dvosoban-stan/5425647059216?kid=1&sid=1785141458670,U pretrazi sajta možete željene oglase označiti kao izabrane i tako ih kasnije lakše pronaći. Želim da saznam više.
5425647298284,izdavanje,Četvorosoban | St. Regis | Panoramski pogled,8000.0,8.000 €,48.93,8000.0,163.5,4.0,4.0,4-Bedroom,,,,,,Ulica Hercegovačka 16,Savski venac,,False,,,,,,,,,,True,2,dup-5425647111543-5425647298284,"[""Unknown""]",,,2026-07-27T08:24:48.778539+00:00,2,https://www.halooglasi.com/nekretnine/izdavanje-stanova/cetvorosoban-st-regis-panoramski-pogled/5425647298284?kid=3&sid=1785141458670,U pretrazi sajta možete željene oglase označiti kao izabrane i tako ih kasnije lakše pronaći. Želim da saznam više.
5425647429711,izdavanje,"BW Perla, lux stan do reke, garaža, ID 25909",1700.0,1.700 €,23.94,1700.0,71.0,2.0,,,,,,,,Ulica Uroša Martinovića 13,Savski venac,,False,,,,,,,,,,True,18,dup-5425642616833-5425644500127-5425644578019-5425645246259-5425646628355-5425646846189-5425647300001-5425647301417-5425647346458-5425647349085-5425647349085-5425647394322-5425647407068-5425647416675-5425647429711-5425647437003-5425647446652-5425647450606,"[""Owner"", ""Unknown""]",,,2026-07-27T08:24:48.778539+00:00,2,https://www.halooglasi.com/nekretnine/izdavanje-stanova/bw-perla-lux-stan-do-reke-garaza-id-25909/5425647429711?kid=1&sid=1785141458670,U pretrazi sajta možete željene oglase označiti kao izabrane i tako ih kasnije lakše pronaći. Želim da saznam više.
5425647298382,izdavanje,Trosoban | BW Vista | Pogled na reku,1600.0,1.600 €,20.08,1600.0,79.7,3.0,3.0,3-Bedroom,,,,,,Ulica Hercegovačka 16,Savski venac,,False,,,,,,,,,,True,36,dup-5425636664513-5425644454324-5425644469334-5425645881064-5425646382416-5425646772621-5425647137905-5425647243508-5425647261827-5425647269102-5425647292104-5425647292117-5425647294752-5425647294987-5425647298382-5425647326970-5425647374732-5425647392042-5425647409640-5425647409641-5425647414692-5425647419262-5425647423708-5425647423708-5425647430793-5425647432817-5425647432817-5425647433125-5425647434631-5425647435406-5425647438180-5425647438259-5425647442845-5425647444958-5425647447155-5425647454228,"[""Owner"", ""Unknown""]",,,2026-07-27T08:24:48.778539+00:00,2,https://www.halooglasi.com/nekretnine/izdavanje-stanova/trosoban-bw-vista-pogled-na-reku/5425647298382?kid=3&sid=1785141458670,U pretrazi sajta možete željene oglase označiti kao izabrane i tako ih kasnije lakše pronaći. Želim da saznam više.
5425647412032,izdavanje,"BW Kula St.Regis,2.0",3200.0,3.200 €,42.11,3200.0,76.0,2.0,,,,,,,,Ulica Bulevar Kralja Aleksandra I Karađorđevića 33,Savski venac,,False,,,,,,,,,,True,2,dup-5425647274811-5425647412032,"[""Unknown""]",,,2026-07-27T08:24:48.778539+00:00,2,https://www.halooglasi.com/nekretnine/izdavanje-stanova/bw-kula-st-regis-2-0/5425647412032?kid=3&sid=1785141458670,U pretrazi sajta možete željene oglase označiti kao izabrane i tako ih kasnije lakše pronaći. Želim da saznam više.
5425647415370,izdavanje,Luksuzan stan | St. Regis | Pogled na reku,3000.0,3.000 €,48.66,3000.0,61.65,2.0,,,,,,,,Ulica Hercegovačka 16,Savski venac,,False,,,,,,,,,,True,2,dup-5425647414696-5425647415370,"[""Unknown""]",,,2026-07-27T08:24:48.778539+00:00,2,https://www.halooglasi.com/nekretnine/izdavanje-stanova/luksuzan-stan-st-regis-pogled-na-reku/5425647415370?kid=3&sid=1785141458670,U pretrazi sajta možete željene oglase označiti kao izabrane i tako ih kasnije lakše pronaći. Želim da saznam više.
5425647322782,izdavanje,BW Queens park 09 | Beograd na vodi | Odmah uselj,1200.0,1.200 €,21.82,1200.0,55.0,2.0,,,,,,,,,Savski venac,,False,False,,,,,,,,,True,54,dup-5425642693974-5425642808132-5425643292956-5425644407677-5425645349252-5425645834826-5425646029674-5425646186820-5425646636117-5425646653103-5425646683178-5425646759339-5425646789519-5425646947516-5425646988269-5425646994179-5425646994187-5425647027028-5425647050253-5425647056877-5425647059264-5425647241678-5425647261882-5425647294978-5425647322782-5425647376370-5425647381725-5425647384940-5425647389996-5425647394615-5425647394615-5425647405804-5425647408986-5425647411291-5425647411938-5425647412044-5425647412078-5425647412098-5425647412948-5425647413122-5425647417562-5425647435342-5425647435342-5425647437112-5425647438205-5425647438777-5425647440562-5425647442850-5425647442874-5425647446221-5425647446235-5425647447271-5425647448049-5425647448049,"[""Owner"", ""Unknown""]",,,2026-07-27T08:24:48.778539+00:00,2,https://www.halooglasi.com/nekretnine/izdavanje-stanova/bw-queens-park-09-beograd-na-vodi-odmah-uselj/5425647322782?kid=1&sid=1785141458670,U pretrazi sajta možete željene oglase označiti kao izabrane i tako ih kasnije lakše pronaći. Želim da saznam više.
5425647141844,izdavanje,"Nov, moderan stan,lux zgrada, BW, garaža, ID 9376",2500.0,2.500 €,35.71,2500.0,70.0,2.0,,,,,,,,Ulica Hercegovačka 19,Savski venac,,False,,,,,,,,,,True,6,dup-5425647062953-5425647141844-5425647297699-5425647374860-5425647374860-5425647376390,"[""Unknown""]",,,2026-07-27T08:24:48.778539+00:00,2,https://www.halooglasi.com/nekretnine/izdavanje-stanova/nov-moderan-stan-lux-zgrada-bw-garaza-id-9376/5425647141844?kid=1&sid=1785141458670,U pretrazi sajta možete željene oglase označiti kao izabrane i tako ih kasnije lakše pronaći. Želim da saznam više.
5425647320883,izdavanje,"3,0 Beograd na vodi , Perla , perfektan , luksuzan",3250.0,3.250 €,29.82,3250.0,109.0,3.0,,,,,,,,"Ulica Vukice Mitrović 9, Beograd",Savski venac,,False,False,,,,,,,,,True,7,dup-5425647320813-5425647320883-5425647320910-5425647374936-5425647376377-5425647392806-5425647433181,"[""Unknown""]",,,2026-07-27T08:24:48.778539+00:00,2,https://www.halooglasi.com/nekretnine/izdavanje-stanova/3-0-beograd-na-vodi-perla-perfektan-luksuzan/5425647320883?kid=1&sid=1785141458670,U pretrazi sajta možete željene oglase označiti kao izabrane i tako ih kasnije lakše pronaći. Želim da saznam više.
5425647297699,izdavanje,Dvosoban | BW Perla | Wellness & bazen,2300.0,2.300 €,32.87,2300.0,69.98,2.0,2.0,2-Bedroom,,,,,,Ulica Hercegovačka 16,Savski venac,,False,,,,,,,,,,True,6,dup-5425647062953-5425647141844-5425647297699-5425647374860-5425647374860-5425647376390,"[""Unknown""]",,,2026-07-27T08:24:48.778539+00:00,2,https://www.halooglasi.com/nekretnine/izdavanje-stanova/dvosoban-bw-perla-wellness-bazen/5425647297699?kid=3&sid=1785141458670,U pretrazi sajta možete željene oglase označiti kao izabrane i tako ih kasnije lakše pronaći. Želim da saznam više.
5425647414692,izdavanje,BW Sensa 16 | Beograd na vodi | Odlična lokacija,1800.0,1.800 €,24.32,1800.0,74.0,3.0,,,,,,,,,Savski venac,,False,,,,,,,,,,True,36,dup-5425636664513-5425644454324-5425644469334-5425645881064-5425646382416-5425646772621-5425647137905-5425647243508-5425647261827-5425647269102-5425647292104-5425647292117-5425647294752-5425647294987-5425647298382-5425647326970-5425647374732-5425647392042-5425647409640-5425647409641-5425647414692-5425647419262-5425647423708-5425647423708-5425647430793-5425647432817-5425647432817-5425647433125-5425647434631-5425647435406-5425647438180-5425647438259-5425647442845-5425647444958-5425647447155-5425647454228,"[""Owner"", ""Unknown""]",,,2026-07-27T08:24:48.778539+00:00,2,https://www.halooglasi.com/nekretnine/izdavanje-stanova/bw-sensa-16-beograd-na-vodi-odlicna-lokacija/5425647414692?kid=1&sid=1785141458670,U pretrazi sajta možete željene oglase označiti kao izabrane i tako ih kasnije lakše pronaći. Želim da saznam više.
5425647297687,izdavanje,Trosoban | BW St. Regis | Panoramski pogled,4500.0,4.500 €,51.36,4500.0,87.61,3.0,3.0,3-Bedroom,,,,,,Ulica Hercegovačka 16,Savski venac,,False,,,,,,,,,,False,1,,[],,,2026-07-27T08:24:48.778539+00:00,2,https://www.halooglasi.com/nekretnine/izdavanje-stanova/trosoban-bw-st-regis-panoramski-pogled/5425647297687?kid=3&sid=1785141458670,U pretrazi sajta možete željene oglase označiti kao izabrane i tako ih kasnije lakše pronaći. Želim da saznam više.
5425647111543,izdavanje,"St Regis , lux 4.0 , 163m2",8000.0,8.000 €,48.93,8000.0,163.5,4.0,,,,,,,,Ulica Hercegovacka 14a,Savski venac,,False,,,,,,,,,,True,2,dup-5425647111543-5425647298284,"[""Unknown""]",,,2026-07-27T08:24:48.778539+00:00,2,https://www.halooglasi.com/nekretnine/izdavanje-stanova/st-regis-lux-4-0-163m2/5425647111543?kid=1&sid=1785141458670,U pretrazi sajta možete željene oglase označiti kao izabrane i tako ih kasnije lakše pronaći. Želim da saznam više.
5425647172383,izdavanje,Ekskluzivan stan u okviru St. Regis kompleksa,4500.0,4.500 €,49.38,4500.0,91.13,3.0,,,,,,,,,Savski venac,,False,,,,,,,,,,True,8,dup-5425645043784-5425646162178-5425646881881-5425646915089-5425646992418-5425647004755-5425647172383-5425647179300,"[""Owner"", ""Unknown""]",,,2026-07-27T08:24:48.778539+00:00,2,https://www.halooglasi.com/nekretnine/izdavanje-stanova/ekskluzivan-stan-u-okviru-st-regis-kompleksa/5425647172383?kid=3&sid=1785141458670,U pretrazi sajta možete željene oglase označiti kao izabrane i tako ih kasnije lakše pronaći. Želim da saznam više.
5425647433867,izdavanje,BW Perla | Luksuzan trosoban stan za izdavanje,3250.0,3.250 €,28.82,3250.0,112.75,3.0,3.0,3-Bedroom,,,,,,,Savski venac,,True,,,,,,,,,,True,3,dup-5425647433147-5425647433867-5425647434762,"[""Owner"", ""Unknown""]",,,2026-07-27T08:24:48.778539+00:00,2,https://www.halooglasi.com/nekretnine/izdavanje-stanova/bw-perla-luksuzan-trosoban-stan-za-izdavanje/5425647433867?kid=4&sid=1785141458670,U pretrazi sajta možete željene oglase označiti kao izabrane i tako ih kasnije lakše pronaći. Želim da saznam više.
5425646087521,izdavanje,"Nov, neuseljavan - BW Sole",1350.0,1.350 €,18.49,1350.0,73.0,3.0,,,,,,,,"Ulica Mačvanska 9, Vračar",Savski venac,,False,,,,,,,,,,False,1,,[],,,2026-07-27T08:24:48.778539+00:00,2,https://www.halooglasi.com/nekretnine/izdavanje-stanova/nov-neuseljavan---bw-sole/5425646087521?kid=1&sid=1785141458670,U pretrazi sajta možete željene oglase označiti kao izabrane i tako ih kasnije lakše pronaći. Želim da saznam više.
5425647409223,izdavanje,"Residence BW | Trosoban, garaža, sa/bez nameštaja",3000.0,3.000 €,28.85,3000.0,104.0,3.0,3.0,3-Bedroom,,,,BW Residence,,,Savski venac,,False,False,,,,,,,,,True,2,dup-5425647225097-5425647409223,"[""Unknown""]",,,2026-07-27T08:24:48.778539+00:00,2,https://www.halooglasi.com/nekretnine/izdavanje-stanova/residence-bw-trosoban-garaza-sabez-namestaja/5425647409223?sid=1785141458670,U pretrazi sajta možete željene oglase označiti kao izabrane i tako ih kasnije lakše pronaći. Želim da saznam više.
5425647082117,izdavanje,Premium 3.0 nekretnina u BW Perla,2950.0,2.950 €,26.2,2950.0,112.6,3.0,,,,,,,,,Savski venac,,False,,,,,,,,,,False,1,,[],,,2026-07-27T08:24:48.778539+00:00,2,https://www.halooglasi.com/nekretnine/izdavanje-stanova/premium-3-0-nekretnina-u-bw-perla/5425647082117?kid=4&sid=1785141458670,U pretrazi sajta možete željene oglase označiti kao izabrane i tako ih kasnije lakše pronaći. Želim da saznam više.
5425647240237,izdavanje,Prestiž u srcu Beograda – St. Regis Residence,4500.0,4.500 €,59.21,4500.0,76.0,2.0,,,,,,BW Residence,,Ulica Šumatovačka 36,Savski venac,,False,,,,,,,,,,False,1,,[],,,2026-07-27T08:24:48.778539+00:00,2,https://www.halooglasi.com/nekretnine/izdavanje-stanova/prestiz-u-srcu-beograda-st-regis-residence/5425647240237?kid=1&sid=1785141458670,U pretrazi sajta možete željene oglase označiti kao izabrane i tako ih kasnije lakše pronaći. Želim da saznam više.
5425647425985,izdavanje,BW Sensa 11 | Beograd na vodi | Veliki trosoban st,1800.0,1.800 €,20.93,1800.0,86.0,3.0,3.0,3-Bedroom,,,,,,,Savski venac,,False,,,,,,,,,,True,24,dup-5425636267820-5425643952068-5425643976736-5425644615850-5425644623242-5425645143989-5425645219718-5425645968027-5425646890142-5425647118463-5425647120395-5425647177783-5425647181851-5425647270381-5425647294658-5425647323350-5425647328513-5425647374698-5425647389710-5425647425985-5425647438227-5425647438227-5425647442864-5425647444226,"[""Owner"", ""Unknown""]",,,2026-07-27T08:24:48.778539+00:00,2,https://www.halooglasi.com/nekretnine/izdavanje-stanova/bw-sensa-11-beograd-na-vodi-veliki-trosoban-s/5425647425985?kid=1&sid=1785141458670,U pretrazi sajta možete željene oglase označiti kao izabrane i tako ih kasnije lakše pronaći. Želim da saznam više.
5425647294705,izdavanje,Penthouse | BW Libera | Prostrana terasa,4000.0,4.000 €,12.97,4000.0,308.33,4.0,,,,,,,,Ulica Hercegovačka 16,Savski venac,,False,,,,,,,,,,False,1,,[],,,2026-07-27T08:24:48.778539+00:00,2,https://www.halooglasi.com/nekretnine/izdavanje-stanova/penthouse-bw-libera-prostrana-terasa/5425647294705?kid=3&sid=1785141458670,U pretrazi sajta možete željene oglase označiti kao izabrane i tako ih kasnije lakše pronaći. Želim da saznam više.
5425647192868,izdavanje,"Beograd, Beograd Na Vodi, Stan, 2.0, 60m2",3000.0,3.000 €,50.0,3000.0,60.0,2.0,,,,,,,,,Savski venac,,False,False,,,,,,,,,True,2,dup-5425647091581-5425647192868,"[""Owner"", ""Unknown""]",,,2026-07-27T08:24:48.778539+00:00,2,https://www.halooglasi.com/nekretnine/izdavanje-stanova/beograd-beograd-na-vodi-stan-2-0-60m2/5425647192868?kid=1&sid=1785141458670,U pretrazi sajta možete željene oglase označiti kao izabrane i tako ih kasnije lakše pronaći. Želim da saznam više.
5425647440572,izdavanje,"BW Residence B, 2.0 sa pogledom na reku ID#19008",1600.0,1.600 €,25.81,1600.0,62.0,2.0,,,,,,BW Residence,,"Ulica Beograd, Novi Beograd,Narodnih heroja 27",Savski venac,,False,False,,,,,,,,,True,4,dup-5425644217740-5425647000084-5425647054664-5425647440572,"[""Unknown""]",,,2026-07-27T08:24:48.778539+00:00,2,https://www.halooglasi.com/nekretnine/izdavanje-stanova/bw-residence-b-2-0-sa-pogledom-na-reku-id1900/5425647440572?kid=4&sid=1785141458670,U pretrazi sajta možete željene oglase označiti kao izabrane i tako ih kasnije lakše pronaći. Želim da saznam više.
5425647433878,izdavanje,"Beograd na vodi - 3,0 s, 90 m2, lux uredjen",1800.0,1.800 €,20.0,1800.0,90.0,3.0,,,,,,,,"Ulica Jurija Gagarina 14-E lokal br. 5, Novi Beogra",Savski venac,,True,,,,,,,,,,False,1,,[],,,2026-07-27T08:24:48.778539+00:00,2,https://www.halooglasi.com/nekretnine/izdavanje-stanova/beograd-na-vodi---3-0-s-90-m2-lux-uredjen/5425647433878?kid=1&sid=1785141458670,U pretrazi sajta možete željene oglase označiti kao izabrane i tako ih kasnije lakše pronaći. Želim da saznam više.
5425647135606,izdavanje,Savršen luksuzni stan u Bw Kuli,4500.0,4.500 €,45.92,4500.0,98.0,3.0,,,,,,,,,Savski venac,,False,,,,,,,,,,True,3,dup-5425647064073-5425647135606-5425647290121,"[""Unknown""]",,,2026-07-27T08:24:48.778539+00:00,2,https://www.halooglasi.com/nekretnine/izdavanje-stanova/savrsen-luksuzni-stan-u-bw-kuli/5425647135606?kid=1&sid=1785141458670,U pretrazi sajta možete željene oglase označiti kao izabrane i tako ih kasnije lakše pronaći. Želim da saznam više.
5425647320813,izdavanje,Prestizan 3.0 Bw Perla,3200.0,3.200 €,29.36,3200.0,109.0,3.0,,,,,,,,,Savski venac,,False,,,,,,,,,,True,7,dup-5425647320813-5425647320883-5425647320910-5425647374936-5425647376377-5425647392806-5425647433181,"[""Unknown""]",,,2026-07-27T08:24:48.778539+00:00,2,https://www.halooglasi.com/nekretnine/izdavanje-stanova/prestizan-3-0-bw-perla/5425647320813?kid=1&sid=1785141458670,U pretrazi sajta možete željene oglase označiti kao izabrane i tako ih kasnije lakše pronaći. Želim da saznam više.
5425646683178,izdavanje,BW Arcadija sa garažnim mestom ID#13690,1200.0,1.200 €,21.43,1200.0,56.0,2.0,,,,,,,,"Ulica Dositejeva 9/3, Beograd",Savski venac,,False,False,,,,,,,,,True,54,dup-5425642693974-5425642808132-5425643292956-5425644407677-5425645349252-5425645834826-5425646029674-5425646186820-5425646636117-5425646653103-5425646683178-5425646759339-5425646789519-5425646947516-5425646988269-5425646994179-5425646994187-5425647027028-5425647050253-5425647056877-5425647059264-5425647241678-5425647261882-5425647294978-5425647322782-5425647376370-5425647381725-5425647384940-5425647389996-5425647394615-5425647394615-5425647405804-5425647408986-5425647411291-5425647411938-5425647412044-5425647412078-5425647412098-5425647412948-5425647413122-5425647417562-5425647435342-5425647435342-5425647437112-5425647438205-5425647438777-5425647440562-5425647442850-5425647442874-5425647446221-5425647446235-5425647447271-5425647448049-5425647448049,"[""Owner"", ""Unknown""]",,,2026-07-27T08:24:48.778539+00:00,2,https://www.halooglasi.com/nekretnine/izdavanje-stanova/bw-arcadija-sa-garaznim-mestom-id13690/5425646683178?kid=1&sid=1785141458670,U pretrazi sajta možete željene oglase označiti kao izabrane i tako ih kasnije lakše pronaći. Želim da saznam više.
5425646890142,izdavanje,"BW Eterna, 3.0, lux, nov, vlasnik",1900.0,1.900 €,22.09,1900.0,86.0,3.0,,,,,,,,,Savski venac,,True,,,,,,,,,,True,24,dup-5425636267820-5425643952068-5425643976736-5425644615850-5425644623242-5425645143989-5425645219718-5425645968027-5425646890142-5425647118463-5425647120395-5425647177783-5425647181851-5425647270381-5425647294658-5425647323350-5425647328513-5425647374698-5425647389710-5425647425985-5425647438227-5425647438227-5425647442864-5425647444226,"[""Owner"", ""Unknown""]",,,2026-07-27T08:24:48.778539+00:00,2,https://www.halooglasi.com/nekretnine/izdavanje-stanova/bw-eterna-3-0-lux-nov-vlasnik/5425646890142?kid=4&sid=1785141458670,U pretrazi sajta možete željene oglase označiti kao izabrane i tako ih kasnije lakše pronaći. Želim da saznam više.
5425647446221,izdavanje,"BW Aria, odmah useljiv, sa garažnim mestom ID#2663",1200.0,1.200 €,22.47,1200.0,53.4,2.0,,,,,,,,"Ulica Hercegovačka 23/209, Savski Venac",Savski venac,,True,False,,,,,,,,,True,54,dup-5425642693974-5425642808132-5425643292956-5425644407677-5425645349252-5425645834826-5425646029674-5425646186820-5425646636117-5425646653103-5425646683178-5425646759339-5425646789519-5425646947516-5425646988269-5425646994179-5425646994187-5425647027028-5425647050253-5425647056877-5425647059264-5425647241678-5425647261882-5425647294978-5425647322782-5425647376370-5425647381725-5425647384940-5425647389996-5425647394615-5425647394615-5425647405804-5425647408986-5425647411291-5425647411938-5425647412044-5425647412078-5425647412098-5425647412948-5425647413122-5425647417562-5425647435342-5425647435342-5425647437112-5425647438205-5425647438777-5425647440562-5425647442850-5425647442874-5425647446221-5425647446235-5425647447271-5425647448049-5425647448049,"[""Owner"", ""Unknown""]",,,2026-07-27T08:24:48.778539+00:00,2,https://www.halooglasi.com/nekretnine/izdavanje-stanova/bw-aria-odmah-useljiv-sa-garaznim-mestom-id26/5425647446221?kid=1&sid=1785141458670,U pretrazi sajta možete željene oglase označiti kao izabrane i tako ih kasnije lakše pronaći. Želim da saznam više.
5425645834826,izdavanje,BW - Quartet 1 - Lux opremljen,1200.0,1.200 €,21.82,1200.0,55.0,2.0,,,,,,,,,Savski venac,,True,False,,,,,,,,,True,54,dup-5425642693974-5425642808132-5425643292956-5425644407677-5425645349252-5425645834826-5425646029674-5425646186820-5425646636117-5425646653103-5425646683178-5425646759339-5425646789519-5425646947516-5425646988269-5425646994179-5425646994187-5425647027028-5425647050253-5425647056877-5425647059264-5425647241678-5425647261882-5425647294978-5425647322782-5425647376370-5425647381725-5425647384940-5425647389996-5425647394615-5425647394615-5425647405804-5425647408986-5425647411291-5425647411938-5425647412044-5425647412078-5425647412098-5425647412948-5425647413122-5425647417562-5425647435342-5425647435342-5425647437112-5425647438205-5425647438777-5425647440562-5425647442850-5425647442874-5425647446221-5425647446235-5425647447271-5425647448049-5425647448049,"[""Owner"", ""Unknown""]",,,2026-07-27T08:24:48.778539+00:00,2,https://www.halooglasi.com/nekretnine/izdavanje-stanova/bw---quartet-1---lux-opremljen/5425645834826?kid=1&sid=1785141458670,U pretrazi sajta možete željene oglase označiti kao izabrane i tako ih kasnije lakše pronaći. Želim da saznam više.
5425647417562,izdavanje,BW Kings Park - Dvosoban stan na 11. spratu,1150.0,1.150 €,20.25,1150.0,56.8,2.0,2.0,2-Bedroom,,,,,,Ulica Luke Ćelovića Trebinjca 18,Savski venac,,True,False,,,,,,,,,True,54,dup-5425642693974-5425642808132-5425643292956-5425644407677-5425645349252-5425645834826-5425646029674-5425646186820-5425646636117-5425646653103-5425646683178-5425646759339-5425646789519-5425646947516-5425646988269-5425646994179-5425646994187-5425647027028-5425647050253-5425647056877-5425647059264-5425647241678-5425647261882-5425647294978-5425647322782-5425647376370-5425647381725-5425647384940-5425647389996-5425647394615-5425647394615-5425647405804-5425647408986-5425647411291-5425647411938-5425647412044-5425647412078-5425647412098-5425647412948-5425647413122-5425647417562-5425647435342-5425647435342-5425647437112-5425647438205-5425647438777-5425647440562-5425647442850-5425647442874-5425647446221-5425647446235-5425647447271-5425647448049-5425647448049,"[""Owner"", ""Unknown""]",,,2026-07-27T08:24:48.778539+00:00,2,https://www.halooglasi.com/nekretnine/izdavanje-stanova/bw-kings-park---dvosoban-stan-na-11-spratu/5425647417562?kid=4&sid=1785141458670,U pretrazi sajta možete željene oglase označiti kao izabrane i tako ih kasnije lakše pronaći. Želim da saznam više.
5425647091581,izdavanje,"BW Kula, St. Regis, 2.0. LUX, Useljiv",3000.0,3.000 €,50.0,3000.0,60.0,2.0,,,,,,,,Ulica Sarajevska 40,Savski venac,,True,False,,,,,,,,,True,2,dup-5425647091581-5425647192868,"[""Owner"", ""Unknown""]",,,2026-07-27T08:24:48.778539+00:00,2,https://www.halooglasi.com/nekretnine/izdavanje-stanova/bw-kula-st-regis-2-0-lux-useljiv/5425647091581?kid=4&sid=1785141458670,U pretrazi sajta možete željene oglase označiti kao izabrane i tako ih kasnije lakše pronaći. Želim da saznam više.
5425645393853,izdavanje,BW Aria 111m2 4.0 lux polunamesten sa garazom,2000.0,2.000 €,18.02,2000.0,111.0,4.0,,,,,,,,,Savski venac,,True,False,,,,,,,,,True,6,dup-5425643061118-5425645249975-5425645393853-5425647253980-5425647261836-5425647423703,"[""Owner"", ""Unknown""]",,,2026-07-27T08:24:48.778539+00:00,2,https://www.halooglasi.com/nekretnine/izdavanje-stanova/bw-aria-111m2-4-0-lux-polunamesten-sa-garazom/5425645393853?kid=4&sid=1785141458670,U pretrazi sajta možete željene oglase označiti kao izabrane i tako ih kasnije lakše pronaći. Želim da saznam više.
5425646885601,izdavanje,"BW Kula, moderan, sa garažom ID#1233",2500.0,2.500 €,41.67,2500.0,60.0,2.0,,,,,,Kula Beograd,Kula Beograd,"Ulica Jedrenska 2, Beograd",Savski venac,,False,False,,,,,,,,,True,4,dup-5425646873882-5425646885601-5425647059216-5425647136268,"[""Unknown""]",,,2026-07-27T08:24:48.778539+00:00,2,https://www.halooglasi.com/nekretnine/izdavanje-stanova/bw-kula-moderan-sa-garazom-id1233/5425646885601?kid=1&sid=1785141458670,U pretrazi sajta možete željene oglase označiti kao izabrane i tako ih kasnije lakše pronaći. Želim da saznam više.
5425647294501,izdavanje,"Prelep stan sa direktnim pogledom na reku, BW Resi",2800.0,2.800 €,19.76,2800.0,141.67,4.0,,,,,,,,Ulica Bulevar Mihajla Pupina 165g,Savski venac,,False,,,,,,,,,,False,1,,[],,,2026-07-27T08:24:48.778539+00:00,2,https://www.halooglasi.com/nekretnine/izdavanje-stanova/prelep-stan-sa-direktnim-pogledom-na-reku-bw/5425647294501?kid=1&sid=1785141458670,U pretrazi sajta možete željene oglase označiti kao izabrane i tako ih kasnije lakše pronaći. Želim da saznam više.
5425647294752,izdavanje,Trosoban | BW Verde | Panoramski pogled,1600.0,1.600 €,20.18,1600.0,79.29,3.0,3.0,3-Bedroom,,,,,,Ulica Hercegovačka 16,Savski venac,,False,,,,,,,,,,True,36,dup-5425636664513-5425644454324-5425644469334-5425645881064-5425646382416-5425646772621-5425647137905-5425647243508-5425647261827-5425647269102-5425647292104-5425647292117-5425647294752-5425647294987-5425647298382-5425647326970-5425647374732-5425647392042-5425647409640-5425647409641-5425647414692-5425647419262-5425647423708-5425647423708-5425647430793-5425647432817-5425647432817-5425647433125-5425647434631-5425647435406-5425647438180-5425647438259-5425647442845-5425647444958-5425647447155-5425647454228,"[""Owner"", ""Unknown""]",,,2026-07-27T08:24:48.778539+00:00,2,https://www.halooglasi.com/nekretnine/izdavanje-stanova/trosoban-bw-verde-panoramski-pogled/5425647294752?kid=3&sid=1785141458670,U pretrazi sajta možete željene oglase označiti kao izabrane i tako ih kasnije lakše pronaći. Želim da saznam više.
5425647442864,izdavanje,Izdaje se lux prazan stan na traženoj lokaciji,1650.0,1.650 €,18.54,1650.0,89.0,5.0,,,,,,,,,Savski venac,,False,False,,,,,,,,,True,24,dup-5425636267820-5425643952068-5425643976736-5425644615850-5425644623242-5425645143989-5425645219718-5425645968027-5425646890142-5425647118463-5425647120395-5425647177783-5425647181851-5425647270381-5425647294658-5425647323350-5425647328513-5425647374698-5425647389710-5425647425985-5425647438227-5425647438227-5425647442864-5425647444226,"[""Owner"", ""Unknown""]",,,2026-07-27T08:24:48.778539+00:00,2,https://www.halooglasi.com/nekretnine/izdavanje-stanova/izdaje-se-lux-prazan-stan-na-trazenoj-lokacij/5425647442864?kid=1&sid=1785141458670,U pretrazi sajta možete željene oglase označiti kao izabrane i tako ih kasnije lakše pronaći. Želim da saznam više.
5425642693974,izdavanje,"Moderan 2.0 stan sa garažom u BW, ID 8495",1200.0,1.200 €,21.82,1200.0,55.0,2.0,,,,,,,,Ulica Hercegovačka 19,Savski venac,,False,,,,,,,,,,True,54,dup-5425642693974-5425642808132-5425643292956-5425644407677-5425645349252-5425645834826-5425646029674-5425646186820-5425646636117-5425646653103-5425646683178-5425646759339-5425646789519-5425646947516-5425646988269-5425646994179-5425646994187-5425647027028-5425647050253-5425647056877-5425647059264-5425647241678-5425647261882-5425647294978-5425647322782-5425647376370-5425647381725-5425647384940-5425647389996-5425647394615-5425647394615-5425647405804-5425647408986-5425647411291-5425647411938-5425647412044-5425647412078-5425647412098-5425647412948-5425647413122-5425647417562-5425647435342-5425647435342-5425647437112-5425647438205-5425647438777-5425647440562-5425647442850-5425647442874-5425647446221-5425647446235-5425647447271-5425647448049-5425647448049,"[""Owner"", ""Unknown""]",,,2026-07-27T08:24:48.778539+00:00,2,https://www.halooglasi.com/nekretnine/izdavanje-stanova/moderan-2-0-stan-sa-garazom-u-bw-id-8495/5425642693974?kid=1&sid=1785141458670,U pretrazi sajta možete željene oglase označiti kao izabrane i tako ih kasnije lakše pronaći. Želim da saznam više.
5425644081440,izdavanje,Lux 4.0 - garaza - pogled na reku - BW Residences,3700.0,3.700 €,26.06,3700.0,142.0,4.0,,,,,,BW Residence,,"Ulica Mačvanska 9, Vračar",Savski venac,,False,,,,,,,,,,True,2,dup-5425644081440-5425647413159,"[""Unknown""]",,,2026-07-27T08:24:48.778539+00:00,2,https://www.halooglasi.com/nekretnine/izdavanje-stanova/lux-4-0---garaza---pogled-na-reku---bw-reside/5425644081440?kid=1&sid=1785141458670,U pretrazi sajta možete željene oglase označiti kao izabrane i tako ih kasnije lakše pronaći. Želim da saznam više.
5425646789519,izdavanje,BW Magnolia - prazan ili namešten dvosoban stan,1150.0,1.150 €,19.17,1150.0,60.0,2.0,2.0,2-Bedroom,,,,,,Ulica Bulevar Mihajla Pupina 165g,Savski venac,,False,,,,,,,,,,True,54,dup-5425642693974-5425642808132-5425643292956-5425644407677-5425645349252-5425645834826-5425646029674-5425646186820-5425646636117-5425646653103-5425646683178-5425646759339-5425646789519-5425646947516-5425646988269-5425646994179-5425646994187-5425647027028-5425647050253-5425647056877-5425647059264-5425647241678-5425647261882-5425647294978-5425647322782-5425647376370-5425647381725-5425647384940-5425647389996-5425647394615-5425647394615-5425647405804-5425647408986-5425647411291-5425647411938-5425647412044-5425647412078-5425647412098-5425647412948-5425647413122-5425647417562-5425647435342-5425647435342-5425647437112-5425647438205-5425647438777-5425647440562-5425647442850-5425647442874-5425647446221-5425647446235-5425647447271-5425647448049-5425647448049,"[""Owner"", ""Unknown""]",,,2026-07-27T08:24:48.778539+00:00,2,https://www.halooglasi.com/nekretnine/izdavanje-stanova/bw-magnolia---prazan-ili-namesten-dvosoban-st/5425646789519?kid=1&sid=1785141458670,U pretrazi sajta možete željene oglase označiti kao izabrane i tako ih kasnije lakše pronaći. Želim da saznam više.
5425647181851,izdavanje,Dvoiposobni stan u Bw Scala,1700.0,1.700 €,20.0,1700.0,85.0,2.5,,,,,,,,Ulica Patrijarha Varnave 20,Savski venac,,False,,,,,,,,,,True,24,dup-5425636267820-5425643952068-5425643976736-5425644615850-5425644623242-5425645143989-5425645219718-5425645968027-5425646890142-5425647118463-5425647120395-5425647177783-5425647181851-5425647270381-5425647294658-5425647323350-5425647328513-5425647374698-5425647389710-5425647425985-5425647438227-5425647438227-5425647442864-5425647444226,"[""Owner"", ""Unknown""]",,,2026-07-27T08:24:48.778539+00:00,2,https://www.halooglasi.com/nekretnine/izdavanje-stanova/dvoiposobni-stan-u-bw-scala/5425647181851?kid=1&sid=1785141458670,U pretrazi sajta možete željene oglase označiti kao izabrane i tako ih kasnije lakše pronaći. Želim da saznam više.
5425647349085,izdavanje,"BW Aqua, trosoban 68m2, pogled reka",1600.0,1.600 €,23.53,1600.0,68.0,3.0,3.0,3-Bedroom,,,,,,Ulica Makenzijeva 67,Savski venac,,False,,,,,,,,,,True,18,dup-5425642616833-5425644500127-5425644578019-5425645246259-5425646628355-5425646846189-5425647300001-5425647301417-5425647346458-5425647349085-5425647349085-5425647394322-5425647407068-5425647416675-5425647429711-5425647437003-5425647446652-5425647450606,"[""Owner"", ""Unknown""]",,,2026-07-27T08:24:48.778539+00:00,2,https://www.halooglasi.com/nekretnine/izdavanje-stanova/bw-aqua-trosoban-68m2-pogled-reka/5425647349085?kid=1&sid=1785141458670,U pretrazi sajta možete željene oglase označiti kao izabrane i tako ih kasnije lakše pronaći. Želim da saznam više.
5425647239295,izdavanje,Centar - Beograd na vodi BW Kula St. Regis #67725,1200.0,1.200 €,8.33,1200.0,144.0,4.0,,,,,,Kula Beograd,Kula Beograd,"Ulica Gandijeva 192, Beograd",Savski venac,,False,,,,,,,,,,False,1,,[],,,2026-07-27T08:24:48.778539+00:00,2,https://www.halooglasi.com/nekretnine/izdavanje-stanova/centar---beograd-na-vodi-bw-kula-st-regis-677/5425647239295?kid=1&sid=1785141458670,U pretrazi sajta možete željene oglase označiti kao izabrane i tako ih kasnije lakše pronaći. Želim da saznam više.
5425647349085,izdavanje,"BW Aqua, trosoban 68m2, pogled reka",1600.0,1.600 €,23.53,1600.0,68.0,3.0,3.0,3-Bedroom,,,,,,Ulica Makenzijeva 67,Savski venac,,False,,,,,,,,,,True,18,dup-5425642616833-5425644500127-5425644578019-5425645246259-5425646628355-5425646846189-5425647300001-5425647301417-5425647346458-5425647349085-5425647349085-5425647394322-5425647407068-5425647416675-5425647429711-5425647437003-5425647446652-5425647450606,"[""Owner"", ""Unknown""]",,,2026-07-27T08:24:48.778539+00:00,2,https://www.halooglasi.com/nekretnine/izdavanje-stanova/bw-aqua-trosoban-68m2-pogled-reka/5425647349085?kid=4&sid=1785141458670,U pretrazi sajta možete željene oglase označiti kao izabrane i tako ih kasnije lakše pronaći. Želim da saznam više.
5425647274811,izdavanje,St. Regis - Najluksuzniji 2.0 stan u Beogradu,3200.0,3.200 €,42.11,3200.0,76.0,2.0,,,,,,,,Ulica Zlatiborska 43,Savski venac,,False,,,,,,,,,,True,2,dup-5425647274811-5425647412032,"[""Unknown""]",,,2026-07-27T08:24:48.778539+00:00,2,https://www.halooglasi.com/nekretnine/izdavanje-stanova/st-regis---najluksuzniji-2-0-stan-u-beogradu/5425647274811?kid=1&sid=1785141458670,U pretrazi sajta možete željene oglase označiti kao izabrane i tako ih kasnije lakše pronaći. Želim da saznam više.
5425647389996,izdavanje,Dvosoban stan | BW Echo | Prestižna lokacija,1150.0,1.150 €,20.4,1150.0,56.38,2.0,2.0,2-Bedroom,,,,,,Ulica Hercegovačka 16,Savski venac,,False,,,,,,,,,,True,54,dup-5425642693974-5425642808132-5425643292956-5425644407677-5425645349252-5425645834826-5425646029674-5425646186820-5425646636117-5425646653103-5425646683178-5425646759339-5425646789519-5425646947516-5425646988269-5425646994179-5425646994187-5425647027028-5425647050253-5425647056877-5425647059264-5425647241678-5425647261882-5425647294978-5425647322782-5425647376370-5425647381725-5425647384940-5425647389996-5425647394615-5425647394615-5425647405804-5425647408986-5425647411291-5425647411938-5425647412044-5425647412078-5425647412098-5425647412948-5425647413122-5425647417562-5425647435342-5425647435342-5425647437112-5425647438205-5425647438777-5425647440562-5425647442850-5425647442874-5425647446221-5425647446235-5425647447271-5425647448049-5425647448049,"[""Owner"", ""Unknown""]",,,2026-07-27T08:24:48.778539+00:00,2,https://www.halooglasi.com/nekretnine/izdavanje-stanova/dvosoban-stan-bw-echo-prestizna-lokacija/5425647389996?kid=3&sid=1785141458670,U pretrazi sajta možete željene oglase označiti kao izabrane i tako ih kasnije lakše pronaći. Želim da saznam više.
5425647434243,izdavanje,"Moderan, lep 2.0 stan u BW, garaža, ID 5292",1000.0,1.000 €,16.67,1000.0,60.0,2.0,,,,,,,,Ulica Hercegovačka 19,Savski venac,,False,False,,,,,,,,,False,1,,[],,,2026-07-27T08:24:48.778539+00:00,2,https://www.halooglasi.com/nekretnine/izdavanje-stanova/moderan-lep-2-0-stan-u-bw-garaza-id-5292/5425647434243?kid=1&sid=1785141458670,U pretrazi sajta možete željene oglase označiti kao izabrane i tako ih kasnije lakše pronaći. Želim da saznam više.
5425647299404,izdavanje,"Nov, neuseljavan 3.0 u Bw Thalia",1400.0,1.400 €,17.5,1400.0,80.0,3.0,,,,,,,,,Savski venac,,False,,,,,,,,,,False,1,,[],,,2026-07-27T08:24:48.778539+00:00,2,https://www.halooglasi.com/nekretnine/izdavanje-stanova/nov-neuseljavan-3-0-u-bw-thalia/5425647299404?kid=1&sid=1785141458670,U pretrazi sajta možete željene oglase označiti kao izabrane i tako ih kasnije lakše pronaći. Želim da saznam više.
5425646479809,izdavanje,"Nov stan za poslovni prostor, garaža, BW, ID 1949",1350.0,1.350 €,19.29,1350.0,70.0,3.0,,,,,,,,Ulica Hercegovačka 19,Savski venac,,True,,,,,,,,,,True,2,dup-5425646479809-5425647420626,"[""Owner""]",,,2026-07-27T08:24:48.778539+00:00,2,https://www.halooglasi.com/nekretnine/izdavanje-stanova/nov-stan-za-poslovni-prostor-garaza-bw-id-194/5425646479809?kid=1&sid=1785141458670,U pretrazi sajta možete željene oglase označiti kao izabrane i tako ih kasnije lakše pronaći. Želim da saznam više.
5425645349252,izdavanje,Best selection of exclusive homes and properties,1200.0,1.200 €,22.22,1200.0,54.0,2.0,,,,,,,,"Ulica Mačvanska 9, Vračar",Savski venac,,False,False,,,,,,,,,True,54,dup-5425642693974-5425642808132-5425643292956-5425644407677-5425645349252-5425645834826-5425646029674-5425646186820-5425646636117-5425646653103-5425646683178-5425646759339-5425646789519-5425646947516-5425646988269-5425646994179-5425646994187-5425647027028-5425647050253-5425647056877-5425647059264-5425647241678-5425647261882-5425647294978-5425647322782-5425647376370-5425647381725-5425647384940-5425647389996-5425647394615-5425647394615-5425647405804-5425647408986-5425647411291-5425647411938-5425647412044-5425647412078-5425647412098-5425647412948-5425647413122-5425647417562-5425647435342-5425647435342-5425647437112-5425647438205-5425647438777-5425647440562-5425647442850-5425647442874-5425647446221-5425647446235-5425647447271-5425647448049-5425647448049,"[""Owner"", ""Unknown""]",,,2026-07-27T08:24:48.778539+00:00,2,https://www.halooglasi.com/nekretnine/izdavanje-stanova/best-selection-of-exclusive-homes-and-propert/5425645349252?kid=1&sid=1785141458670,U pretrazi sajta možete željene oglase označiti kao izabrane i tako ih kasnije lakše pronaći. Želim da saznam više.
5425647376404,izdavanje,"Beograd, Beograd Na Vodi, Stan, 4.0, 116m2",2000.0,2.000 €,17.24,2000.0,116.0,4.0,,,,,,,,,Savski venac,,False,,,,,,,,,,True,3,dup-5425646932678-5425647376404-5425647387500,"[""Unknown""]",,,2026-07-27T08:24:48.778539+00:00,2,https://www.halooglasi.com/nekretnine/izdavanje-stanova/beograd-beograd-na-vodi-stan-4-0-116m2/5425647376404?kid=1&sid=1785141458670,U pretrazi sajta možete željene oglase označiti kao izabrane i tako ih kasnije lakše pronaći. Želim da saznam više.
5425647137905,izdavanje,Centar - Beograd na vodi BW #67400,1600.0,1.600 €,20.25,1600.0,79.0,3.0,,,,,,,,"Ulica Gandijeva 192, Beograd",Savski venac,,False,,,,,,,,,,True,36,dup-5425636664513-5425644454324-5425644469334-5425645881064-5425646382416-5425646772621-5425647137905-5425647243508-5425647261827-5425647269102-5425647292104-5425647292117-5425647294752-5425647294987-5425647298382-5425647326970-5425647374732-5425647392042-5425647409640-5425647409641-5425647414692-5425647419262-5425647423708-5425647423708-5425647430793-5425647432817-5425647432817-5425647433125-5425647434631-5425647435406-5425647438180-5425647438259-5425647442845-5425647444958-5425647447155-5425647454228,"[""Owner"", ""Unknown""]",,,2026-07-27T08:24:48.778539+00:00,2,https://www.halooglasi.com/nekretnine/izdavanje-stanova/centar---beograd-na-vodi-bw-67400/5425647137905?kid=1&sid=1785141458670,U pretrazi sajta možete željene oglase označiti kao izabrane i tako ih kasnije lakše pronaći. Želim da saznam više.
5425646994179,izdavanje,BW Echo 11 | Beograd na vodi | Kompletno opremljen,1200.0,1.200 €,21.43,1200.0,56.0,2.0,,,,,,,,,Savski venac,,False,False,,,,,,,,,True,54,dup-5425642693974-5425642808132-5425643292956-5425644407677-5425645349252-5425645834826-5425646029674-5425646186820-5425646636117-5425646653103-5425646683178-5425646759339-5425646789519-5425646947516-5425646988269-5425646994179-5425646994187-5425647027028-5425647050253-5425647056877-5425647059264-5425647241678-5425647261882-5425647294978-5425647322782-5425647376370-5425647381725-5425647384940-5425647389996-5425647394615-5425647394615-5425647405804-5425647408986-5425647411291-5425647411938-5425647412044-5425647412078-5425647412098-5425647412948-5425647413122-5425647417562-5425647435342-5425647435342-5425647437112-5425647438205-5425647438777-5425647440562-5425647442850-5425647442874-5425647446221-5425647446235-5425647447271-5425647448049-5425647448049,"[""Owner"", ""Unknown""]",,,2026-07-27T08:24:48.778539+00:00,2,https://www.halooglasi.com/nekretnine/izdavanje-stanova/bw-echo-11-beograd-na-vodi-kompletno-opremlje/5425646994179?kid=1&sid=1785141458670,U pretrazi sajta možete željene oglase označiti kao izabrane i tako ih kasnije lakše pronaći. Želim da saznam više.
5425647310904,izdavanje,"BW,111m2,4.0, Lux, Nov,Terasa,Garaža,Svetao,Pogled",2800.0,2.800 €,25.23,2800.0,111.0,4.0,,,,,,,,Ulica Milutina Milankovica 9Ž,Savski venac,,False,False,,,,,,,,,True,7,dup-5425642026511-5425647310904-5425647316480-5425647333736-5425647357326-5425647362287-5425647368678,"[""Unknown""]",,,2026-07-27T08:24:48.778539+00:00,2,https://www.halooglasi.com/nekretnine/izdavanje-stanova/bw-111m2-4-0-lux-nov-terasa-garaza-svetao-pog/5425647310904?kid=4&sid=1785141458670,U pretrazi sajta možete željene oglase označiti kao izabrane i tako ih kasnije lakše pronaći. Želim da saznam više.
5425647438673,izdavanje,"BW Riviera, luksuzan trosoban stan za izdavanje",4300.0,4.300 €,27.84,4300.0,154.43,3.0,3.0,3-Bedroom,,,,,,,Savski venac,,True,False,,,,,,,,,True,2,dup-5425647438214-5425647438673,"[""Owner"", ""Unknown""]",,,2026-07-27T08:24:48.778539+00:00,2,https://www.halooglasi.com/nekretnine/izdavanje-stanova/bw-riviera-luksuzan-trosoban-stan-za-izdavanj/5425647438673?kid=4&sid=1785141458670,U pretrazi sajta možete željene oglase označiti kao izabrane i tako ih kasnije lakše pronaći. Želim da saznam više.
5425647412948,izdavanje,Luksuzan dvosoban stan za izdavanje – BW Nika,1150.0,1.150 €,20.18,1150.0,57.0,2.0,2.0,2-Bedroom,,,,,,Ulica Hercegovačka 15,Savski venac,,False,False,,,,,,,,,True,54,dup-5425642693974-5425642808132-5425643292956-5425644407677-5425645349252-5425645834826-5425646029674-5425646186820-5425646636117-5425646653103-5425646683178-5425646759339-5425646789519-5425646947516-5425646988269-5425646994179-5425646994187-5425647027028-5425647050253-5425647056877-5425647059264-5425647241678-5425647261882-5425647294978-5425647322782-5425647376370-5425647381725-5425647384940-5425647389996-5425647394615-5425647394615-5425647405804-5425647408986-5425647411291-5425647411938-5425647412044-5425647412078-5425647412098-5425647412948-5425647413122-5425647417562-5425647435342-5425647435342-5425647437112-5425647438205-5425647438777-5425647440562-5425647442850-5425647442874-5425647446221-5425647446235-5425647447271-5425647448049-5425647448049,"[""Owner"", ""Unknown""]",,,2026-07-27T08:24:48.778539+00:00,2,https://www.halooglasi.com/nekretnine/izdavanje-stanova/luksuzan-dvosoban-stan-za-izdavanje-bw-nika/5425647412948?kid=1&sid=1785141458670,U pretrazi sajta možete željene oglase označiti kao izabrane i tako ih kasnije lakše pronaći. Želim da saznam više.
5425646931130,izdavanje,BW St. Regis- nova dimenzija luksuznog života!,4000.0,4.000 €,40.67,4000.0,98.36,3.0,,,,,,,,Ulica Mileševska 43,Savski venac,,False,False,,,,,,,,,False,1,,[],,,2026-07-27T08:24:48.778539+00:00,2,https://www.halooglasi.com/nekretnine/izdavanje-stanova/bw-st-regis--nova-dimenzija-luksuznog-zivota/5425646931130?kid=4&sid=1785141458670,U pretrazi sajta možete željene oglase označiti kao izabrane i tako ih kasnije lakše pronaći. Želim da saznam više.
5425647332848,izdavanje,Četvorosoban | BW Scala | Potpuno nov,2400.0,2.400 €,21.47,2400.0,111.77,4.0,4.0,4-Bedroom,,,,,,Ulica Hercegovačka 16,Savski venac,,False,False,,,,,,,,,True,5,dup-5425646146127-5425647314340-5425647314340-5425647315817-5425647332848,"[""Unknown""]",,,2026-07-27T08:24:48.778539+00:00,2,https://www.halooglasi.com/nekretnine/izdavanje-stanova/cetvorosoban-bw-scala-potpuno-nov/5425647332848?kid=3&sid=1785141458670,U pretrazi sajta možete željene oglase označiti kao izabrane i tako ih kasnije lakše pronaći. Želim da saznam više.
5425647446235,izdavanje,Centar - Beograd na vodi BW #68334,1200.0,1.200 €,21.82,1200.0,55.0,2.0,,,,,,,,"Ulica Gandijeva 192, Beograd",Savski venac,,False,,,,,,,,,,True,54,dup-5425642693974-5425642808132-5425643292956-5425644407677-5425645349252-5425645834826-5425646029674-5425646186820-5425646636117-5425646653103-5425646683178-5425646759339-5425646789519-5425646947516-5425646988269-5425646994179-5425646994187-5425647027028-5425647050253-5425647056877-5425647059264-5425647241678-5425647261882-5425647294978-5425647322782-5425647376370-5425647381725-5425647384940-5425647389996-5425647394615-5425647394615-5425647405804-5425647408986-5425647411291-5425647411938-5425647412044-5425647412078-5425647412098-5425647412948-5425647413122-5425647417562-5425647435342-5425647435342-5425647437112-5425647438205-5425647438777-5425647440562-5425647442850-5425647442874-5425647446221-5425647446235-5425647447271-5425647448049-5425647448049,"[""Owner"", ""Unknown""]",,,2026-07-27T08:24:48.778539+00:00,2,https://www.halooglasi.com/nekretnine/izdavanje-stanova/centar---beograd-na-vodi-bw-68334/5425647446235?kid=1&sid=1785141458670,U pretrazi sajta možete željene oglase označiti kao izabrane i tako ih kasnije lakše pronaći. Želim da saznam više.
5425647210878,izdavanje,BW Kula - Život na 32. spratu sa wellness centrom,3200.0,3.200 €,52.42,3200.0,61.04,2.0,,,,,,,,Ulica Luke Ćelovića Trebinjca 18,Savski venac,,False,,,,,,,,,,True,7,dup-5425647210878-5425647225546-5425647225546-5425647255125-5425647414713-5425647429004-5425647440519,"[""Unknown""]",,,2026-07-27T08:24:48.778539+00:00,2,https://www.halooglasi.com/nekretnine/izdavanje-stanova/bw-kula---zivot-na-32-spratu-sa-wellness-cent/5425647210878?kid=4&sid=1785141458670,U pretrazi sajta možete željene oglase označiti kao izabrane i tako ih kasnije lakše pronaći. Želim da saznam više.
5425647223538,izdavanje,"Nov 3.0 stan, 77 m2, do sada neuseljavan!",1400.0,1.400 €,18.18,1400.0,77.0,3.0,,,,,,,,Ulica Deligradska 26,Savski venac,,False,,,,,,,,,,False,1,,[],,,2026-07-27T08:24:48.778539+00:00,2,https://www.halooglasi.com/nekretnine/izdavanje-stanova/nov-3-0-stan-77-m2-do-sada-neuseljavan/5425647223538?kid=3&sid=1785141458670,U pretrazi sajta možete željene oglase označiti kao izabrane i tako ih kasnije lakše pronaći. Želim da saznam više.
5425647439421,izdavanje,"HIT ponuda!Lux studio apartman,Beograd na vodi!",800.0,800 €,34.78,800.0,23.0,1.0,,,,,,,,"Ulica Hajduk Veljkov venac 4, lokal 5",Savski venac,,False,False,,,,,,,,,False,1,,[],,,2026-07-27T08:24:48.778539+00:00,2,https://www.halooglasi.com/nekretnine/izdavanje-stanova/hit-ponudalux-studio-apartman-beograd-na-vodi/5425647439421?kid=4&sid=1785141458670,U pretrazi sajta možete željene oglase označiti kao izabrane i tako ih kasnije lakše pronaći. Želim da saznam više.
5425647269102,izdavanje,BW Iris - Trosoban stan - Apollo centar,1600.0,1.600 €,21.2,1600.0,75.48,3.0,3.0,3-Bedroom,,,,,,Ulica Luke Ćelovića Trebinjca 18,Savski venac,,False,,,,,,,,,,True,36,dup-5425636664513-5425644454324-5425644469334-5425645881064-5425646382416-5425646772621-5425647137905-5425647243508-5425647261827-5425647269102-5425647292104-5425647292117-5425647294752-5425647294987-5425647298382-5425647326970-5425647374732-5425647392042-5425647409640-5425647409641-5425647414692-5425647419262-5425647423708-5425647423708-5425647430793-5425647432817-5425647432817-5425647433125-5425647434631-5425647435406-5425647438180-5425647438259-5425647442845-5425647444958-5425647447155-5425647454228,"[""Owner"", ""Unknown""]",,,2026-07-27T08:24:48.778539+00:00,2,https://www.halooglasi.com/nekretnine/izdavanje-stanova/bw-iris---trosoban-stan---apollo-centar/5425647269102?kid=4&sid=1785141458670,U pretrazi sajta možete željene oglase označiti kao izabrane i tako ih kasnije lakše pronaći. Želim da saznam više.
5425646846189,izdavanje,BW Sensa izdavanje,1600.0,1.600 €,22.22,1600.0,72.0,3.0,,,,,,,,Ulica Dalmatinska 65a,Savski venac,,False,,,,,,,,,,True,18,dup-5425642616833-5425644500127-5425644578019-5425645246259-5425646628355-5425646846189-5425647300001-5425647301417-5425647346458-5425647349085-5425647349085-5425647394322-5425647407068-5425647416675-5425647429711-5425647437003-5425647446652-5425647450606,"[""Owner"", ""Unknown""]",,,2026-07-27T08:24:48.778539+00:00,2,https://www.halooglasi.com/nekretnine/izdavanje-stanova/bw-sensa-izdavanje/5425646846189?kid=4&sid=1785141458670,U pretrazi sajta možete željene oglase označiti kao izabrane i tako ih kasnije lakše pronaći. Želim da saznam više.
5425647374860,izdavanje,"BW Perla, premium, sa garažnim mestom ID#4732",2400.0,2.400 €,34.29,2400.0,70.0,2.0,,,,,,,,"Ulica Hercegovačka 23/209, Savski Venac",Savski venac,,False,,,,,,,,,,True,6,dup-5425647062953-5425647141844-5425647297699-5425647374860-5425647374860-5425647376390,"[""Unknown""]",,,2026-07-27T08:24:48.778539+00:00,2,https://www.halooglasi.com/nekretnine/izdavanje-stanova/bw-perla-premium-sa-garaznim-mestom-id4732/5425647374860?kid=4&sid=1785141458670,U pretrazi sajta možete željene oglase označiti kao izabrane i tako ih kasnije lakše pronaći. Želim da saznam više.
5425647082118,izdavanje,Savršen spoj lokacije i luksuza – BW Perla,3250.0,3.250 €,27.27,3250.0,119.2,3.0,,,,,,,,,Savski venac,,False,,,,,,,,,,True,4,dup-5425646992404-5425647082118-5425647434839-5425647435368,"[""Owner"", ""Unknown""]",,,2026-07-27T08:24:48.778539+00:00,2,https://www.halooglasi.com/nekretnine/izdavanje-stanova/savrsen-spoj-lokacije-i-luksuza-bw-perla/5425647082118?kid=4&sid=1785141458670,U pretrazi sajta možete željene oglase označiti kao izabrane i tako ih kasnije lakše pronaći. Želim da saznam više.
5425647133486,izdavanje,"Bw Kings Park pogled na park, samo za pravna lica",2400.0,2.400 €,22.64,2400.0,106.0,4.0,,,,,,,,,Savski venac,,False,,,,,,,,,,False,1,,[],,,2026-07-27T08:24:48.778539+00:00,2,https://www.halooglasi.com/nekretnine/izdavanje-stanova/bw-kings-park-pogled-na-park-samo-za-pravna-l/5425647133486?kid=1&sid=1785141458670,U pretrazi sajta možete željene oglase označiti kao izabrane i tako ih kasnije lakše pronaći. Želim da saznam više.
5425647169656,izdavanje,"St Regis, lux, dvosoban stan, 76m2",3000.0,3.000 €,39.47,3000.0,76.0,2.0,2.0,2-Bedroom,,,,,,Ulica Hercegovacka 14a,Savski venac,,False,,,,,,,,,,False,1,,[],,,2026-07-27T08:24:48.778539+00:00,2,https://www.halooglasi.com/nekretnine/izdavanje-stanova/st-regis-lux-dvosoban-stan-76m2/5425647169656?kid=1&sid=1785141458670,U pretrazi sajta možete željene oglase označiti kao izabrane i tako ih kasnije lakše pronaći. Želim da saznam više.
5425647438227,izdavanje,"BW Aurora, namešten, pogled na reku ID#4784",1600.0,1.600 €,18.39,1600.0,87.0,3.0,,,,,,,,"Ulica Hercegovačka 23/209, Savski Venac",Savski venac,,False,,,,,,,,,,True,24,dup-5425636267820-5425643952068-5425643976736-5425644615850-5425644623242-5425645143989-5425645219718-5425645968027-5425646890142-5425647118463-5425647120395-5425647177783-5425647181851-5425647270381-5425647294658-5425647323350-5425647328513-5425647374698-5425647389710-5425647425985-5425647438227-5425647438227-5425647442864-5425647444226,"[""Owner"", ""Unknown""]",,,2026-07-27T08:24:48.778539+00:00,2,https://www.halooglasi.com/nekretnine/izdavanje-stanova/bw-aurora-namesten-pogled-na-reku-id4784/5425647438227?kid=1&sid=1785141458670,U pretrazi sajta možete željene oglase označiti kao izabrane i tako ih kasnije lakše pronaći. Želim da saznam više.
5425647243508,izdavanje,"BW Parkview , 3.0 stan ID#15950",1700.0,1.700 €,21.25,1700.0,80.0,3.0,,,,,,,,"Ulica Dositejeva 9/3, Beograd",Savski venac,,False,,,,,,,,,,True,36,dup-5425636664513-5425644454324-5425644469334-5425645881064-5425646382416-5425646772621-5425647137905-5425647243508-5425647261827-5425647269102-5425647292104-5425647292117-5425647294752-5425647294987-5425647298382-5425647326970-5425647374732-5425647392042-5425647409640-5425647409641-5425647414692-5425647419262-5425647423708-5425647423708-5425647430793-5425647432817-5425647432817-5425647433125-5425647434631-5425647435406-5425647438180-5425647438259-5425647442845-5425647444958-5425647447155-5425647454228,"[""Owner"", ""Unknown""]",,,2026-07-27T08:24:48.778539+00:00,2,https://www.halooglasi.com/nekretnine/izdavanje-stanova/bw-parkview-3-0-stan-id15950/5425647243508?kid=1&sid=1785141458670,U pretrazi sajta možete željene oglase označiti kao izabrane i tako ih kasnije lakše pronaći. Želim da saznam više.
5425635829135,izdavanje,"Odličan, moderan stan, BW, garaža, ID 1114",1000.0,1.000 €,18.18,1000.0,55.0,2.0,,,,,,,,Ulica Hercegovačka 19,Savski venac,,False,False,,,,,,,,,True,4,dup-5425635829135-5425644556774-5425645963532-5425646498161,"[""Unknown""]",,,2026-07-27T08:24:48.778539+00:00,2,https://www.halooglasi.com/nekretnine/izdavanje-stanova/odlican-moderan-stan-bw-garaza-id-1114/5425635829135?kid=1&sid=1785141458670,U pretrazi sajta možete željene oglase označiti kao izabrane i tako ih kasnije lakše pronaći. Želim da saznam više.
5425647438214,izdavanje,BW Riviera - 3.0 PREMIUM stan za izdavanje,4300.0,4.300 €,27.84,4300.0,154.43,3.0,,,,,,,,,Savski venac,,False,,,,,,,,,,True,2,dup-5425647438214-5425647438673,"[""Owner"", ""Unknown""]",,,2026-07-27T08:24:48.778539+00:00,2,https://www.halooglasi.com/nekretnine/izdavanje-stanova/bw-riviera---3-0-premium-stan-za-izdavanje/5425647438214?kid=4&sid=1785141458670,U pretrazi sajta možete željene oglase označiti kao izabrane i tako ih kasnije lakše pronaći. Želim da saznam više.
5425643676751,izdavanje,"Moderan, nov stan, garaža, BW, ID 5825",1300.0,1.300 €,24.07,1300.0,54.0,2.0,,,,,,,,Ulica Hercegovačka 19,Savski venac,,False,False,,,,,,,,,False,1,,[],,,2026-07-27T08:24:48.778539+00:00,2,https://www.halooglasi.com/nekretnine/izdavanje-stanova/moderan-nov-stan-garaza-bw-id-5825/5425643676751?kid=1&sid=1785141458670,U pretrazi sajta možete željene oglase označiti kao izabrane i tako ih kasnije lakše pronaći. Želim da saznam više.
5425646636117,izdavanje,BW Parkview 17 | Beograd na vodi | Kompletno nameš,1200.0,1.200 €,21.82,1200.0,55.0,2.0,,,,,,,,,Savski venac,,False,,,,,,,,,,True,54,dup-5425642693974-5425642808132-5425643292956-5425644407677-5425645349252-5425645834826-5425646029674-5425646186820-5425646636117-5425646653103-5425646683178-5425646759339-5425646789519-5425646947516-5425646988269-5425646994179-5425646994187-5425647027028-5425647050253-5425647056877-5425647059264-5425647241678-5425647261882-5425647294978-5425647322782-5425647376370-5425647381725-5425647384940-5425647389996-5425647394615-5425647394615-5425647405804-5425647408986-5425647411291-5425647411938-5425647412044-5425647412078-5425647412098-5425647412948-5425647413122-5425647417562-5425647435342-5425647435342-5425647437112-5425647438205-5425647438777-5425647440562-5425647442850-5425647442874-5425647446221-5425647446235-5425647447271-5425647448049-5425647448049,"[""Owner"", ""Unknown""]",,,2026-07-27T08:24:48.778539+00:00,2,https://www.halooglasi.com/nekretnine/izdavanje-stanova/bw-parkview-17-beograd-na-vodi-kompletno-name/5425646636117?kid=1&sid=1785141458670,U pretrazi sajta možete željene oglase označiti kao izabrane i tako ih kasnije lakše pronaći. Želim da saznam više.
5425646629374,izdavanje,"BW Residences, premium, pogled na reku ID#4344",3000.0,3.000 €,33.33,3000.0,90.0,3.0,,,,,,Sava Residences,,"Ulica Hercegovačka 23/209, Savski Venac",Savski venac,,False,,,,,,,,,,False,1,,[],,,2026-07-27T08:24:48.778539+00:00,2,https://www.halooglasi.com/nekretnine/izdavanje-stanova/bw-residences-premium-pogled-na-reku-id4344/5425646629374?kid=1&sid=1785141458670,U pretrazi sajta možete željene oglase označiti kao izabrane i tako ih kasnije lakše pronaći. Želim da saznam više.
5425647406454,izdavanje,BW Perla - Postanite prvi zakupac trosobnog stana,3700.0,3.700 €,31.09,3700.0,119.0,3.0,,,,,,,,Ulica Luke Ćelovića Trebinjca 18,Savski venac,,False,False,,,,,,,,,False,1,,[],,,2026-07-27T08:24:48.778539+00:00,2,https://www.halooglasi.com/nekretnine/izdavanje-stanova/bw-perla---postanite-prvi-zakupac-trosobnog-s/5425647406454?kid=4&sid=1785141458670,U pretrazi sajta možete željene oglase označiti kao izabrane i tako ih kasnije lakše pronaći. Želim da saznam više.
5425645963532,izdavanje,"BW-Libera , 54m2, II, cg, novo, lux",1000.0,1.000 €,18.52,1000.0,54.0,2.0,,,,,,,,"Ulica Krunska 38, Beograd",Savski venac,,False,,,,,,,,,,True,4,dup-5425635829135-5425644556774-5425645963532-5425646498161,"[""Unknown""]",,,2026-07-27T08:24:48.778539+00:00,2,https://www.halooglasi.com/nekretnine/izdavanje-stanova/bw-libera-54m2-ii-cg-novo-lux/5425645963532?kid=1&sid=1785141458670,U pretrazi sajta možete željene oglase označiti kao izabrane i tako ih kasnije lakše pronaći. Želim da saznam više.
5425644679584,izdavanje,Stan na prestižnoj lokaciji ID#8395,1500.0,1.500 €,27.27,1500.0,55.0,2.0,,,,,,,,"Ulica Dositejeva 9/3, Beograd",Savski venac,,False,,,,,,,,,,False,1,,[],,,2026-07-27T08:24:48.778539+00:00,2,https://www.halooglasi.com/nekretnine/izdavanje-stanova/stan-na-prestiznoj-lokaciji-id8395/5425644679584?kid=1&sid=1785141458670,U pretrazi sajta možete željene oglase označiti kao izabrane i tako ih kasnije lakše pronaći. Želim da saznam više.
5425647301417,izdavanje,BW Terraces 10 | Beograd na vodi | Bazen i teretan,1600.0,1.600 €,22.86,1600.0,70.0,2.0,,,,,,,,,Savski venac,,False,,,,,,,,,,True,18,dup-5425642616833-5425644500127-5425644578019-5425645246259-5425646628355-5425646846189-5425647300001-5425647301417-5425647346458-5425647349085-5425647349085-5425647394322-5425647407068-5425647416675-5425647429711-5425647437003-5425647446652-5425647450606,"[""Owner"", ""Unknown""]",,,2026-07-27T08:24:48.778539+00:00,2,https://www.halooglasi.com/nekretnine/izdavanje-stanova/bw-terraces-10-beograd-na-vodi-bazen-i-tereta/5425647301417?kid=1&sid=1785141458670,U pretrazi sajta možete željene oglase označiti kao izabrane i tako ih kasnije lakše pronaći. Želim da saznam više.
5425647255125,izdavanje,BW Kula 13 | Beograd na vodi | 20. sprat | Pogled,3200.0,3.200 €,53.33,3200.0,60.0,2.0,,,,,,Kula Beograd,Kula Beograd,,Savski venac,,False,False,,,,,,,,,True,7,dup-5425647210878-5425647225546-5425647225546-5425647255125-5425647414713-5425647429004-5425647440519,"[""Unknown""]",,,2026-07-27T08:24:48.778539+00:00,2,https://www.halooglasi.com/nekretnine/izdavanje-stanova/bw-kula-13-beograd-na-vodi-20-sprat-pogled/5425647255125?kid=1&sid=1785141458670,U pretrazi sajta možete željene oglase označiti kao izabrane i tako ih kasnije lakše pronaći. Želim da saznam više.
5425647300001,izdavanje,BW Terraces | Enterijer sa stilom | 2.0 stan,1800.0,1.800 €,25.71,1800.0,70.0,2.0,,,,,,,,Ulica Sarajevska 40,Savski venac,,False,,,,,,,,,,True,18,dup-5425642616833-5425644500127-5425644578019-5425645246259-5425646628355-5425646846189-5425647300001-5425647301417-5425647346458-5425647349085-5425647349085-5425647394322-5425647407068-5425647416675-5425647429711-5425647437003-5425647446652-5425647450606,"[""Owner"", ""Unknown""]",,,2026-07-27T08:24:48.778539+00:00,2,https://www.halooglasi.com/nekretnine/izdavanje-stanova/bw-terraces-enterijer-sa-stilom-2-0-stan/5425647300001?kid=4&sid=1785141458670,U pretrazi sajta možete željene oglase označiti kao izabrane i tako ih kasnije lakše pronaći. Želim da saznam više.
5425647172409,izdavanje,Direktan pogled na reku iz BW Residences,3000.0,3.000 €,32.61,3000.0,92.0,3.0,,,,,,BW Residence,,Ulica Bulevar Mihajla Pupina 165g,Savski venac,,True,False,,,,,,,,,False,1,,[],,,2026-07-27T08:24:48.778539+00:00,2,https://www.halooglasi.com/nekretnine/izdavanje-stanova/direktan-pogled-na-reku-iz-bw-residences/5425647172409?kid=1&sid=1785141458670,U pretrazi sajta možete željene oglase označiti kao izabrane i tako ih kasnije lakše pronaći. Želim da saznam više.
5425647389710,izdavanje,"Prelep stan sa direktnim pogledom na reku, BW Vist",1700.0,1.700 €,19.32,1700.0,88.0,3.0,,,,,,,,Ulica Bulevar Mihajla Pupina 165g,Savski venac,,False,False,,,,,,,,,True,24,dup-5425636267820-5425643952068-5425643976736-5425644615850-5425644623242-5425645143989-5425645219718-5425645968027-5425646890142-5425647118463-5425647120395-5425647177783-5425647181851-5425647270381-5425647294658-5425647323350-5425647328513-5425647374698-5425647389710-5425647425985-5425647438227-5425647438227-5425647442864-5425647444226,"[""Owner"", ""Unknown""]",,,2026-07-27T08:24:48.778539+00:00,2,https://www.halooglasi.com/nekretnine/izdavanje-stanova/prelep-stan-sa-direktnim-pogledom-na-reku-bw/5425647389710?kid=1&sid=1785141458670,U pretrazi sajta možete željene oglase označiti kao izabrane i tako ih kasnije lakše pronaći. Želim da saznam više.
5425647225097,izdavanje,Lux 3.0 stan Bw Terraces,2950.0,2.950 €,28.53,2950.0,103.4,3.0,,,,,,,,Ulica Bulevar Vudroa Vilsona 17/209,Savski venac,,False,,,,,,,,,,True,2,dup-5425647225097-5425647409223,"[""Unknown""]",,,2026-07-27T08:24:48.778539+00:00,2,https://www.halooglasi.com/nekretnine/izdavanje-stanova/lux-3-0-stan-bw-terraces/5425647225097?kid=1&sid=1785141458670,U pretrazi sajta možete željene oglase označiti kao izabrane i tako ih kasnije lakše pronaći. Želim da saznam više.
5425647442850,izdavanje,"BW Aria, dvosoban stan",1150.0,1.150 €,20.54,1150.0,56.0,2.0,2.0,2-Bedroom,,,,,,Ulica Terazije 27,Savski venac,,False,,,,,,,,,,True,54,dup-5425642693974-5425642808132-5425643292956-5425644407677-5425645349252-5425645834826-5425646029674-5425646186820-5425646636117-5425646653103-5425646683178-5425646759339-5425646789519-5425646947516-5425646988269-5425646994179-5425646994187-5425647027028-5425647050253-5425647056877-5425647059264-5425647241678-5425647261882-5425647294978-5425647322782-5425647376370-5425647381725-5425647384940-5425647389996-5425647394615-5425647394615-5425647405804-5425647408986-5425647411291-5425647411938-5425647412044-5425647412078-5425647412098-5425647412948-5425647413122-5425647417562-5425647435342-5425647435342-5425647437112-5425647438205-5425647438777-5425647440562-5425647442850-5425647442874-5425647446221-5425647446235-5425647447271-5425647448049-5425647448049,"[""Owner"", ""Unknown""]",,,2026-07-27T08:24:48.778539+00:00,2,https://www.halooglasi.com/nekretnine/izdavanje-stanova/bw-aria-dvosoban-stan/5425647442850?kid=1&sid=1785141458670,U pretrazi sajta možete željene oglase označiti kao izabrane i tako ih kasnije lakše pronaći. Želim da saznam više.
5425647004755,izdavanje,"BW, St. Regis, Kula Beograd, 90m2 ID#35391",4500.0,4.500 €,50.0,4500.0,90.0,3.0,,,,,,Kula Beograd,Kula Beograd,"Ulica Njegoševa 56, Beograd",Savski venac,,False,,,,,,,,,,True,8,dup-5425645043784-5425646162178-5425646881881-5425646915089-5425646992418-5425647004755-5425647172383-5425647179300,"[""Owner"", ""Unknown""]",,,2026-07-27T08:24:48.778539+00:00,2,https://www.halooglasi.com/nekretnine/izdavanje-stanova/bw-st-regis-kula-beograd-90m2-id35391/5425647004755?kid=1&sid=1785141458670,U pretrazi sajta možete željene oglase označiti kao izabrane i tako ih kasnije lakše pronaći. Želim da saznam više.
5425647433147,izdavanje,LUX 3.0 stan u zgradi BW Perla,3200.0,3.200 €,28.38,3200.0,112.75,3.0,,,,,,,,,Savski venac,,False,,,,,,,,,,True,3,dup-5425647433147-5425647433867-5425647434762,"[""Owner"", ""Unknown""]",,,2026-07-27T08:24:48.778539+00:00,2,https://www.halooglasi.com/nekretnine/izdavanje-stanova/lux-3-0-stan-u-zgradi-bw-perla/5425647433147?kid=4&sid=1785141458670,U pretrazi sajta možete željene oglase označiti kao izabrane i tako ih kasnije lakše pronaći. Želim da saznam više.
5425646992404,izdavanje,Predivan stan na traženoj lokaciji,3400.0,3.400 €,28.33,3400.0,120.0,3.0,,,,,,,,,Savski venac,,False,,,,,,,,,,True,4,dup-5425646992404-5425647082118-5425647434839-5425647435368,"[""Owner"", ""Unknown""]",,,2026-07-27T08:24:48.778539+00:00,2,https://www.halooglasi.com/nekretnine/izdavanje-stanova/predivan-stan-na-trazenoj-lokaciji/5425646992404?kid=1&sid=1785141458670,U pretrazi sajta možete željene oglase označiti kao izabrane i tako ih kasnije lakše pronaći. Želim da saznam više.
5425647408986,izdavanje,Luksuzan stan | BW Parkview | Panoramski pogled,1150.0,1.150 €,20.91,1150.0,55.0,2.0,,,,,,,,Ulica Hercegovačka 16,Savski venac,,False,,,,,,,,,,True,54,dup-5425642693974-5425642808132-5425643292956-5425644407677-5425645349252-5425645834826-5425646029674-5425646186820-5425646636117-5425646653103-5425646683178-5425646759339-5425646789519-5425646947516-5425646988269-5425646994179-5425646994187-5425647027028-5425647050253-5425647056877-5425647059264-5425647241678-5425647261882-5425647294978-5425647322782-5425647376370-5425647381725-5425647384940-5425647389996-5425647394615-5425647394615-5425647405804-5425647408986-5425647411291-5425647411938-5425647412044-5425647412078-5425647412098-5425647412948-5425647413122-5425647417562-5425647435342-5425647435342-5425647437112-5425647438205-5425647438777-5425647440562-5425647442850-5425647442874-5425647446221-5425647446235-5425647447271-5425647448049-5425647448049,"[""Owner"", ""Unknown""]",,,2026-07-27T08:24:48.778539+00:00,2,https://www.halooglasi.com/nekretnine/izdavanje-stanova/luksuzan-stan-bw-parkview-panoramski-pogled/5425647408986?kid=3&sid=1785141458670,U pretrazi sajta možete željene oglase označiti kao izabrane i tako ih kasnije lakše pronaći. Želim da saznam više.
5425647432817,izdavanje,"Moderan, kompletno namešten, garaža ID#1205",2000.0,2.000 €,25.21,2000.0,79.33,3.0,,,,,,,,"Ulica Jedrenska 2, Beograd",Savski venac,,False,,,,,,,,,,True,36,dup-5425636664513-5425644454324-5425644469334-5425645881064-5425646382416-5425646772621-5425647137905-5425647243508-5425647261827-5425647269102-5425647292104-5425647292117-5425647294752-5425647294987-5425647298382-5425647326970-5425647374732-5425647392042-5425647409640-5425647409641-5425647414692-5425647419262-5425647423708-5425647423708-5425647430793-5425647432817-5425647432817-5425647433125-5425647434631-5425647435406-5425647438180-5425647438259-5425647442845-5425647444958-5425647447155-5425647454228,"[""Owner"", ""Unknown""]",,,2026-07-27T08:24:48.778539+00:00,2,https://www.halooglasi.com/nekretnine/izdavanje-stanova/moderan-kompletno-namesten-garaza-id1205/5425647432817?kid=1&sid=1785141458670,U pretrazi sajta možete željene oglase označiti kao izabrane i tako ih kasnije lakše pronaći. Želim da saznam više.
5425645277576,izdavanje,BW Eterna pogled na Kulu izdavanje,2500.0,2.500 €,20.83,2500.0,120.0,4.0,,,,,,,,Ulica Dalmatinska 65a,Savski venac,,False,,,,,,,,,,True,2,dup-5425645277576-5425647243782,"[""Unknown""]",,,2026-07-27T08:24:48.778539+00:00,2,https://www.halooglasi.com/nekretnine/izdavanje-stanova/bw-eterna-pogled-na-kulu-izdavanje/5425645277576?kid=4&sid=1785141458670,U pretrazi sajta možete željene oglase označiti kao izabrane i tako ih kasnije lakše pronaći. Želim da saznam više.
5425647442874,izdavanje,Centar - Beograd na vodi BW #68326,1200.0,1.200 €,21.05,1200.0,57.0,2.0,,,,,,,,"Ulica Gandijeva 192, Beograd",Savski venac,,False,,,,,,,,,,True,54,dup-5425642693974-5425642808132-5425643292956-5425644407677-5425645349252-5425645834826-5425646029674-5425646186820-5425646636117-5425646653103-5425646683178-5425646759339-5425646789519-5425646947516-5425646988269-5425646994179-5425646994187-5425647027028-5425647050253-5425647056877-5425647059264-5425647241678-5425647261882-5425647294978-5425647322782-5425647376370-5425647381725-5425647384940-5425647389996-5425647394615-5425647394615-5425647405804-5425647408986-5425647411291-5425647411938-5425647412044-5425647412078-5425647412098-5425647412948-5425647413122-5425647417562-5425647435342-5425647435342-5425647437112-5425647438205-5425647438777-5425647440562-5425647442850-5425647442874-5425647446221-5425647446235-5425647447271-5425647448049-5425647448049,"[""Owner"", ""Unknown""]",,,2026-07-27T08:24:48.778539+00:00,2,https://www.halooglasi.com/nekretnine/izdavanje-stanova/centar---beograd-na-vodi-bw-68326/5425647442874?kid=4&sid=1785141458670,U pretrazi sajta možete željene oglase označiti kao izabrane i tako ih kasnije lakše pronaći. Želim da saznam više.
5425647448049,izdavanje,Centar - Beograd na vodi BW #68345,1100.0,1.100 €,19.3,1100.0,57.0,2.0,,,,,,,,"Ulica Gandijeva 192, Beograd",Savski venac,,False,,,,,,,,,,True,54,dup-5425642693974-5425642808132-5425643292956-5425644407677-5425645349252-5425645834826-5425646029674-5425646186820-5425646636117-5425646653103-5425646683178-5425646759339-5425646789519-5425646947516-5425646988269-5425646994179-5425646994187-5425647027028-5425647050253-5425647056877-5425647059264-5425647241678-5425647261882-5425647294978-5425647322782-5425647376370-5425647381725-5425647384940-5425647389996-5425647394615-5425647394615-5425647405804-5425647408986-5425647411291-5425647411938-5425647412044-5425647412078-5425647412098-5425647412948-5425647413122-5425647417562-5425647435342-5425647435342-5425647437112-5425647438205-5425647438777-5425647440562-5425647442850-5425647442874-5425647446221-5425647446235-5425647447271-5425647448049-5425647448049,"[""Owner"", ""Unknown""]",,,2026-07-27T08:24:48.778539+00:00,2,https://www.halooglasi.com/nekretnine/izdavanje-stanova/centar---beograd-na-vodi-bw-68345/5425647448049?kid=1&sid=1785141458670,U pretrazi sajta možete željene oglase označiti kao izabrane i tako ih kasnije lakše pronaći. Želim da saznam više.
5425647362287,izdavanje,"BW Perla, izdavanje, nov, lux 3.0, garaža, useljiv",2950.0,2.950 €,26.82,2950.0,110.0,3.0,,,,,,,,Ulica Obilićev venac 10/I/2,Savski venac,,False,,,,,,,,,,True,7,dup-5425642026511-5425647310904-5425647316480-5425647333736-5425647357326-5425647362287-5425647368678,"[""Unknown""]",,,2026-07-27T08:24:48.778539+00:00,2,https://www.halooglasi.com/nekretnine/izdavanje-stanova/bw-perla-izdavanje-nov-lux-3-0-garaza-useljiv/5425647362287?kid=3&sid=1785141458670,U pretrazi sajta možete željene oglase označiti kao izabrane i tako ih kasnije lakše pronaći. Želim da saznam više.
5425647292104,izdavanje,"Savski Venac (Beograd), Beograd Na Vodi, Stan, 3,",1800.0,1.800 €,22.44,1800.0,80.23,3.0,,,,,,,,Ulica Knez Mihailova 11-15,Savski venac,,False,,,,,,,,,,True,36,dup-5425636664513-5425644454324-5425644469334-5425645881064-5425646382416-5425646772621-5425647137905-5425647243508-5425647261827-5425647269102-5425647292104-5425647292117-5425647294752-5425647294987-5425647298382-5425647326970-5425647374732-5425647392042-5425647409640-5425647409641-5425647414692-5425647419262-5425647423708-5425647423708-5425647430793-5425647432817-5425647432817-5425647433125-5425647434631-5425647435406-5425647438180-5425647438259-5425647442845-5425647444958-5425647447155-5425647454228,"[""Owner"", ""Unknown""]",,,2026-07-27T08:24:48.778539+00:00,2,https://www.halooglasi.com/nekretnine/izdavanje-stanova/savski-venac-beograd-beograd-na-vodi-stan-3/5425647292104?kid=1&sid=1785141458670,U pretrazi sajta možete željene oglase označiti kao izabrane i tako ih kasnije lakše pronaći. Želim da saznam više.
5425647328513,izdavanje,"BW-Parkview, 3spavaće, 2kupatila, trostran, terasa",2000.0,2.000 €,22.22,2000.0,90.0,4.0,,,,,,,,Ulica Dobračina 21,Savski venac,,False,False,,,,,,,,,True,24,dup-5425636267820-5425643952068-5425643976736-5425644615850-5425644623242-5425645143989-5425645219718-5425645968027-5425646890142-5425647118463-5425647120395-5425647177783-5425647181851-5425647270381-5425647294658-5425647323350-5425647328513-5425647374698-5425647389710-5425647425985-5425647438227-5425647438227-5425647442864-5425647444226,"[""Owner"", ""Unknown""]",,,2026-07-27T08:24:48.778539+00:00,2,https://www.halooglasi.com/nekretnine/izdavanje-stanova/bw-parkview-3spavace-2kupatila-trostran-teras/5425647328513?kid=1&sid=1785141458670,U pretrazi sajta možete željene oglase označiti kao izabrane i tako ih kasnije lakše pronaći. Želim da saznam više.
5425644469334,izdavanje,"Beograd na vodi, BW Libera, beograd na vodi",1600.0,1.600 €,19.28,1600.0,83.0,3.0,,,,,,,,,Savski venac,,True,,,,,,,,,,True,36,dup-5425636664513-5425644454324-5425644469334-5425645881064-5425646382416-5425646772621-5425647137905-5425647243508-5425647261827-5425647269102-5425647292104-5425647292117-5425647294752-5425647294987-5425647298382-5425647326970-5425647374732-5425647392042-5425647409640-5425647409641-5425647414692-5425647419262-5425647423708-5425647423708-5425647430793-5425647432817-5425647432817-5425647433125-5425647434631-5425647435406-5425647438180-5425647438259-5425647442845-5425647444958-5425647447155-5425647454228,"[""Owner"", ""Unknown""]",,,2026-07-27T08:24:48.778539+00:00,2,https://www.halooglasi.com/nekretnine/izdavanje-stanova/beograd-na-vodi-bw-libera-beograd-na-vodi/5425644469334?kid=1&sid=1785141458670,U pretrazi sajta možete željene oglase označiti kao izabrane i tako ih kasnije lakše pronaći. Želim da saznam više.
5425647054664,izdavanje,Centar - Savski Venac #67148,1600.0,1.600 €,25.81,1600.0,62.0,3.0,,,,,,,,"Ulica Gandijeva 192, Beograd",Savski venac,,False,,,,,,,,,,True,4,dup-5425644217740-5425647000084-5425647054664-5425647440572,"[""Unknown""]",,,2026-07-27T08:24:48.778539+00:00,2,https://www.halooglasi.com/nekretnine/izdavanje-stanova/centar---savski-venac-67148/5425647054664?kid=1&sid=1785141458670,U pretrazi sajta možete željene oglase označiti kao izabrane i tako ih kasnije lakše pronaći. Želim da saznam više.
5425647434839,izdavanje,BW Perla | Luksuzan trosoban stan za izdavanje,3200.0,3.200 €,26.85,3200.0,119.2,3.0,3.0,3-Bedroom,,,,,,,Savski venac,,True,,,,,,,,,,True,4,dup-5425646992404-5425647082118-5425647434839-5425647435368,"[""Owner"", ""Unknown""]",,,2026-07-27T08:24:48.778539+00:00,2,https://www.halooglasi.com/nekretnine/izdavanje-stanova/bw-perla-luksuzan-trosoban-stan-za-izdavanje/5425647434839?kid=4&sid=1785141458670,U pretrazi sajta možete željene oglase označiti kao izabrane i tako ih kasnije lakše pronaći. Želim da saznam više.
5425645277024,izdavanje,"Centar,Beograd na vodi, komplex apartmana ID#13674",600.0,600 €,14.29,600.0,42.0,2.0,,,,,,,,"Ulica Dositejeva 9/3, Beograd",Savski venac,,False,False,,,,,,,,,False,1,,[],,,2026-07-27T08:24:48.778539+00:00,2,https://www.halooglasi.com/nekretnine/izdavanje-stanova/centar-beograd-na-vodi-komplex-apartmana-id13/5425645277024?kid=1&sid=1785141458670,U pretrazi sajta možete željene oglase označiti kao izabrane i tako ih kasnije lakše pronaći. Želim da saznam više.
5425647268219,izdavanje,"Bw Eterna, 115m2, novo, lux",2800.0,2.800 €,24.35,2800.0,115.0,4.0,,,,,,,,Ulica Njegoševa 34,Savski venac,,False,,,,,,,,,,True,3,dup-5425645805877-5425647268219-5425647295305,"[""Unknown""]",,,2026-07-27T08:24:48.778539+00:00,2,https://www.halooglasi.com/nekretnine/izdavanje-stanova/bw-eterna-115m2-novo-lux/5425647268219?kid=1&sid=1785141458670,U pretrazi sajta možete željene oglase označiti kao izabrane i tako ih kasnije lakše pronaći. Želim da saznam više.
5425647444226,izdavanje,Centar - Beograd na vodi BW #68327,2000.0,2.000 €,22.22,2000.0,90.0,3.0,,,,,,,,"Ulica Gandijeva 192, Beograd",Savski venac,,True,,,,,,,,,,True,24,dup-5425636267820-5425643952068-5425643976736-5425644615850-5425644623242-5425645143989-5425645219718-5425645968027-5425646890142-5425647118463-5425647120395-5425647177783-5425647181851-5425647270381-5425647294658-5425647323350-5425647328513-5425647374698-5425647389710-5425647425985-5425647438227-5425647438227-5425647442864-5425647444226,"[""Owner"", ""Unknown""]",,,2026-07-27T08:24:48.778539+00:00,2,https://www.halooglasi.com/nekretnine/izdavanje-stanova/centar---beograd-na-vodi-bw-68327/5425647444226?kid=1&sid=1785141458670,U pretrazi sajta možete željene oglase označiti kao izabrane i tako ih kasnije lakše pronaći. Želim da saznam više.
5425647136268,izdavanje,"Lux, moderan stan, garaža, BW, ID 9275",2500.0,2.500 €,41.67,2500.0,60.0,2.0,,,,,,,,Ulica Hercegovačka 19,Savski venac,,False,,,,,,,,,,True,4,dup-5425646873882-5425646885601-5425647059216-5425647136268,"[""Unknown""]",,,2026-07-27T08:24:48.778539+00:00,2,https://www.halooglasi.com/nekretnine/izdavanje-stanova/lux-moderan-stan-garaza-bw-id-9275/5425647136268?kid=1&sid=1785141458670,U pretrazi sajta možete željene oglase označiti kao izabrane i tako ih kasnije lakše pronaći. Želim da saznam više.
5425647369082,izdavanje,Luksuzan četvorosoban stan | Pogled na park,2400.0,2.400 €,20.69,2400.0,116.0,4.0,4.0,4-Bedroom,,,,,,Ulica Zdravka Čelara 12,Savski venac,,False,,,,,,,,,,True,3,dup-5425646221569-5425647162442-5425647369082,"[""Unknown""]",,,2026-07-27T08:24:48.778539+00:00,2,https://www.halooglasi.com/nekretnine/izdavanje-stanova/luksuzan-cetvorosoban-stan-pogled-na-park/5425647369082?kid=1&sid=1785141458670,U pretrazi sajta možete željene oglase označiti kao izabrane i tako ih kasnije lakše pronaći. Želim da saznam više.
5425646915089,izdavanje,Izdaje se luksuzan stan u prestižnoj St. Regis kul,4500.0,4.500 €,50.0,4500.0,90.0,3.0,,,,,,,,Ulica Bulevar Mihajla Pupina 165a,Savski venac,,False,,,,,,,,,,True,8,dup-5425645043784-5425646162178-5425646881881-5425646915089-5425646992418-5425647004755-5425647172383-5425647179300,"[""Owner"", ""Unknown""]",,,2026-07-27T08:24:48.778539+00:00,2,https://www.halooglasi.com/nekretnine/izdavanje-stanova/izdaje-se-luksuzan-stan-u-prestiznoj-st-regis/5425646915089?kid=1&sid=1785141458670,U pretrazi sajta možete željene oglase označiti kao izabrane i tako ih kasnije lakše pronaći. Želim da saznam više.
5425647437112,izdavanje,Beograd na vodi – BW Parkview | Moderan stan sa pa,1200.0,1.200 €,21.43,1200.0,56.0,2.0,,,,,,,,,Savski venac,,True,False,,,,,,,,,True,54,dup-5425642693974-5425642808132-5425643292956-5425644407677-5425645349252-5425645834826-5425646029674-5425646186820-5425646636117-5425646653103-5425646683178-5425646759339-5425646789519-5425646947516-5425646988269-5425646994179-5425646994187-5425647027028-5425647050253-5425647056877-5425647059264-5425647241678-5425647261882-5425647294978-5425647322782-5425647376370-5425647381725-5425647384940-5425647389996-5425647394615-5425647394615-5425647405804-5425647408986-5425647411291-5425647411938-5425647412044-5425647412078-5425647412098-5425647412948-5425647413122-5425647417562-5425647435342-5425647435342-5425647437112-5425647438205-5425647438777-5425647440562-5425647442850-5425647442874-5425647446221-5425647446235-5425647447271-5425647448049-5425647448049,"[""Owner"", ""Unknown""]",,,2026-07-27T08:24:48.778539+00:00,2,https://www.halooglasi.com/nekretnine/izdavanje-stanova/beograd-na-vodi-bw-parkview-moderan-stan-sa-p/5425647437112?sid=1785141458670,U pretrazi sajta možete željene oglase označiti kao izabrane i tako ih kasnije lakše pronaći. Želim da saznam više.
5425647423703,izdavanje,Bw Magnolia Stan Sa SavrŠenim Pogledom,2000.0,2.000 €,18.52,2000.0,108.0,4.0,,,,,,,,Ulica Šumatovačka 36,Savski venac,,False,,,,,,,,,,True,6,dup-5425643061118-5425645249975-5425645393853-5425647253980-5425647261836-5425647423703,"[""Owner"", ""Unknown""]",,,2026-07-27T08:24:48.778539+00:00,2,https://www.halooglasi.com/nekretnine/izdavanje-stanova/bw-magnolia-stan-sa-savrsenim-pogledom/5425647423703?kid=4&sid=1785141458670,U pretrazi sajta možete željene oglase označiti kao izabrane i tako ih kasnije lakše pronaći. Želim da saznam više.
5425647374732,izdavanje,"Lux stan kod TC Galerija, garaža, ID 9359",2000.0,2.000 €,25.0,2000.0,80.0,3.0,,,,,,,,Ulica Hercegovačka 19,Savski venac,,True,,,,,,,,,,True,36,dup-5425636664513-5425644454324-5425644469334-5425645881064-5425646382416-5425646772621-5425647137905-5425647243508-5425647261827-5425647269102-5425647292104-5425647292117-5425647294752-5425647294987-5425647298382-5425647326970-5425647374732-5425647392042-5425647409640-5425647409641-5425647414692-5425647419262-5425647423708-5425647423708-5425647430793-5425647432817-5425647432817-5425647433125-5425647434631-5425647435406-5425647438180-5425647438259-5425647442845-5425647444958-5425647447155-5425647454228,"[""Owner"", ""Unknown""]",,,2026-07-27T08:24:48.778539+00:00,2,https://www.halooglasi.com/nekretnine/izdavanje-stanova/lux-stan-kod-tc-galerija-garaza-id-9359/5425647374732?kid=1&sid=1785141458670,U pretrazi sajta možete željene oglase označiti kao izabrane i tako ih kasnije lakše pronaći. Želim da saznam više.
5425647448025,izdavanje,"Bw Perla - prostor, prestiž i komfor",3700.0,3.700 €,23.42,3700.0,158.0,4.0,,,,,,,,Ulica Milutina Milankovića 11g,Savski venac,,False,,,,,,,,,,True,3,dup-5425647142303-5425647429060-5425647448025,"[""Unknown""]",,,2026-07-27T08:24:48.778539+00:00,2,https://www.halooglasi.com/nekretnine/izdavanje-stanova/bw-perla---prostor-prestiz-i-komfor/5425647448025?kid=1&sid=1785141458670,U pretrazi sajta možete željene oglase označiti kao izabrane i tako ih kasnije lakše pronaći. Želim da saznam više.
5425647413461,izdavanje,"Residence BW, Premium,Polunamešten,3-soban, 142kvm",4300.0,4.300 €,30.28,4300.0,142.0,3.0,,,,,,BW Residence,,,Savski venac,,True,True,,,,,,,,,False,1,,[],,,2026-07-27T08:24:48.778539+00:00,2,https://www.halooglasi.com/nekretnine/izdavanje-stanova/residence-bw-premium-polunamesten-3-soban-142/5425647413461?kid=1&sid=1785141458670,U pretrazi sajta možete željene oglase označiti kao izabrane i tako ih kasnije lakše pronaći. Želim da saznam više.
5425647059264,izdavanje,BW Iris - dvosoban stan sa pogledom na grad,1150.0,1.150 €,20.28,1150.0,56.7,2.0,2.0,2-Bedroom,,,,,,Ulica Bulevar Mihajla Pupina 165g,Savski venac,,False,,,,,,,,,,True,54,dup-5425642693974-5425642808132-5425643292956-5425644407677-5425645349252-5425645834826-5425646029674-5425646186820-5425646636117-5425646653103-5425646683178-5425646759339-5425646789519-5425646947516-5425646988269-5425646994179-5425646994187-5425647027028-5425647050253-5425647056877-5425647059264-5425647241678-5425647261882-5425647294978-5425647322782-5425647376370-5425647381725-5425647384940-5425647389996-5425647394615-5425647394615-5425647405804-5425647408986-5425647411291-5425647411938-5425647412044-5425647412078-5425647412098-5425647412948-5425647413122-5425647417562-5425647435342-5425647435342-5425647437112-5425647438205-5425647438777-5425647440562-5425647442850-5425647442874-5425647446221-5425647446235-5425647447271-5425647448049-5425647448049,"[""Owner"", ""Unknown""]",,,2026-07-27T08:24:48.778539+00:00,2,https://www.halooglasi.com/nekretnine/izdavanje-stanova/bw-iris---dvosoban-stan-sa-pogledom-na-grad/5425647059264?kid=1&sid=1785141458670,U pretrazi sajta možete željene oglase označiti kao izabrane i tako ih kasnije lakše pronaći. Želim da saznam više.
